code_dept,libelle_dept,annee,taux_chomage_moyen,taux_chomage_min,taux_chomage_max,nb_trimestres
01,Ain,1982,3.95,3.8,4.1,4
01,Ain,1983,4.35,4.2,4.6,4
01,Ain,1984,5.22,4.9,5.6,4
01,Ain,1985,5.48,5.2,5.7,4
01,Ain,1986,5.38,5.2,5.5,4
01,Ain,1987,5.32,5.2,5.5,4
01,Ain,1988,4.92,4.7,5.1,4
01,Ain,1989,4.35,4.1,4.6,4
01,Ain,1990,4.05,4.0,4.2,4
01,Ain,1991,4.62,4.3,5.0,4
01,Ain,1992,5.78,5.3,6.3,4
01,Ain,1993,7.02,6.6,7.4,4
01,Ain,1994,7.4,7.1,7.6,4
01,Ain,1995,6.68,6.6,6.8,4
01,Ain,1996,6.78,6.7,6.9,4
01,Ain,1997,6.62,6.5,6.8,4
01,Ain,1998,6.05,6.0,6.2,4
01,Ain,1999,5.92,5.6,6.1,4
01,Ain,2000,4.5,3.9,5.1,4
01,Ain,2001,3.88,3.7,4.2,4
01,Ain,2002,4.45,4.3,4.6,4
01,Ain,2003,5.15,5.0,5.4,4
01,Ain,2004,5.45,5.4,5.5,4
01,Ain,2005,5.52,5.3,5.7,4
01,Ain,2006,5.4,5.2,5.6,4
01,Ain,2007,4.93,4.7,5.2,4
01,Ain,2008,4.8,4.4,5.4,4
01,Ain,2009,6.88,6.3,7.3,4
01,Ain,2010,6.75,6.5,7.0,4
01,Ain,2011,6.32,6.2,6.5,4
01,Ain,2012,6.85,6.6,7.1,4
01,Ain,2013,7.2,7.0,7.3,4
01,Ain,2014,7.08,6.9,7.3,4
01,Ain,2015,7.35,7.3,7.5,4
01,Ain,2016,7.35,7.3,7.4,4
01,Ain,2017,6.75,6.3,7.0,4
01,Ain,2018,6.3,6.2,6.4,4
01,Ain,2019,6.05,6.0,6.2,4
01,Ain,2020,6.07,5.6,6.8,4
01,Ain,2021,5.9,5.5,6.2,4
01,Ain,2022,5.4,5.3,5.5,4
01,Ain,2023,5.48,5.2,5.7,4
01,Ain,2024,5.52,5.5,5.6,4
01,Ain,2025,5.68,5.6,5.8,4
02,Aisne,1982,8.38,8.2,8.5,4
02,Aisne,1983,8.7,8.5,9.1,4
02,Aisne,1984,10.15,9.6,10.5,4
02,Aisne,1985,10.38,10.3,10.5,4
02,Aisne,1986,10.42,10.2,10.6,4
02,Aisne,1987,10.4,10.3,10.6,4
02,Aisne,1988,10.2,10.0,10.4,4
02,Aisne,1989,9.3,9.1,9.7,4
02,Aisne,1990,8.7,8.5,8.9,4
02,Aisne,1991,8.48,8.2,8.8,4
02,Aisne,1992,9.25,9.1,9.4,4
02,Aisne,1993,10.45,9.7,11.2,4
02,Aisne,1994,11.62,11.5,11.7,4
02,Aisne,1995,10.95,10.8,11.2,4
02,Aisne,1996,11.48,11.2,11.7,4
02,Aisne,1997,11.88,11.8,11.9,4
02,Aisne,1998,11.5,11.4,11.6,4
02,Aisne,1999,11.48,11.2,11.7,4
02,Aisne,2000,10.35,10.0,10.8,4
02,Aisne,2001,9.7,9.5,9.9,4
02,Aisne,2002,9.33,9.3,9.4,4
02,Aisne,2003,10.05,9.9,10.3,4
02,Aisne,2004,10.5,10.4,10.6,4
02,Aisne,2005,10.9,10.4,11.4,4
02,Aisne,2006,11.08,10.6,11.4,4
02,Aisne,2007,10.17,9.7,10.7,4
02,Aisne,2008,9.78,9.3,10.3,4
02,Aisne,2009,12.12,11.3,12.7,4
02,Aisne,2010,12.5,12.5,12.5,4
02,Aisne,2011,12.62,12.5,13.0,4
02,Aisne,2012,13.68,13.3,14.2,4
02,Aisne,2013,14.2,13.9,14.4,4
02,Aisne,2014,13.9,13.8,14.0,4
02,Aisne,2015,13.85,13.8,14.0,4
02,Aisne,2016,13.62,13.4,13.8,4
02,Aisne,2017,12.98,12.5,13.2,4
02,Aisne,2018,12.38,12.0,12.9,4
02,Aisne,2019,11.6,11.3,12.1,4
02,Aisne,2020,10.98,9.6,12.1,4
02,Aisne,2021,10.95,10.6,11.3,4
02,Aisne,2022,10.35,10.2,10.5,4
02,Aisne,2023,10.45,10.3,10.7,4
02,Aisne,2024,10.42,10.0,10.7,4
02,Aisne,2025,10.35,10.2,10.6,4
03,Allier,1982,7.55,7.3,7.7,4
03,Allier,1983,7.9,7.7,8.4,4
03,Allier,1984,10.2,9.3,10.7,4
03,Allier,1985,10.6,10.4,10.7,4
03,Allier,1986,10.78,10.5,11.0,4
03,Allier,1987,10.95,10.7,11.3,4
03,Allier,1988,10.58,10.4,10.7,4
03,Allier,1989,10.05,9.9,10.2,4
03,Allier,1990,10.25,10.1,10.3,4
03,Allier,1991,10.45,10.3,10.6,4
03,Allier,1992,10.6,10.5,10.8,4
03,Allier,1993,10.7,10.3,11.2,4
03,Allier,1994,11.3,11.0,11.5,4
03,Allier,1995,10.45,10.2,10.7,4
03,Allier,1996,11.15,10.9,11.3,4
03,Allier,1997,11.12,10.9,11.2,4
03,Allier,1998,10.38,10.3,10.5,4
03,Allier,1999,10.05,9.6,10.3,4
03,Allier,2000,8.48,8.2,9.0,4
03,Allier,2001,8.02,7.7,8.4,4
03,Allier,2002,7.58,7.5,7.7,4
03,Allier,2003,7.9,7.8,8.1,4
03,Allier,2004,8.35,8.2,8.5,4
03,Allier,2005,8.4,8.1,8.7,4
03,Allier,2006,8.5,8.1,8.7,4
03,Allier,2007,7.72,7.2,8.2,4
03,Allier,2008,7.25,6.8,7.8,4
03,Allier,2009,9.05,8.6,9.5,4
03,Allier,2010,9.15,9.1,9.2,4
03,Allier,2011,9.18,9.0,9.4,4
03,Allier,2012,9.82,9.5,10.2,4
03,Allier,2013,10.2,10.1,10.3,4
03,Allier,2014,10.28,10.1,10.5,4
03,Allier,2015,10.58,10.4,10.7,4
03,Allier,2016,10.38,10.2,10.6,4
03,Allier,2017,9.7,9.3,9.9,4
03,Allier,2018,9.35,9.1,9.6,4
03,Allier,2019,8.9,8.7,9.2,4
03,Allier,2020,8.45,7.8,9.4,4
03,Allier,2021,8.15,7.8,8.4,4
03,Allier,2022,7.62,7.4,7.8,4
03,Allier,2023,7.72,7.5,7.9,4
03,Allier,2024,7.88,7.8,7.9,4
03,Allier,2025,7.98,7.8,8.2,4
04,Alpes-de-Haute-Provence,1982,5.75,5.5,6.0,4
04,Alpes-de-Haute-Provence,1983,6.3,6.1,6.6,4
04,Alpes-de-Haute-Provence,1984,7.1,6.8,7.5,4
04,Alpes-de-Haute-Provence,1985,7.6,7.4,7.7,4
04,Alpes-de-Haute-Provence,1986,7.48,7.3,7.6,4
04,Alpes-de-Haute-Provence,1987,7.15,7.0,7.4,4
04,Alpes-de-Haute-Provence,1988,6.9,6.8,7.0,4
04,Alpes-de-Haute-Provence,1989,6.7,6.6,6.8,4
04,Alpes-de-Haute-Provence,1990,7.22,7.0,7.3,4
04,Alpes-de-Haute-Provence,1991,7.32,7.1,7.7,4
04,Alpes-de-Haute-Provence,1992,8.45,8.2,8.7,4
04,Alpes-de-Haute-Provence,1993,9.25,9.0,9.5,4
04,Alpes-de-Haute-Provence,1994,9.62,9.5,9.7,4
04,Alpes-de-Haute-Provence,1995,9.15,8.9,9.4,4
04,Alpes-de-Haute-Provence,1996,9.78,9.5,10.0,4
04,Alpes-de-Haute-Provence,1997,10.35,10.1,10.5,4
04,Alpes-de-Haute-Provence,1998,10.42,10.4,10.5,4
04,Alpes-de-Haute-Provence,1999,10.38,10.1,10.6,4
04,Alpes-de-Haute-Provence,2000,9.48,9.1,9.9,4
04,Alpes-de-Haute-Provence,2001,8.9,8.8,9.0,4
04,Alpes-de-Haute-Provence,2002,8.62,8.5,8.8,4
04,Alpes-de-Haute-Provence,2003,8.7,8.5,8.8,4
04,Alpes-de-Haute-Provence,2004,8.8,8.5,9.0,4
04,Alpes-de-Haute-Provence,2005,9.02,8.8,9.3,4
04,Alpes-de-Haute-Provence,2006,9.1,8.7,9.4,4
04,Alpes-de-Haute-Provence,2007,8.68,8.3,9.0,4
04,Alpes-de-Haute-Provence,2008,8.18,7.9,8.6,4
04,Alpes-de-Haute-Provence,2009,9.57,9.2,9.9,4
04,Alpes-de-Haute-Provence,2010,9.62,9.6,9.7,4
04,Alpes-de-Haute-Provence,2011,9.88,9.6,10.1,4
04,Alpes-de-Haute-Provence,2012,10.58,10.2,11.0,4
04,Alpes-de-Haute-Provence,2013,11.15,11.1,11.3,4
04,Alpes-de-Haute-Provence,2014,11.2,11.0,11.4,4
04,Alpes-de-Haute-Provence,2015,11.35,11.2,11.6,4
04,Alpes-de-Haute-Provence,2016,11.08,10.9,11.2,4
04,Alpes-de-Haute-Provence,2017,10.7,10.4,10.9,4
04,Alpes-de-Haute-Provence,2018,10.4,10.1,10.7,4
04,Alpes-de-Haute-Provence,2019,9.75,9.3,10.2,4
04,Alpes-de-Haute-Provence,2020,9.12,8.4,10.2,4
04,Alpes-de-Haute-Provence,2021,8.82,8.3,9.2,4
04,Alpes-de-Haute-Provence,2022,8.22,8.1,8.3,4
04,Alpes-de-Haute-Provence,2023,8.12,8.0,8.3,4
04,Alpes-de-Haute-Provence,2024,7.92,7.7,8.1,4
04,Alpes-de-Haute-Provence,2025,8.0,7.9,8.2,4
05,Hautes-Alpes,1982,5.03,4.9,5.3,4
05,Hautes-Alpes,1983,5.98,5.7,6.4,4
05,Hautes-Alpes,1984,6.72,6.7,6.8,4
05,Hautes-Alpes,1985,6.72,6.6,6.8,4
05,Hautes-Alpes,1986,6.78,6.5,6.9,4
05,Hautes-Alpes,1987,6.7,6.6,6.9,4
05,Hautes-Alpes,1988,6.62,6.6,6.7,4
05,Hautes-Alpes,1989,6.72,6.7,6.8,4
05,Hautes-Alpes,1990,6.18,5.9,6.6,4
05,Hautes-Alpes,1991,6.22,5.8,6.6,4
05,Hautes-Alpes,1992,7.1,7.0,7.2,4
05,Hautes-Alpes,1993,7.5,7.3,7.7,4
05,Hautes-Alpes,1994,7.8,7.8,7.8,4
05,Hautes-Alpes,1995,7.35,7.2,7.5,4
05,Hautes-Alpes,1996,7.92,7.7,8.0,4
05,Hautes-Alpes,1997,8.48,8.2,8.6,4
05,Hautes-Alpes,1998,8.78,8.6,9.0,4
05,Hautes-Alpes,1999,8.55,8.0,9.1,4
05,Hautes-Alpes,2000,7.18,6.8,7.8,4
05,Hautes-Alpes,2001,7.05,6.8,7.2,4
05,Hautes-Alpes,2002,6.82,6.6,7.0,4
05,Hautes-Alpes,2003,7.0,6.8,7.3,4
05,Hautes-Alpes,2004,7.35,7.3,7.4,4
05,Hautes-Alpes,2005,7.45,7.2,7.6,4
05,Hautes-Alpes,2006,7.4,7.1,7.6,4
05,Hautes-Alpes,2007,7.22,6.9,7.5,4
05,Hautes-Alpes,2008,6.62,6.4,6.9,4
05,Hautes-Alpes,2009,7.55,7.3,7.8,4
05,Hautes-Alpes,2010,7.65,7.5,7.8,4
05,Hautes-Alpes,2011,8.02,7.8,8.3,4
05,Hautes-Alpes,2012,8.57,8.3,8.9,4
05,Hautes-Alpes,2013,9.25,9.1,9.4,4
05,Hautes-Alpes,2014,9.22,9.1,9.3,4
05,Hautes-Alpes,2015,9.45,9.3,9.6,4
05,Hautes-Alpes,2016,9.25,9.1,9.4,4
05,Hautes-Alpes,2017,8.68,8.4,8.9,4
05,Hautes-Alpes,2018,8.48,8.3,8.6,4
05,Hautes-Alpes,2019,7.98,7.8,8.2,4
05,Hautes-Alpes,2020,7.68,7.1,8.4,4
05,Hautes-Alpes,2021,7.95,6.9,9.6,4
05,Hautes-Alpes,2022,6.75,6.6,6.9,4
05,Hautes-Alpes,2023,6.55,6.5,6.6,4
05,Hautes-Alpes,2024,6.22,6.0,6.5,4
05,Hautes-Alpes,2025,6.38,6.2,6.5,4
06,Alpes-Maritimes,1982,8.88,8.5,9.2,4
06,Alpes-Maritimes,1983,9.38,9.1,9.7,4
06,Alpes-Maritimes,1984,9.75,9.4,10.2,4
06,Alpes-Maritimes,1985,9.78,9.7,9.8,4
06,Alpes-Maritimes,1986,9.15,9.0,9.3,4
06,Alpes-Maritimes,1987,8.7,8.6,8.9,4
06,Alpes-Maritimes,1988,8.22,8.0,8.4,4
06,Alpes-Maritimes,1989,7.48,7.3,7.7,4
06,Alpes-Maritimes,1990,7.62,7.5,7.7,4
06,Alpes-Maritimes,1991,8.28,7.9,8.6,4
06,Alpes-Maritimes,1992,9.28,8.9,9.7,4
06,Alpes-Maritimes,1993,10.65,10.1,11.3,4
06,Alpes-Maritimes,1994,11.35,11.2,11.5,4
06,Alpes-Maritimes,1995,10.98,10.9,11.1,4
06,Alpes-Maritimes,1996,11.5,11.3,11.6,4
06,Alpes-Maritimes,1997,11.52,11.4,11.6,4
06,Alpes-Maritimes,1998,11.05,10.9,11.2,4
06,Alpes-Maritimes,1999,10.62,10.2,10.9,4
06,Alpes-Maritimes,2000,9.1,8.5,9.7,4
06,Alpes-Maritimes,2001,8.2,8.1,8.4,4
06,Alpes-Maritimes,2002,8.07,8.0,8.1,4
06,Alpes-Maritimes,2003,8.5,8.4,8.6,4
06,Alpes-Maritimes,2004,8.45,8.4,8.6,4
06,Alpes-Maritimes,2005,8.35,8.2,8.5,4
06,Alpes-Maritimes,2006,8.2,7.9,8.4,4
06,Alpes-Maritimes,2007,7.38,6.8,7.9,4
06,Alpes-Maritimes,2008,6.6,6.5,6.9,4
06,Alpes-Maritimes,2009,8.28,7.7,8.7,4
06,Alpes-Maritimes,2010,8.45,8.4,8.5,4
06,Alpes-Maritimes,2011,8.62,8.4,8.9,4
06,Alpes-Maritimes,2012,9.3,9.0,9.7,4
06,Alpes-Maritimes,2013,10.05,9.9,10.2,4
06,Alpes-Maritimes,2014,10.3,10.1,10.6,4
06,Alpes-Maritimes,2015,10.52,10.4,10.8,4
06,Alpes-Maritimes,2016,10.32,10.1,10.5,4
06,Alpes-Maritimes,2017,9.8,9.4,10.0,4
06,Alpes-Maritimes,2018,9.35,9.1,9.7,4
06,Alpes-Maritimes,2019,8.75,8.4,9.1,4
06,Alpes-Maritimes,2020,8.78,8.0,10.0,4
06,Alpes-Maritimes,2021,8.55,7.8,9.0,4
06,Alpes-Maritimes,2022,7.35,7.1,7.5,4
06,Alpes-Maritimes,2023,7.08,7.0,7.2,4
06,Alpes-Maritimes,2024,6.75,6.6,7.0,4
06,Alpes-Maritimes,2025,6.98,6.8,7.2,4
07,Ardèche,1982,6.9,6.6,7.2,4
07,Ardèche,1983,7.48,7.2,7.8,4
07,Ardèche,1984,8.65,8.2,8.9,4
07,Ardèche,1985,8.68,8.5,8.9,4
07,Ardèche,1986,8.55,8.4,8.7,4
07,Ardèche,1987,8.57,8.4,8.7,4
07,Ardèche,1988,8.12,8.0,8.3,4
07,Ardèche,1989,7.65,7.5,7.8,4
07,Ardèche,1990,7.93,7.8,8.0,4
07,Ardèche,1991,8.22,7.9,8.5,4
07,Ardèche,1992,9.02,8.8,9.2,4
07,Ardèche,1993,9.85,9.4,10.3,4
07,Ardèche,1994,10.32,9.9,10.6,4
07,Ardèche,1995,9.5,9.3,9.7,4
07,Ardèche,1996,10.42,10.1,10.6,4
07,Ardèche,1997,10.18,10.0,10.5,4
07,Ardèche,1998,9.93,9.7,10.1,4
07,Ardèche,1999,9.93,9.6,10.1,4
07,Ardèche,2000,8.35,7.7,9.3,4
07,Ardèche,2001,7.72,7.5,8.0,4
07,Ardèche,2002,8.0,8.0,8.0,4
07,Ardèche,2003,8.38,8.2,8.6,4
07,Ardèche,2004,8.7,8.6,8.8,4
07,Ardèche,2005,8.78,8.5,9.0,4
07,Ardèche,2006,8.93,8.6,9.1,4
07,Ardèche,2007,8.35,7.9,8.8,4
07,Ardèche,2008,7.9,7.5,8.5,4
07,Ardèche,2009,9.35,9.0,9.8,4
07,Ardèche,2010,9.28,9.2,9.4,4
07,Ardèche,2011,9.25,9.0,9.6,4
07,Ardèche,2012,10.02,9.6,10.5,4
07,Ardèche,2013,10.6,10.3,10.8,4
07,Ardèche,2014,10.45,10.4,10.6,4
07,Ardèche,2015,10.7,10.5,10.8,4
07,Ardèche,2016,10.62,10.5,10.7,4
07,Ardèche,2017,10.07,9.8,10.2,4
07,Ardèche,2018,9.78,9.6,10.0,4
07,Ardèche,2019,9.12,9.0,9.4,4
07,Ardèche,2020,8.7,7.9,9.7,4
07,Ardèche,2021,8.65,8.2,8.9,4
07,Ardèche,2022,8.05,7.9,8.2,4
07,Ardèche,2023,7.95,7.8,8.1,4
07,Ardèche,2024,7.82,7.6,8.0,4
07,Ardèche,2025,7.8,7.7,8.0,4
08,Ardennes,1982,8.93,8.7,9.1,4
08,Ardennes,1983,9.2,8.9,9.7,4
08,Ardennes,1984,11.02,10.3,11.6,4
08,Ardennes,1985,11.68,11.5,11.8,4
08,Ardennes,1986,11.08,11.0,11.2,4
08,Ardennes,1987,11.32,11.2,11.4,4
08,Ardennes,1988,10.88,10.6,11.2,4
08,Ardennes,1989,9.78,9.5,10.2,4
08,Ardennes,1990,9.72,9.6,9.8,4
08,Ardennes,1991,10.12,9.9,10.3,4
08,Ardennes,1992,10.75,10.5,11.2,4
08,Ardennes,1993,12.18,11.6,12.7,4
08,Ardennes,1994,12.72,12.3,13.0,4
08,Ardennes,1995,11.95,11.7,12.3,4
08,Ardennes,1996,13.3,12.7,13.6,4
08,Ardennes,1997,13.68,13.4,13.8,4
08,Ardennes,1998,12.62,12.5,12.9,4
08,Ardennes,1999,12.25,11.7,12.5,4
08,Ardennes,2000,10.85,10.6,11.3,4
08,Ardennes,2001,10.3,10.1,10.6,4
08,Ardennes,2002,10.2,10.1,10.3,4
08,Ardennes,2003,11.05,10.6,11.6,4
08,Ardennes,2004,11.4,11.3,11.7,4
08,Ardennes,2005,11.42,11.0,11.9,4
08,Ardennes,2006,11.8,11.0,12.2,4
08,Ardennes,2007,10.32,9.7,10.9,4
08,Ardennes,2008,9.75,9.4,10.3,4
08,Ardennes,2009,11.8,11.6,12.3,4
08,Ardennes,2010,10.85,10.5,11.2,4
08,Ardennes,2011,10.75,10.4,11.2,4
08,Ardennes,2012,11.82,11.3,12.4,4
08,Ardennes,2013,12.5,12.1,12.7,4
08,Ardennes,2014,12.22,12.1,12.6,4
08,Ardennes,2015,12.48,12.1,12.8,4
08,Ardennes,2016,12.0,11.8,12.2,4
08,Ardennes,2017,11.05,10.4,11.5,4
08,Ardennes,2018,10.42,10.2,10.7,4
08,Ardennes,2019,10.0,9.9,10.2,4
08,Ardennes,2020,9.6,8.5,10.6,4
08,Ardennes,2021,9.48,9.3,9.7,4
08,Ardennes,2022,9.3,9.1,9.5,4
08,Ardennes,2023,9.62,9.3,9.9,4
08,Ardennes,2024,9.75,9.5,9.9,4
08,Ardennes,2025,9.8,9.6,10.1,4
09,Ariège,1982,7.35,7.3,7.4,4
09,Ariège,1983,7.08,6.9,7.3,4
09,Ariège,1984,7.68,7.3,7.9,4
09,Ariège,1985,7.55,7.4,7.8,4
09,Ariège,1986,7.12,7.1,7.2,4
09,Ariège,1987,7.52,7.5,7.6,4
09,Ariège,1988,7.28,7.0,7.5,4
09,Ariège,1989,7.12,6.9,7.3,4
09,Ariège,1990,7.6,7.4,7.8,4
09,Ariège,1991,7.75,7.5,8.0,4
09,Ariège,1992,8.4,8.0,8.7,4
09,Ariège,1993,9.3,8.8,9.8,4
09,Ariège,1994,10.05,9.9,10.2,4
09,Ariège,1995,9.55,9.4,9.8,4
09,Ariège,1996,9.95,9.7,10.1,4
09,Ariège,1997,10.22,10.2,10.3,4
09,Ariège,1998,9.95,9.8,10.1,4
09,Ariège,1999,9.98,9.7,10.1,4
09,Ariège,2000,9.1,8.7,9.5,4
09,Ariège,2001,8.28,8.0,8.6,4
09,Ariège,2002,7.98,7.9,8.0,4
09,Ariège,2003,8.38,8.3,8.6,4
09,Ariège,2004,8.78,8.6,8.9,4
09,Ariège,2005,9.22,8.8,9.6,4
09,Ariège,2006,9.57,9.3,9.7,4
09,Ariège,2007,8.88,8.4,9.4,4
09,Ariège,2008,8.3,7.9,8.7,4
09,Ariège,2009,10.15,9.6,10.6,4
09,Ariège,2010,10.3,10.2,10.4,4
09,Ariège,2011,10.55,10.2,11.1,4
09,Ariège,2012,11.58,11.3,12.1,4
09,Ariège,2013,12.28,12.0,12.5,4
09,Ariège,2014,12.08,11.9,12.4,4
09,Ariège,2015,12.28,12.1,12.5,4
09,Ariège,2016,11.95,11.8,12.1,4
09,Ariège,2017,11.48,11.1,11.7,4
09,Ariège,2018,11.18,10.9,11.4,4
09,Ariège,2019,10.6,10.3,11.0,4
09,Ariège,2020,9.8,8.6,10.9,4
09,Ariège,2021,9.7,9.3,10.1,4
09,Ariège,2022,9.35,9.3,9.5,4
09,Ariège,2023,9.38,9.2,9.5,4
09,Ariège,2024,9.18,9.0,9.4,4
09,Ariège,2025,9.28,9.1,9.4,4
10,Aube,1982,6.08,6.0,6.2,4
10,Aube,1983,6.08,5.8,6.5,4
10,Aube,1984,7.75,6.9,8.4,4
10,Aube,1985,8.75,8.5,9.0,4
10,Aube,1986,8.8,8.7,8.9,4
10,Aube,1987,8.9,8.9,8.9,4
10,Aube,1988,8.72,8.6,8.9,4
10,Aube,1989,7.98,7.8,8.3,4
10,Aube,1990,7.6,7.5,7.7,4
10,Aube,1991,7.95,7.6,8.4,4
10,Aube,1992,8.72,8.6,8.9,4
10,Aube,1993,9.75,9.2,10.3,4
10,Aube,1994,10.48,10.2,10.7,4
10,Aube,1995,10.07,10.0,10.2,4
10,Aube,1996,10.4,10.3,10.5,4
10,Aube,1997,10.38,10.1,10.6,4
10,Aube,1998,9.6,9.5,9.7,4
10,Aube,1999,9.3,8.9,9.6,4
10,Aube,2000,8.02,7.7,8.5,4
10,Aube,2001,7.68,7.6,7.8,4
10,Aube,2002,7.9,7.8,8.0,4
10,Aube,2003,8.72,8.4,9.3,4
10,Aube,2004,9.05,9.0,9.2,4
10,Aube,2005,9.1,8.7,9.5,4
10,Aube,2006,9.3,8.7,9.7,4
10,Aube,2007,8.2,7.8,8.7,4
10,Aube,2008,7.75,7.5,8.0,4
10,Aube,2009,9.15,8.7,9.5,4
10,Aube,2010,9.28,9.2,9.4,4
10,Aube,2011,9.75,9.5,10.2,4
10,Aube,2012,10.78,10.2,11.4,4
10,Aube,2013,11.75,11.6,11.9,4
10,Aube,2014,12.15,11.9,12.6,4
10,Aube,2015,12.72,12.5,13.0,4
10,Aube,2016,12.62,12.4,12.9,4
10,Aube,2017,11.95,11.3,12.4,4
10,Aube,2018,11.35,11.0,11.9,4
10,Aube,2019,10.68,10.3,11.2,4
10,Aube,2020,9.93,8.8,10.8,4
10,Aube,2021,9.93,9.5,10.3,4
10,Aube,2022,9.45,9.3,9.6,4
10,Aube,2023,9.52,9.3,9.7,4
10,Aube,2024,9.52,9.2,9.7,4
10,Aube,2025,9.38,9.2,9.6,4
11,Aude,1982,7.58,7.4,7.8,4
11,Aude,1983,8.28,8.0,8.6,4
11,Aude,1984,9.82,9.3,10.4,4
11,Aude,1985,10.1,9.7,10.5,4
11,Aude,1986,10.07,9.7,10.4,4
11,Aude,1987,10.32,10.2,10.5,4
11,Aude,1988,10.15,10.0,10.2,4
11,Aude,1989,10.1,10.0,10.2,4
11,Aude,1990,10.72,10.6,10.9,4
11,Aude,1991,10.98,10.8,11.2,4
11,Aude,1992,11.35,11.0,11.6,4
11,Aude,1993,11.12,10.9,11.5,4
11,Aude,1994,11.55,11.4,11.6,4
11,Aude,1995,11.25,11.1,11.5,4
11,Aude,1996,12.2,11.9,12.5,4
11,Aude,1997,12.68,12.6,12.7,4
11,Aude,1998,12.9,12.7,13.1,4
11,Aude,1999,12.78,12.3,13.1,4
11,Aude,2000,11.28,10.6,11.9,4
11,Aude,2001,10.07,10.0,10.2,4
11,Aude,2002,9.75,9.6,10.0,4
11,Aude,2003,9.98,9.7,10.3,4
11,Aude,2004,10.48,10.4,10.6,4
11,Aude,2005,10.5,10.1,10.9,4
11,Aude,2006,10.8,10.5,11.0,4
11,Aude,2007,10.1,9.7,10.5,4
11,Aude,2008,9.72,9.2,10.3,4
11,Aude,2009,11.48,10.9,12.0,4
11,Aude,2010,11.98,11.8,12.1,4
11,Aude,2011,12.2,12.0,12.5,4
11,Aude,2012,13.05,12.7,13.7,4
11,Aude,2013,13.92,13.8,14.1,4
11,Aude,2014,14.1,13.9,14.4,4
11,Aude,2015,14.2,14.0,14.5,4
11,Aude,2016,13.58,13.3,13.9,4
11,Aude,2017,12.65,12.3,12.9,4
11,Aude,2018,12.32,12.1,12.6,4
11,Aude,2019,11.55,11.0,12.2,4
11,Aude,2020,10.68,9.5,11.8,4
11,Aude,2021,10.72,10.2,11.0,4
11,Aude,2022,10.05,9.9,10.2,4
11,Aude,2023,10.15,9.9,10.4,4
11,Aude,2024,10.25,10.1,10.4,4
11,Aude,2025,10.45,10.2,10.8,4
12,Aveyron,1982,5.38,5.2,5.5,4
12,Aveyron,1983,5.72,5.6,6.0,4
12,Aveyron,1984,6.35,6.2,6.5,4
12,Aveyron,1985,6.5,6.4,6.6,4
12,Aveyron,1986,6.4,6.3,6.5,4
12,Aveyron,1987,6.25,6.1,6.4,4
12,Aveyron,1988,5.92,5.7,6.1,4
12,Aveyron,1989,5.48,5.4,5.6,4
12,Aveyron,1990,5.42,5.3,5.5,4
12,Aveyron,1991,5.3,5.3,5.3,4
12,Aveyron,1992,5.52,5.4,5.6,4
12,Aveyron,1993,5.7,5.5,5.9,4
12,Aveyron,1994,6.0,5.9,6.1,4
12,Aveyron,1995,5.72,5.6,5.9,4
12,Aveyron,1996,6.18,6.0,6.3,4
12,Aveyron,1997,6.22,6.2,6.3,4
12,Aveyron,1998,5.98,5.9,6.1,4
12,Aveyron,1999,5.9,5.7,6.0,4
12,Aveyron,2000,5.22,4.9,5.5,4
12,Aveyron,2001,4.68,4.6,4.7,4
12,Aveyron,2002,4.8,4.7,4.9,4
12,Aveyron,2003,5.15,5.1,5.2,4
12,Aveyron,2004,5.22,5.2,5.3,4
12,Aveyron,2005,5.3,5.1,5.5,4
12,Aveyron,2006,5.58,5.3,5.7,4
12,Aveyron,2007,5.0,4.8,5.2,4
12,Aveyron,2008,4.92,4.6,5.3,4
12,Aveyron,2009,6.2,5.9,6.5,4
12,Aveyron,2010,6.32,6.3,6.4,4
12,Aveyron,2011,6.22,6.1,6.4,4
12,Aveyron,2012,6.82,6.4,7.3,4
12,Aveyron,2013,7.5,7.3,7.7,4
12,Aveyron,2014,7.32,7.3,7.4,4
12,Aveyron,2015,7.45,7.3,7.5,4
12,Aveyron,2016,7.3,7.2,7.4,4
12,Aveyron,2017,6.92,6.6,7.1,4
12,Aveyron,2018,6.6,6.4,6.7,4
12,Aveyron,2019,6.35,6.3,6.5,4
12,Aveyron,2020,6.1,5.6,6.8,4
12,Aveyron,2021,6.0,5.7,6.2,4
12,Aveyron,2022,5.7,5.6,5.9,4
12,Aveyron,2023,5.72,5.6,5.8,4
12,Aveyron,2024,5.6,5.4,5.8,4
12,Aveyron,2025,5.6,5.5,5.8,4
13,Bouches-du-Rhône,1982,8.93,8.8,9.2,4
13,Bouches-du-Rhône,1983,9.07,8.9,9.2,4
13,Bouches-du-Rhône,1984,10.45,10.0,10.9,4
13,Bouches-du-Rhône,1985,11.02,10.9,11.1,4
13,Bouches-du-Rhône,1986,11.18,10.8,11.5,4
13,Bouches-du-Rhône,1987,11.6,11.5,11.7,4
13,Bouches-du-Rhône,1988,11.6,11.5,11.7,4
13,Bouches-du-Rhône,1989,11.1,11.0,11.3,4
13,Bouches-du-Rhône,1990,11.3,11.2,11.4,4
13,Bouches-du-Rhône,1991,11.7,11.3,12.2,4
13,Bouches-du-Rhône,1992,13.02,12.6,13.5,4
13,Bouches-du-Rhône,1993,14.25,13.7,14.7,4
13,Bouches-du-Rhône,1994,15.05,14.9,15.2,4
13,Bouches-du-Rhône,1995,14.48,14.3,14.8,4
13,Bouches-du-Rhône,1996,15.1,14.7,15.4,4
13,Bouches-du-Rhône,1997,15.68,15.6,15.8,4
13,Bouches-du-Rhône,1998,15.3,15.2,15.4,4
13,Bouches-du-Rhône,1999,15.27,14.7,15.6,4
13,Bouches-du-Rhône,2000,13.42,12.8,14.1,4
13,Bouches-du-Rhône,2001,12.12,11.8,12.4,4
13,Bouches-du-Rhône,2002,11.15,10.9,11.5,4
13,Bouches-du-Rhône,2003,11.25,11.0,11.4,4
13,Bouches-du-Rhône,2004,11.18,11.0,11.4,4
13,Bouches-du-Rhône,2005,11.15,10.8,11.5,4
13,Bouches-du-Rhône,2006,11.38,10.9,11.7,4
13,Bouches-du-Rhône,2007,10.62,9.9,11.2,4
13,Bouches-du-Rhône,2008,9.5,9.4,9.7,4
13,Bouches-du-Rhône,2009,11.05,10.5,11.6,4
13,Bouches-du-Rhône,2010,11.38,11.3,11.5,4
13,Bouches-du-Rhône,2011,11.52,11.4,11.7,4
13,Bouches-du-Rhône,2012,11.85,11.7,12.1,4
13,Bouches-du-Rhône,2013,12.18,11.9,12.4,4
13,Bouches-du-Rhône,2014,12.0,11.9,12.2,4
13,Bouches-du-Rhône,2015,12.02,11.9,12.2,4
13,Bouches-du-Rhône,2016,11.72,11.5,12.0,4
13,Bouches-du-Rhône,2017,11.3,10.9,11.5,4
13,Bouches-du-Rhône,2018,10.92,10.6,11.3,4
13,Bouches-du-Rhône,2019,10.1,9.7,10.6,4
13,Bouches-du-Rhône,2020,9.35,8.4,10.3,4
13,Bouches-du-Rhône,2021,9.2,8.8,9.5,4
13,Bouches-du-Rhône,2022,8.75,8.6,8.9,4
13,Bouches-du-Rhône,2023,8.6,8.5,8.7,4
13,Bouches-du-Rhône,2024,8.5,8.3,8.7,4
13,Bouches-du-Rhône,2025,8.78,8.6,9.0,4
14,Calvados,1982,8.98,8.9,9.1,4
14,Calvados,1983,9.25,9.1,9.5,4
14,Calvados,1984,10.32,9.9,10.7,4
14,Calvados,1985,10.7,10.4,10.9,4
14,Calvados,1986,10.4,10.3,10.5,4
14,Calvados,1987,10.65,10.6,10.7,4
14,Calvados,1988,9.82,9.5,10.4,4
14,Calvados,1989,8.82,8.7,9.1,4
14,Calvados,1990,8.38,8.2,8.6,4
14,Calvados,1991,8.32,8.1,8.6,4
14,Calvados,1992,8.93,8.7,9.2,4
14,Calvados,1993,9.88,9.4,10.3,4
14,Calvados,1994,10.5,10.3,10.6,4
14,Calvados,1995,9.82,9.5,10.1,4
14,Calvados,1996,10.8,10.6,10.9,4
14,Calvados,1997,10.95,10.8,11.0,4
14,Calvados,1998,10.22,10.1,10.5,4
14,Calvados,1999,9.78,9.3,10.1,4
14,Calvados,2000,8.38,7.9,8.9,4
14,Calvados,2001,7.7,7.6,7.8,4
14,Calvados,2002,7.72,7.6,7.8,4
14,Calvados,2003,8.48,8.3,8.8,4
14,Calvados,2004,8.68,8.6,8.8,4
14,Calvados,2005,8.78,8.5,9.0,4
14,Calvados,2006,8.72,8.3,9.0,4
14,Calvados,2007,7.75,7.1,8.4,4
14,Calvados,2008,7.02,6.7,7.7,4
14,Calvados,2009,8.82,8.5,9.1,4
14,Calvados,2010,8.88,8.8,9.0,4
14,Calvados,2011,8.82,8.7,9.0,4
14,Calvados,2012,9.4,9.1,9.8,4
14,Calvados,2013,9.75,9.5,9.9,4
14,Calvados,2014,9.75,9.6,10.0,4
14,Calvados,2015,9.9,9.8,10.1,4
14,Calvados,2016,9.4,9.2,9.7,4
14,Calvados,2017,8.7,8.3,8.9,4
14,Calvados,2018,8.38,8.1,8.6,4
14,Calvados,2019,7.7,7.5,8.0,4
14,Calvados,2020,7.4,6.9,8.2,4
14,Calvados,2021,7.02,6.5,7.4,4
14,Calvados,2022,6.38,6.2,6.5,4
14,Calvados,2023,6.4,6.2,6.6,4
14,Calvados,2024,6.6,6.5,6.7,4
14,Calvados,2025,6.88,6.7,7.1,4
15,Cantal,1982,7.15,6.8,7.4,4
15,Cantal,1983,7.3,7.2,7.5,4
15,Cantal,1984,8.48,7.8,9.1,4
15,Cantal,1985,9.02,8.8,9.2,4
15,Cantal,1986,9.3,9.2,9.4,4
15,Cantal,1987,9.25,9.0,9.4,4
15,Cantal,1988,9.02,8.9,9.2,4
15,Cantal,1989,8.72,8.6,8.8,4
15,Cantal,1990,8.55,8.4,8.6,4
15,Cantal,1991,8.38,8.2,8.7,4
15,Cantal,1992,8.88,8.7,9.0,4
15,Cantal,1993,9.02,8.6,9.5,4
15,Cantal,1994,9.1,8.7,9.4,4
15,Cantal,1995,8.15,7.9,8.5,4
15,Cantal,1996,8.65,8.4,8.9,4
15,Cantal,1997,8.93,8.8,9.0,4
15,Cantal,1998,8.43,8.3,8.6,4
15,Cantal,1999,7.95,7.5,8.2,4
15,Cantal,2000,6.82,6.6,7.2,4
15,Cantal,2001,6.48,6.0,6.9,4
15,Cantal,2002,5.62,5.5,5.8,4
15,Cantal,2003,5.55,5.5,5.7,4
15,Cantal,2004,5.85,5.8,5.9,4
15,Cantal,2005,5.95,5.7,6.2,4
15,Cantal,2006,6.08,5.7,6.3,4
15,Cantal,2007,5.52,5.2,5.9,4
15,Cantal,2008,5.1,4.8,5.4,4
15,Cantal,2009,6.0,5.8,6.1,4
15,Cantal,2010,5.58,5.5,5.7,4
15,Cantal,2011,5.8,5.6,6.1,4
15,Cantal,2012,6.45,6.2,6.8,4
15,Cantal,2013,6.8,6.6,7.0,4
15,Cantal,2014,6.52,6.5,6.6,4
15,Cantal,2015,6.5,6.4,6.6,4
15,Cantal,2016,6.22,6.1,6.4,4
15,Cantal,2017,5.65,5.3,5.9,4
15,Cantal,2018,5.3,5.1,5.4,4
15,Cantal,2019,4.92,4.8,5.1,4
15,Cantal,2020,4.75,4.4,5.4,4
15,Cantal,2021,4.3,4.0,4.6,4
15,Cantal,2022,4.03,4.0,4.1,4
15,Cantal,2023,4.18,4.0,4.3,4
15,Cantal,2024,4.2,4.1,4.3,4
15,Cantal,2025,4.47,4.3,4.6,4
16,Charente,1982,7.1,6.8,7.3,4
16,Charente,1983,7.45,7.3,7.7,4
16,Charente,1984,8.4,8.1,8.8,4
16,Charente,1985,9.12,9.1,9.2,4
16,Charente,1986,9.3,9.0,9.5,4
16,Charente,1987,9.45,9.3,9.6,4
16,Charente,1988,8.95,8.7,9.2,4
16,Charente,1989,8.52,8.4,8.7,4
16,Charente,1990,8.2,8.1,8.3,4
16,Charente,1991,8.5,8.2,8.9,4
16,Charente,1992,9.15,9.1,9.2,4
16,Charente,1993,9.18,9.0,9.5,4
16,Charente,1994,9.62,9.6,9.7,4
16,Charente,1995,9.12,9.0,9.3,4
16,Charente,1996,9.82,9.6,9.9,4
16,Charente,1997,9.82,9.7,10.0,4
16,Charente,1998,9.5,9.5,9.5,4
16,Charente,1999,9.43,8.9,9.7,4
16,Charente,2000,8.15,7.8,8.6,4
16,Charente,2001,7.62,7.6,7.7,4
16,Charente,2002,7.6,7.5,7.7,4
16,Charente,2003,8.12,7.9,8.3,4
16,Charente,2004,8.4,8.3,8.6,4
16,Charente,2005,8.57,8.3,8.8,4
16,Charente,2006,8.52,8.0,8.8,4
16,Charente,2007,7.9,7.6,8.2,4
16,Charente,2008,7.52,7.3,7.9,4
16,Charente,2009,9.18,8.7,9.5,4
16,Charente,2010,9.02,9.0,9.1,4
16,Charente,2011,9.18,9.0,9.5,4
16,Charente,2012,10.05,9.7,10.5,4
16,Charente,2013,10.32,10.1,10.5,4
16,Charente,2014,10.07,9.9,10.3,4
16,Charente,2015,10.07,9.9,10.2,4
16,Charente,2016,9.7,9.5,9.9,4
16,Charente,2017,8.93,8.5,9.1,4
16,Charente,2018,8.6,8.4,8.8,4
16,Charente,2019,8.07,7.9,8.3,4
16,Charente,2020,7.78,7.2,8.7,4
16,Charente,2021,7.4,7.0,7.7,4
16,Charente,2022,6.9,6.7,7.0,4
16,Charente,2023,6.85,6.6,7.2,4
16,Charente,2024,7.38,7.3,7.5,4
16,Charente,2025,7.7,7.5,7.9,4
17,Charente-Maritime,1982,9.2,8.9,9.5,4
17,Charente-Maritime,1983,9.62,9.5,9.8,4
17,Charente-Maritime,1984,10.8,10.3,11.2,4
17,Charente-Maritime,1985,11.2,11.1,11.4,4
17,Charente-Maritime,1986,11.4,11.2,11.5,4
17,Charente-Maritime,1987,11.32,11.2,11.5,4
17,Charente-Maritime,1988,10.95,10.7,11.2,4
17,Charente-Maritime,1989,10.25,10.1,10.5,4
17,Charente-Maritime,1990,10.07,10.0,10.1,4
17,Charente-Maritime,1991,10.15,9.9,10.5,4
17,Charente-Maritime,1992,11.0,10.8,11.1,4
17,Charente-Maritime,1993,11.58,11.2,12.1,4
17,Charente-Maritime,1994,12.22,12.0,12.4,4
17,Charente-Maritime,1995,11.42,11.2,11.7,4
17,Charente-Maritime,1996,11.65,11.6,11.7,4
17,Charente-Maritime,1997,11.5,11.5,11.5,4
17,Charente-Maritime,1998,11.2,11.1,11.3,4
17,Charente-Maritime,1999,11.08,10.7,11.3,4
17,Charente-Maritime,2000,9.65,9.1,10.2,4
17,Charente-Maritime,2001,8.8,8.6,9.0,4
17,Charente-Maritime,2002,8.43,8.4,8.5,4
17,Charente-Maritime,2003,8.9,8.7,9.2,4
17,Charente-Maritime,2004,9.3,9.2,9.4,4
17,Charente-Maritime,2005,9.38,9.1,9.6,4
17,Charente-Maritime,2006,9.28,8.7,9.6,4
17,Charente-Maritime,2007,8.3,7.8,8.8,4
17,Charente-Maritime,2008,7.72,7.4,8.2,4
17,Charente-Maritime,2009,9.5,8.9,10.0,4
17,Charente-Maritime,2010,9.57,9.5,9.7,4
17,Charente-Maritime,2011,9.32,9.2,9.4,4
17,Charente-Maritime,2012,9.82,9.5,10.2,4
17,Charente-Maritime,2013,10.48,10.3,10.7,4
17,Charente-Maritime,2014,10.42,10.2,10.7,4
17,Charente-Maritime,2015,10.7,10.5,10.9,4
17,Charente-Maritime,2016,10.25,10.1,10.5,4
17,Charente-Maritime,2017,9.48,9.0,9.7,4
17,Charente-Maritime,2018,9.02,8.8,9.3,4
17,Charente-Maritime,2019,8.45,8.2,8.8,4
17,Charente-Maritime,2020,8.18,7.7,9.1,4
17,Charente-Maritime,2021,7.72,7.1,8.1,4
17,Charente-Maritime,2022,6.9,6.6,7.1,4
17,Charente-Maritime,2023,6.75,6.6,7.0,4
17,Charente-Maritime,2024,6.88,6.8,7.0,4
17,Charente-Maritime,2025,7.12,6.9,7.4,4
18,Cher,1982,5.68,5.6,5.8,4
18,Cher,1983,5.95,5.6,6.5,4
18,Cher,1984,7.62,7.1,8.1,4
18,Cher,1985,7.92,7.8,8.1,4
18,Cher,1986,8.1,8.0,8.2,4
18,Cher,1987,7.98,7.8,8.2,4
18,Cher,1988,7.55,7.3,7.8,4
18,Cher,1989,7.08,6.9,7.3,4
18,Cher,1990,7.0,7.0,7.0,4
18,Cher,1991,7.45,7.0,8.0,4
18,Cher,1992,8.28,8.2,8.4,4
18,Cher,1993,8.95,8.4,9.5,4
18,Cher,1994,9.75,9.7,9.8,4
18,Cher,1995,9.12,8.9,9.4,4
18,Cher,1996,10.0,9.5,10.4,4
18,Cher,1997,10.35,10.1,10.5,4
18,Cher,1998,9.43,9.2,9.7,4
18,Cher,1999,9.12,8.8,9.3,4
18,Cher,2000,8.0,7.6,8.5,4
18,Cher,2001,7.32,7.3,7.4,4
18,Cher,2002,7.25,7.2,7.3,4
18,Cher,2003,7.82,7.5,8.2,4
18,Cher,2004,8.38,8.3,8.5,4
18,Cher,2005,8.4,8.2,8.6,4
18,Cher,2006,8.32,7.9,8.6,4
18,Cher,2007,7.35,6.9,7.8,4
18,Cher,2008,6.78,6.5,7.1,4
18,Cher,2009,8.48,7.8,9.0,4
18,Cher,2010,8.98,8.9,9.0,4
18,Cher,2011,9.07,8.9,9.4,4
18,Cher,2012,9.72,9.4,10.1,4
18,Cher,2013,10.32,10.1,10.5,4
18,Cher,2014,10.18,10.0,10.4,4
18,Cher,2015,10.48,10.3,10.6,4
18,Cher,2016,10.4,10.2,10.6,4
18,Cher,2017,9.73,9.4,9.9,4
18,Cher,2018,9.32,9.0,9.7,4
18,Cher,2019,8.75,8.6,9.0,4
18,Cher,2020,8.05,7.3,8.8,4
18,Cher,2021,7.8,7.4,8.1,4
18,Cher,2022,7.45,7.3,7.6,4
18,Cher,2023,7.25,7.2,7.3,4
18,Cher,2024,7.05,6.9,7.2,4
18,Cher,2025,7.3,7.1,7.6,4
19,Corrèze,1982,5.1,4.9,5.3,4
19,Corrèze,1983,5.55,5.3,5.9,4
19,Corrèze,1984,6.92,6.2,7.6,4
19,Corrèze,1985,7.95,7.8,8.2,4
19,Corrèze,1986,8.05,8.0,8.1,4
19,Corrèze,1987,7.92,7.8,8.0,4
19,Corrèze,1988,7.45,7.2,7.7,4
19,Corrèze,1989,6.9,6.8,7.1,4
19,Corrèze,1990,7.18,7.0,7.3,4
19,Corrèze,1991,7.38,7.3,7.5,4
19,Corrèze,1992,7.75,7.7,7.8,4
19,Corrèze,1993,8.02,7.8,8.3,4
19,Corrèze,1994,8.2,7.8,8.5,4
19,Corrèze,1995,7.32,7.2,7.5,4
19,Corrèze,1996,7.68,7.5,7.8,4
19,Corrèze,1997,7.78,7.7,7.8,4
19,Corrèze,1998,7.6,7.6,7.6,4
19,Corrèze,1999,7.2,6.7,7.6,4
19,Corrèze,2000,6.02,5.6,6.5,4
19,Corrèze,2001,5.28,5.2,5.3,4
19,Corrèze,2002,5.15,5.1,5.2,4
19,Corrèze,2003,5.72,5.5,6.0,4
19,Corrèze,2004,6.12,6.1,6.2,4
19,Corrèze,2005,6.08,5.9,6.2,4
19,Corrèze,2006,5.92,5.5,6.2,4
19,Corrèze,2007,5.3,5.0,5.6,4
19,Corrèze,2008,5.05,4.8,5.4,4
19,Corrèze,2009,6.52,6.2,6.7,4
19,Corrèze,2010,6.4,6.3,6.5,4
19,Corrèze,2011,6.62,6.5,6.9,4
19,Corrèze,2012,7.52,7.1,8.1,4
19,Corrèze,2013,8.07,7.8,8.3,4
19,Corrèze,2014,7.98,7.8,8.2,4
19,Corrèze,2015,8.22,8.1,8.3,4
19,Corrèze,2016,8.18,8.0,8.4,4
19,Corrèze,2017,7.45,7.1,7.6,4
19,Corrèze,2018,7.18,6.9,7.4,4
19,Corrèze,2019,6.72,6.6,6.9,4
19,Corrèze,2020,6.48,5.8,7.2,4
19,Corrèze,2021,6.38,6.1,6.6,4
19,Corrèze,2022,6.02,5.9,6.1,4
19,Corrèze,2023,5.98,5.9,6.1,4
19,Corrèze,2024,5.95,5.8,6.1,4
19,Corrèze,2025,5.95,5.9,6.0,4
21,Côte-d'or,1982,6.4,6.3,6.6,4
21,Côte-d'or,1983,6.85,6.6,7.2,4
21,Côte-d'or,1984,8.07,7.6,8.4,4
21,Côte-d'or,1985,8.1,7.9,8.4,4
21,Côte-d'or,1986,8.1,7.9,8.2,4
21,Côte-d'or,1987,8.6,8.4,8.8,4
21,Côte-d'or,1988,8.07,7.8,8.5,4
21,Côte-d'or,1989,7.4,7.1,7.7,4
21,Côte-d'or,1990,6.7,6.6,6.9,4
21,Côte-d'or,1991,7.0,6.7,7.3,4
21,Côte-d'or,1992,7.85,7.6,8.1,4
21,Côte-d'or,1993,8.5,8.2,8.8,4
21,Côte-d'or,1994,9.12,9.0,9.2,4
21,Côte-d'or,1995,8.65,8.5,8.8,4
21,Côte-d'or,1996,8.88,8.8,8.9,4
21,Côte-d'or,1997,8.9,8.7,9.0,4
21,Côte-d'or,1998,8.38,8.3,8.5,4
21,Côte-d'or,1999,8.12,7.7,8.4,4
21,Côte-d'or,2000,6.92,6.4,7.4,4
21,Côte-d'or,2001,6.22,6.2,6.3,4
21,Côte-d'or,2002,6.38,6.3,6.4,4
21,Côte-d'or,2003,6.95,6.7,7.2,4
21,Côte-d'or,2004,7.12,7.0,7.3,4
21,Côte-d'or,2005,7.15,7.0,7.3,4
21,Côte-d'or,2006,7.08,6.7,7.3,4
21,Côte-d'or,2007,6.45,6.1,6.8,4
21,Côte-d'or,2008,5.85,5.6,6.2,4
21,Côte-d'or,2009,7.4,6.9,7.9,4
21,Côte-d'or,2010,7.6,7.5,7.7,4
21,Côte-d'or,2011,7.4,7.3,7.5,4
21,Côte-d'or,2012,8.07,7.6,8.6,4
21,Côte-d'or,2013,8.7,8.4,8.9,4
21,Côte-d'or,2014,8.55,8.4,8.8,4
21,Côte-d'or,2015,8.8,8.7,8.9,4
21,Côte-d'or,2016,8.5,8.3,8.8,4
21,Côte-d'or,2017,7.8,7.4,8.0,4
21,Côte-d'or,2018,7.35,7.1,7.6,4
21,Côte-d'or,2019,6.85,6.6,7.1,4
21,Côte-d'or,2020,6.28,5.7,7.0,4
21,Côte-d'or,2021,5.92,5.5,6.2,4
21,Côte-d'or,2022,5.6,5.5,5.7,4
21,Côte-d'or,2023,5.68,5.5,5.8,4
21,Côte-d'or,2024,5.75,5.7,5.8,4
21,Côte-d'or,2025,6.02,5.8,6.3,4
22,Côtes-d'armor,1982,7.42,7.1,7.7,4
22,Côtes-d'armor,1983,7.88,7.7,8.2,4
22,Côtes-d'armor,1984,9.25,8.7,9.9,4
22,Côtes-d'armor,1985,9.9,9.7,10.1,4
22,Côtes-d'armor,1986,9.65,9.6,9.7,4
22,Côtes-d'armor,1987,9.45,9.2,9.6,4
22,Côtes-d'armor,1988,8.75,8.6,9.0,4
22,Côtes-d'armor,1989,8.35,8.2,8.5,4
22,Côtes-d'armor,1990,8.0,7.8,8.1,4
22,Côtes-d'armor,1991,7.68,7.6,7.8,4
22,Côtes-d'armor,1992,8.15,8.0,8.3,4
22,Côtes-d'armor,1993,8.62,8.4,8.9,4
22,Côtes-d'armor,1994,9.1,9.0,9.2,4
22,Côtes-d'armor,1995,8.55,8.4,8.8,4
22,Côtes-d'armor,1996,8.85,8.7,8.9,4
22,Côtes-d'armor,1997,8.88,8.8,8.9,4
22,Côtes-d'armor,1998,8.4,8.3,8.6,4
22,Côtes-d'armor,1999,8.05,7.5,8.5,4
22,Côtes-d'armor,2000,6.7,6.3,7.1,4
22,Côtes-d'armor,2001,6.12,6.1,6.2,4
22,Côtes-d'armor,2002,6.28,6.2,6.4,4
22,Côtes-d'armor,2003,6.8,6.7,7.0,4
22,Côtes-d'armor,2004,7.0,6.9,7.1,4
22,Côtes-d'armor,2005,6.98,6.8,7.2,4
22,Côtes-d'armor,2006,7.05,6.7,7.3,4
22,Côtes-d'armor,2007,6.4,6.0,6.7,4
22,Côtes-d'armor,2008,5.9,5.5,6.3,4
22,Côtes-d'armor,2009,7.3,6.8,7.7,4
22,Côtes-d'armor,2010,7.57,7.5,7.6,4
22,Côtes-d'armor,2011,7.65,7.5,7.9,4
22,Côtes-d'armor,2012,8.22,7.9,8.6,4
22,Côtes-d'armor,2013,8.93,8.8,9.0,4
22,Côtes-d'armor,2014,9.02,8.9,9.3,4
22,Côtes-d'armor,2015,9.12,9.1,9.2,4
22,Côtes-d'armor,2016,9.0,8.7,9.2,4
22,Côtes-d'armor,2017,8.32,8.0,8.5,4
22,Côtes-d'armor,2018,7.92,7.7,8.2,4
22,Côtes-d'armor,2019,7.42,7.1,7.7,4
22,Côtes-d'armor,2020,7.05,6.6,7.8,4
22,Côtes-d'armor,2021,6.85,6.4,7.1,4
22,Côtes-d'armor,2022,6.28,6.2,6.4,4
22,Côtes-d'armor,2023,6.28,6.1,6.4,4
22,Côtes-d'armor,2024,6.25,6.1,6.4,4
22,Côtes-d'armor,2025,6.3,6.2,6.4,4
23,Creuse,1982,5.68,5.6,5.7,4
23,Creuse,1983,6.28,5.8,6.8,4
23,Creuse,1984,8.2,7.6,8.6,4
23,Creuse,1985,8.35,8.2,8.4,4
23,Creuse,1986,8.38,8.3,8.4,4
23,Creuse,1987,8.67,8.6,8.7,4
23,Creuse,1988,8.57,8.4,8.8,4
23,Creuse,1989,8.17,8.1,8.2,4
23,Creuse,1990,7.72,7.5,8.0,4
23,Creuse,1991,7.6,7.5,7.8,4
23,Creuse,1992,8.02,7.9,8.1,4
23,Creuse,1993,8.35,8.2,8.6,4
23,Creuse,1994,8.82,8.6,9.0,4
23,Creuse,1995,8.15,8.0,8.3,4
23,Creuse,1996,8.62,8.5,8.7,4
23,Creuse,1997,8.85,8.8,8.9,4
23,Creuse,1998,8.7,8.6,8.8,4
23,Creuse,1999,8.65,8.4,8.8,4
23,Creuse,2000,7.5,7.1,7.9,4
23,Creuse,2001,7.0,6.9,7.1,4
23,Creuse,2002,6.48,6.3,6.7,4
23,Creuse,2003,6.98,6.6,7.2,4
23,Creuse,2004,7.4,7.3,7.5,4
23,Creuse,2005,7.45,7.3,7.6,4
23,Creuse,2006,7.3,6.8,7.6,4
23,Creuse,2007,6.95,6.6,7.2,4
23,Creuse,2008,6.68,6.3,7.0,4
23,Creuse,2009,7.9,7.5,8.2,4
23,Creuse,2010,8.43,8.2,8.7,4
23,Creuse,2011,8.88,8.8,9.0,4
23,Creuse,2012,9.43,9.1,9.8,4
23,Creuse,2013,9.8,9.6,9.9,4
23,Creuse,2014,9.45,9.3,9.6,4
23,Creuse,2015,9.52,9.4,9.7,4
23,Creuse,2016,9.12,8.9,9.4,4
23,Creuse,2017,8.52,8.3,8.6,4
23,Creuse,2018,8.5,8.3,8.7,4
23,Creuse,2019,7.88,7.6,8.3,4
23,Creuse,2020,7.1,6.3,7.8,4
23,Creuse,2021,7.0,6.9,7.1,4
23,Creuse,2022,6.98,6.8,7.1,4
23,Creuse,2023,7.02,6.8,7.3,4
23,Creuse,2024,7.05,6.9,7.3,4
23,Creuse,2025,6.93,6.9,7.0,4
24,Dordogne,1982,5.9,5.7,6.1,4
24,Dordogne,1983,6.78,6.1,7.5,4
24,Dordogne,1984,8.05,7.6,8.6,4
24,Dordogne,1985,8.95,8.9,9.0,4
24,Dordogne,1986,9.0,8.9,9.1,4
24,Dordogne,1987,8.98,8.8,9.2,4
24,Dordogne,1988,8.6,8.3,8.9,4
24,Dordogne,1989,8.18,8.1,8.3,4
24,Dordogne,1990,7.95,7.8,8.1,4
24,Dordogne,1991,8.02,7.8,8.3,4
24,Dordogne,1992,8.5,8.4,8.7,4
24,Dordogne,1993,9.02,8.8,9.4,4
24,Dordogne,1994,9.4,9.1,9.6,4
24,Dordogne,1995,8.75,8.6,8.9,4
24,Dordogne,1996,9.32,9.1,9.5,4
24,Dordogne,1997,9.55,9.5,9.6,4
24,Dordogne,1998,9.45,9.4,9.5,4
24,Dordogne,1999,9.18,8.7,9.5,4
24,Dordogne,2000,8.18,7.8,8.5,4
24,Dordogne,2001,7.45,7.3,7.6,4
24,Dordogne,2002,7.12,7.1,7.2,4
24,Dordogne,2003,7.78,7.6,8.1,4
24,Dordogne,2004,8.15,8.1,8.3,4
24,Dordogne,2005,8.3,7.9,8.6,4
24,Dordogne,2006,8.28,7.9,8.6,4
24,Dordogne,2007,7.5,7.1,7.9,4
24,Dordogne,2008,7.12,6.7,7.6,4
24,Dordogne,2009,8.75,8.3,9.1,4
24,Dordogne,2010,9.02,8.9,9.1,4
24,Dordogne,2011,9.43,9.2,9.8,4
24,Dordogne,2012,10.28,9.9,10.6,4
24,Dordogne,2013,10.62,10.5,10.7,4
24,Dordogne,2014,10.58,10.4,10.8,4
24,Dordogne,2015,10.68,10.4,10.9,4
24,Dordogne,2016,10.28,10.2,10.4,4
24,Dordogne,2017,9.65,9.2,9.9,4
24,Dordogne,2018,9.1,8.8,9.4,4
24,Dordogne,2019,8.52,8.2,8.8,4
24,Dordogne,2020,8.0,7.4,8.9,4
24,Dordogne,2021,7.6,7.2,7.8,4
24,Dordogne,2022,7.2,7.1,7.3,4
24,Dordogne,2023,7.12,7.0,7.3,4
24,Dordogne,2024,7.1,6.9,7.3,4
24,Dordogne,2025,7.3,7.1,7.5,4
25,Doubs,1982,6.78,6.5,7.0,4
25,Doubs,1983,7.08,6.8,7.5,4
25,Doubs,1984,8.15,7.9,8.3,4
25,Doubs,1985,8.2,8.1,8.3,4
25,Doubs,1986,8.25,8.2,8.4,4
25,Doubs,1987,8.75,8.7,8.8,4
25,Doubs,1988,8.28,7.6,8.8,4
25,Doubs,1989,6.78,6.4,7.2,4
25,Doubs,1990,6.05,5.9,6.2,4
25,Doubs,1991,6.52,6.3,6.8,4
25,Doubs,1992,7.4,7.1,7.7,4
25,Doubs,1993,8.2,7.8,8.5,4
25,Doubs,1994,8.32,7.9,8.6,4
25,Doubs,1995,7.38,7.2,7.6,4
25,Doubs,1996,8.07,7.7,8.4,4
25,Doubs,1997,8.55,8.4,8.6,4
25,Doubs,1998,8.0,7.9,8.2,4
25,Doubs,1999,7.65,7.1,8.0,4
25,Doubs,2000,6.12,5.4,6.7,4
25,Doubs,2001,5.4,5.1,6.0,4
25,Doubs,2002,6.43,6.4,6.5,4
25,Doubs,2003,7.2,6.9,7.8,4
25,Doubs,2004,7.78,7.7,8.0,4
25,Doubs,2005,7.9,7.6,8.1,4
25,Doubs,2006,8.25,7.9,8.4,4
25,Doubs,2007,7.32,6.8,7.9,4
25,Doubs,2008,6.82,6.6,7.3,4
25,Doubs,2009,9.32,8.7,9.7,4
25,Doubs,2010,9.15,8.7,9.5,4
25,Doubs,2011,8.38,8.3,8.5,4
25,Doubs,2012,8.9,8.4,9.4,4
25,Doubs,2013,9.48,9.3,9.6,4
25,Doubs,2014,9.4,9.3,9.6,4
25,Doubs,2015,9.48,9.3,9.6,4
25,Doubs,2016,9.12,9.0,9.3,4
25,Doubs,2017,8.25,7.6,8.7,4
25,Doubs,2018,7.72,7.5,7.9,4
25,Doubs,2019,7.57,7.5,7.6,4
25,Doubs,2020,7.48,6.9,8.5,4
25,Doubs,2021,7.2,6.8,7.6,4
25,Doubs,2022,6.5,6.3,6.6,4
25,Doubs,2023,6.5,6.3,6.7,4
25,Doubs,2024,6.85,6.7,7.0,4
25,Doubs,2025,7.5,7.3,7.7,4
26,Drôme,1982,6.1,5.8,6.4,4
26,Drôme,1983,6.7,6.4,7.1,4
26,Drôme,1984,8.12,7.5,8.6,4
26,Drôme,1985,8.6,8.4,8.8,4
26,Drôme,1986,8.5,8.3,8.7,4
26,Drôme,1987,8.67,8.6,8.7,4
26,Drôme,1988,8.7,8.6,8.8,4
26,Drôme,1989,8.45,8.3,8.6,4
26,Drôme,1990,8.3,8.2,8.4,4
26,Drôme,1991,8.85,8.4,9.3,4
26,Drôme,1992,10.2,9.8,10.6,4
26,Drôme,1993,11.4,10.8,12.0,4
26,Drôme,1994,12.08,11.7,12.3,4
26,Drôme,1995,11.12,10.9,11.4,4
26,Drôme,1996,11.7,11.5,11.8,4
26,Drôme,1997,11.45,11.3,11.7,4
26,Drôme,1998,11.0,10.9,11.1,4
26,Drôme,1999,10.62,10.2,10.9,4
26,Drôme,2000,8.93,8.2,9.9,4
26,Drôme,2001,7.98,7.9,8.1,4
26,Drôme,2002,8.22,8.1,8.5,4
26,Drôme,2003,9.0,8.9,9.1,4
26,Drôme,2004,9.02,8.9,9.2,4
26,Drôme,2005,9.1,8.8,9.4,4
26,Drôme,2006,9.1,8.7,9.5,4
26,Drôme,2007,8.45,7.9,8.9,4
26,Drôme,2008,7.98,7.5,8.4,4
26,Drôme,2009,9.52,9.1,10.1,4
26,Drôme,2010,9.57,9.5,9.7,4
26,Drôme,2011,9.55,9.3,9.8,4
26,Drôme,2012,10.35,9.9,10.8,4
26,Drôme,2013,10.85,10.6,11.0,4
26,Drôme,2014,10.78,10.6,11.1,4
26,Drôme,2015,11.18,11.0,11.3,4
26,Drôme,2016,10.92,10.8,11.1,4
26,Drôme,2017,10.12,9.7,10.4,4
26,Drôme,2018,9.78,9.5,10.0,4
26,Drôme,2019,9.18,8.9,9.5,4
26,Drôme,2020,8.62,7.9,9.5,4
26,Drôme,2021,8.5,8.1,8.7,4
26,Drôme,2022,7.82,7.7,8.0,4
26,Drôme,2023,7.95,7.7,8.2,4
26,Drôme,2024,7.88,7.6,8.1,4
26,Drôme,2025,7.88,7.7,8.1,4
27,Eure,1982,6.82,6.8,6.9,4
27,Eure,1983,7.32,7.0,7.7,4
27,Eure,1984,8.7,8.2,9.0,4
27,Eure,1985,8.95,8.9,9.1,4
27,Eure,1986,8.83,8.8,8.9,4
27,Eure,1987,8.95,8.6,9.2,4
27,Eure,1988,8.22,8.0,8.4,4
27,Eure,1989,7.58,7.4,7.8,4
27,Eure,1990,7.02,6.9,7.3,4
27,Eure,1991,7.48,7.1,7.8,4
27,Eure,1992,8.3,8.1,8.5,4
27,Eure,1993,9.32,8.7,10.0,4
27,Eure,1994,10.15,10.0,10.2,4
27,Eure,1995,9.55,9.4,9.7,4
27,Eure,1996,10.38,10.1,10.5,4
27,Eure,1997,10.18,9.9,10.5,4
27,Eure,1998,9.32,9.2,9.5,4
27,Eure,1999,8.98,8.3,9.4,4
27,Eure,2000,7.38,7.0,7.8,4
27,Eure,2001,6.68,6.5,6.9,4
27,Eure,2002,7.1,7.0,7.2,4
27,Eure,2003,7.72,7.6,8.0,4
27,Eure,2004,8.15,8.0,8.2,4
27,Eure,2005,8.22,8.0,8.4,4
27,Eure,2006,8.4,8.0,8.6,4
27,Eure,2007,7.55,7.0,8.1,4
27,Eure,2008,6.95,6.7,7.3,4
27,Eure,2009,9.1,8.5,9.5,4
27,Eure,2010,9.25,9.2,9.3,4
27,Eure,2011,9.2,9.1,9.4,4
27,Eure,2012,10.07,9.7,10.5,4
27,Eure,2013,10.6,10.4,10.8,4
27,Eure,2014,10.4,10.3,10.5,4
27,Eure,2015,10.38,10.3,10.5,4
27,Eure,2016,10.25,10.1,10.4,4
27,Eure,2017,9.5,9.0,9.7,4
27,Eure,2018,9.07,8.8,9.3,4
27,Eure,2019,8.38,8.1,8.7,4
27,Eure,2020,7.98,7.3,8.8,4
27,Eure,2021,7.75,7.3,8.1,4
27,Eure,2022,7.0,6.7,7.3,4
27,Eure,2023,6.95,6.7,7.2,4
27,Eure,2024,7.0,6.9,7.1,4
27,Eure,2025,7.22,7.1,7.4,4
28,Eure-et-Loir,1982,5.88,5.8,6.0,4
28,Eure-et-Loir,1983,6.05,5.8,6.4,4
28,Eure-et-Loir,1984,7.12,6.7,7.4,4
28,Eure-et-Loir,1985,7.58,7.4,7.8,4
28,Eure-et-Loir,1986,7.85,7.7,8.0,4
28,Eure-et-Loir,1987,7.98,7.5,8.2,4
28,Eure-et-Loir,1988,6.78,6.5,7.1,4
28,Eure-et-Loir,1989,6.15,6.1,6.3,4
28,Eure-et-Loir,1990,5.7,5.6,5.9,4
28,Eure-et-Loir,1991,6.0,5.7,6.3,4
28,Eure-et-Loir,1992,6.9,6.6,7.3,4
28,Eure-et-Loir,1993,8.1,7.6,8.6,4
28,Eure-et-Loir,1994,8.6,8.2,8.8,4
28,Eure-et-Loir,1995,7.45,7.2,7.8,4
28,Eure-et-Loir,1996,8.28,7.9,8.6,4
28,Eure-et-Loir,1997,8.38,8.2,8.6,4
28,Eure-et-Loir,1998,7.78,7.6,8.0,4
28,Eure-et-Loir,1999,7.38,6.9,7.7,4
28,Eure-et-Loir,2000,6.05,5.7,6.4,4
28,Eure-et-Loir,2001,5.58,5.4,5.8,4
28,Eure-et-Loir,2002,6.2,6.0,6.4,4
28,Eure-et-Loir,2003,7.0,6.7,7.4,4
28,Eure-et-Loir,2004,7.68,7.5,7.9,4
28,Eure-et-Loir,2005,7.85,7.7,8.0,4
28,Eure-et-Loir,2006,7.58,7.1,8.0,4
28,Eure-et-Loir,2007,6.65,6.1,7.1,4
28,Eure-et-Loir,2008,6.25,5.9,6.7,4
28,Eure-et-Loir,2009,8.18,7.6,8.6,4
28,Eure-et-Loir,2010,8.45,8.4,8.5,4
28,Eure-et-Loir,2011,8.35,8.3,8.4,4
28,Eure-et-Loir,2012,9.07,8.6,9.6,4
28,Eure-et-Loir,2013,9.57,9.4,9.7,4
28,Eure-et-Loir,2014,9.6,9.5,9.8,4
28,Eure-et-Loir,2015,9.65,9.5,9.8,4
28,Eure-et-Loir,2016,9.45,9.3,9.6,4
28,Eure-et-Loir,2017,8.88,8.4,9.1,4
28,Eure-et-Loir,2018,8.5,8.3,8.7,4
28,Eure-et-Loir,2019,8.15,7.9,8.4,4
28,Eure-et-Loir,2020,7.38,6.7,8.1,4
28,Eure-et-Loir,2021,7.02,6.7,7.3,4
28,Eure-et-Loir,2022,6.75,6.7,6.8,4
28,Eure-et-Loir,2023,6.82,6.6,7.0,4
28,Eure-et-Loir,2024,6.9,6.7,7.1,4
28,Eure-et-Loir,2025,7.0,6.9,7.2,4
29,Finistère,1982,6.88,6.5,7.3,4
29,Finistère,1983,7.52,7.2,8.0,4
29,Finistère,1984,8.8,8.4,9.2,4
29,Finistère,1985,9.38,9.1,9.5,4
29,Finistère,1986,9.07,8.9,9.3,4
29,Finistère,1987,9.07,8.9,9.3,4
29,Finistère,1988,8.75,8.6,9.0,4
29,Finistère,1989,8.3,8.1,8.5,4
29,Finistère,1990,7.85,7.7,8.0,4
29,Finistère,1991,7.85,7.7,8.0,4
29,Finistère,1992,8.12,8.1,8.2,4
29,Finistère,1993,8.5,8.3,8.8,4
29,Finistère,1994,8.93,8.8,9.0,4
29,Finistère,1995,8.45,8.3,8.7,4
29,Finistère,1996,8.75,8.6,8.8,4
29,Finistère,1997,8.83,8.8,8.9,4
29,Finistère,1998,8.62,8.6,8.7,4
29,Finistère,1999,8.38,7.8,8.8,4
29,Finistère,2000,7.2,6.8,7.6,4
29,Finistère,2001,6.6,6.6,6.6,4
29,Finistère,2002,6.6,6.5,6.7,4
29,Finistère,2003,7.02,6.9,7.2,4
29,Finistère,2004,7.4,7.3,7.5,4
29,Finistère,2005,7.52,7.3,7.7,4
29,Finistère,2006,7.6,7.2,7.8,4
29,Finistère,2007,7.02,6.6,7.4,4
29,Finistère,2008,6.48,6.3,6.8,4
29,Finistère,2009,7.8,7.3,8.3,4
29,Finistère,2010,7.95,7.8,8.1,4
29,Finistère,2011,7.82,7.7,8.0,4
29,Finistère,2012,8.5,8.2,8.9,4
29,Finistère,2013,9.07,8.9,9.3,4
29,Finistère,2014,9.05,8.9,9.2,4
29,Finistère,2015,9.22,9.1,9.4,4
29,Finistère,2016,8.95,8.7,9.2,4
29,Finistère,2017,8.2,7.8,8.4,4
29,Finistère,2018,7.82,7.6,8.0,4
29,Finistère,2019,7.32,7.1,7.6,4
29,Finistère,2020,6.98,6.5,7.7,4
29,Finistère,2021,6.7,6.3,7.0,4
29,Finistère,2022,6.12,6.0,6.2,4
29,Finistère,2023,6.22,6.0,6.4,4
29,Finistère,2024,6.15,6.0,6.3,4
29,Finistère,2025,6.48,6.2,6.7,4
30,Gard,1982,8.6,8.2,8.9,4
30,Gard,1983,9.22,9.0,9.5,4
30,Gard,1984,10.8,10.3,11.3,4
30,Gard,1985,11.6,11.4,11.7,4
30,Gard,1986,11.48,11.2,11.7,4
30,Gard,1987,11.8,11.7,11.9,4
30,Gard,1988,11.52,11.3,11.7,4
30,Gard,1989,10.8,10.6,11.0,4
30,Gard,1990,11.15,11.0,11.3,4
30,Gard,1991,11.7,11.3,12.1,4
30,Gard,1992,12.78,12.4,13.1,4
30,Gard,1993,13.55,13.3,13.9,4
30,Gard,1994,14.18,14.1,14.3,4
30,Gard,1995,13.72,13.6,13.8,4
30,Gard,1996,14.5,14.2,14.7,4
30,Gard,1997,14.88,14.8,14.9,4
30,Gard,1998,14.9,14.8,15.0,4
30,Gard,1999,14.9,14.6,15.1,4
30,Gard,2000,13.35,12.5,14.2,4
30,Gard,2001,11.95,11.8,12.1,4
30,Gard,2002,11.65,11.6,11.7,4
30,Gard,2003,11.82,11.6,12.0,4
30,Gard,2004,11.85,11.7,12.0,4
30,Gard,2005,11.75,11.4,12.1,4
30,Gard,2006,12.02,11.4,12.3,4
30,Gard,2007,10.98,10.3,11.6,4
30,Gard,2008,10.12,9.8,10.5,4
30,Gard,2009,11.8,11.2,12.3,4
30,Gard,2010,11.8,11.7,12.0,4
30,Gard,2011,11.85,11.7,12.1,4
30,Gard,2012,12.58,12.1,13.1,4
30,Gard,2013,13.48,13.4,13.7,4
30,Gard,2014,13.7,13.4,14.1,4
30,Gard,2015,13.82,13.7,14.0,4
30,Gard,2016,13.35,13.1,13.5,4
30,Gard,2017,12.55,12.2,12.8,4
30,Gard,2018,12.2,11.9,12.6,4
30,Gard,2019,11.65,11.2,12.2,4
30,Gard,2020,10.65,9.5,11.7,4
30,Gard,2021,10.52,10.1,10.9,4
30,Gard,2022,9.93,9.8,10.1,4
30,Gard,2023,10.0,9.8,10.2,4
30,Gard,2024,9.82,9.5,10.1,4
30,Gard,2025,9.95,9.7,10.3,4
31,Haute-Garonne,1982,8.12,7.9,8.3,4
31,Haute-Garonne,1983,7.88,7.8,8.0,4
31,Haute-Garonne,1984,8.5,8.4,8.6,4
31,Haute-Garonne,1985,8.72,8.7,8.8,4
31,Haute-Garonne,1986,8.45,8.4,8.5,4
31,Haute-Garonne,1987,8.62,8.6,8.7,4
31,Haute-Garonne,1988,8.7,8.6,8.8,4
31,Haute-Garonne,1989,8.43,8.3,8.5,4
31,Haute-Garonne,1990,7.88,7.6,8.3,4
31,Haute-Garonne,1991,8.05,7.7,8.4,4
31,Haute-Garonne,1992,9.28,8.8,9.7,4
31,Haute-Garonne,1993,10.18,9.9,10.5,4
31,Haute-Garonne,1994,10.7,10.6,10.8,4
31,Haute-Garonne,1995,10.28,10.2,10.4,4
31,Haute-Garonne,1996,11.0,10.7,11.2,4
31,Haute-Garonne,1997,11.4,11.4,11.4,4
31,Haute-Garonne,1998,11.18,11.1,11.2,4
31,Haute-Garonne,1999,11.18,10.8,11.4,4
31,Haute-Garonne,2000,9.98,9.7,10.3,4
31,Haute-Garonne,2001,9.32,9.0,9.5,4
31,Haute-Garonne,2002,8.88,8.8,9.0,4
31,Haute-Garonne,2003,9.07,8.9,9.3,4
31,Haute-Garonne,2004,9.32,9.2,9.4,4
31,Haute-Garonne,2005,9.25,9.0,9.5,4
31,Haute-Garonne,2006,9.18,8.7,9.5,4
31,Haute-Garonne,2007,8.22,7.6,8.8,4
31,Haute-Garonne,2008,7.48,7.2,7.8,4
31,Haute-Garonne,2009,8.93,8.4,9.3,4
31,Haute-Garonne,2010,9.2,9.2,9.2,4
31,Haute-Garonne,2011,9.18,9.0,9.4,4
31,Haute-Garonne,2012,9.72,9.4,10.0,4
31,Haute-Garonne,2013,10.3,10.2,10.4,4
31,Haute-Garonne,2014,10.48,10.3,10.7,4
31,Haute-Garonne,2015,10.6,10.5,10.7,4
31,Haute-Garonne,2016,10.1,9.9,10.4,4
31,Haute-Garonne,2017,9.2,8.6,9.5,4
31,Haute-Garonne,2018,8.55,8.2,8.8,4
31,Haute-Garonne,2019,8.05,7.9,8.3,4
31,Haute-Garonne,2020,7.98,7.1,8.9,4
31,Haute-Garonne,2021,8.1,7.6,8.5,4
31,Haute-Garonne,2022,7.38,7.2,7.6,4
31,Haute-Garonne,2023,7.3,7.1,7.5,4
31,Haute-Garonne,2024,7.58,7.5,7.7,4
31,Haute-Garonne,2025,8.32,8.0,8.7,4
32,Gers,1982,5.5,5.3,5.6,4
32,Gers,1983,5.98,5.7,6.2,4
32,Gers,1984,6.72,6.3,7.2,4
32,Gers,1985,6.78,6.5,7.3,4
32,Gers,1986,6.6,6.4,6.7,4
32,Gers,1987,6.7,6.5,6.8,4
32,Gers,1988,6.2,6.1,6.3,4
32,Gers,1989,5.98,5.9,6.0,4
32,Gers,1990,5.78,5.7,5.9,4
32,Gers,1991,5.82,5.6,6.1,4
32,Gers,1992,6.62,6.4,6.9,4
32,Gers,1993,7.18,7.1,7.3,4
32,Gers,1994,7.38,7.2,7.5,4
32,Gers,1995,6.75,6.6,7.0,4
32,Gers,1996,6.9,6.7,7.0,4
32,Gers,1997,7.18,7.1,7.2,4
32,Gers,1998,7.2,7.1,7.3,4
32,Gers,1999,6.9,6.6,7.1,4
32,Gers,2000,6.3,6.0,6.5,4
32,Gers,2001,5.7,5.6,5.8,4
32,Gers,2002,5.43,5.4,5.5,4
32,Gers,2003,5.7,5.6,5.9,4
32,Gers,2004,6.0,5.9,6.2,4
32,Gers,2005,6.12,5.9,6.4,4
32,Gers,2006,6.25,5.9,6.5,4
32,Gers,2007,5.65,5.4,5.9,4
32,Gers,2008,5.38,5.1,5.6,4
32,Gers,2009,6.52,6.1,6.9,4
32,Gers,2010,6.75,6.7,6.8,4
32,Gers,2011,6.88,6.8,7.0,4
32,Gers,2012,7.35,7.1,7.7,4
32,Gers,2013,8.0,7.8,8.2,4
32,Gers,2014,7.95,7.8,8.2,4
32,Gers,2015,8.28,8.2,8.4,4
32,Gers,2016,8.02,7.8,8.3,4
32,Gers,2017,7.22,6.8,7.5,4
32,Gers,2018,6.72,6.5,6.9,4
32,Gers,2019,6.35,6.2,6.6,4
32,Gers,2020,6.0,5.3,6.8,4
32,Gers,2021,6.1,5.8,6.3,4
32,Gers,2022,5.65,5.5,5.8,4
32,Gers,2023,5.62,5.5,5.7,4
32,Gers,2024,5.52,5.4,5.6,4
32,Gers,2025,5.88,5.7,6.1,4
33,Gironde,1982,8.57,8.3,8.7,4
33,Gironde,1983,8.62,8.5,8.8,4
33,Gironde,1984,9.75,9.4,10.1,4
33,Gironde,1985,10.0,9.9,10.1,4
33,Gironde,1986,9.98,9.8,10.1,4
33,Gironde,1987,10.1,10.0,10.2,4
33,Gironde,1988,9.75,9.6,9.9,4
33,Gironde,1989,9.2,9.1,9.4,4
33,Gironde,1990,8.62,8.5,8.9,4
33,Gironde,1991,8.82,8.5,9.3,4
33,Gironde,1992,10.05,9.7,10.3,4
33,Gironde,1993,10.85,10.5,11.2,4
33,Gironde,1994,11.4,11.3,11.5,4
33,Gironde,1995,11.1,11.0,11.2,4
33,Gironde,1996,11.55,11.4,11.6,4
33,Gironde,1997,11.58,11.4,11.7,4
33,Gironde,1998,11.05,11.0,11.2,4
33,Gironde,1999,10.6,10.1,11.0,4
33,Gironde,2000,9.07,8.5,9.7,4
33,Gironde,2001,8.2,8.2,8.2,4
33,Gironde,2002,8.2,8.2,8.2,4
33,Gironde,2003,8.75,8.6,9.1,4
33,Gironde,2004,9.15,9.1,9.2,4
33,Gironde,2005,9.18,9.0,9.3,4
33,Gironde,2006,8.9,8.4,9.3,4
33,Gironde,2007,7.9,7.4,8.4,4
33,Gironde,2008,7.25,7.0,7.6,4
33,Gironde,2009,8.62,8.1,9.1,4
33,Gironde,2010,8.98,8.9,9.0,4
33,Gironde,2011,9.12,8.9,9.4,4
33,Gironde,2012,9.62,9.4,9.9,4
33,Gironde,2013,9.98,9.9,10.1,4
33,Gironde,2014,10.07,9.9,10.3,4
33,Gironde,2015,10.28,10.2,10.4,4
33,Gironde,2016,9.98,9.8,10.1,4
33,Gironde,2017,9.38,9.0,9.6,4
33,Gironde,2018,8.75,8.4,9.1,4
33,Gironde,2019,8.1,7.8,8.4,4
33,Gironde,2020,7.62,7.0,8.5,4
33,Gironde,2021,7.28,6.8,7.6,4
33,Gironde,2022,6.55,6.4,6.7,4
33,Gironde,2023,6.42,6.2,6.7,4
33,Gironde,2024,6.75,6.7,6.8,4
33,Gironde,2025,7.28,6.9,7.6,4
34,Hérault,1982,9.65,9.2,10.0,4
34,Hérault,1983,10.2,9.9,10.6,4
34,Hérault,1984,11.78,11.2,12.5,4
34,Hérault,1985,12.35,11.6,12.8,4
34,Hérault,1986,11.85,11.6,12.1,4
34,Hérault,1987,11.7,11.4,12.1,4
34,Hérault,1988,11.52,11.4,11.6,4
34,Hérault,1989,11.22,11.2,11.3,4
34,Hérault,1990,11.5,11.4,11.6,4
34,Hérault,1991,11.92,11.6,12.3,4
34,Hérault,1992,13.1,12.6,13.5,4
34,Hérault,1993,14.1,13.7,14.6,4
34,Hérault,1994,15.0,14.9,15.1,4
34,Hérault,1995,14.4,14.2,14.6,4
34,Hérault,1996,14.98,14.8,15.1,4
34,Hérault,1997,15.55,15.4,15.7,4
34,Hérault,1998,15.1,15.0,15.2,4
34,Hérault,1999,15.0,14.6,15.2,4
34,Hérault,2000,13.5,12.8,14.2,4
34,Hérault,2001,12.25,12.1,12.4,4
34,Hérault,2002,12.12,12.0,12.2,4
34,Hérault,2003,12.23,12.0,12.3,4
34,Hérault,2004,12.22,12.1,12.4,4
34,Hérault,2005,12.2,11.9,12.4,4
34,Hérault,2006,11.98,11.3,12.5,4
34,Hérault,2007,10.98,10.5,11.4,4
34,Hérault,2008,10.35,10.0,10.8,4
34,Hérault,2009,12.2,11.6,12.8,4
34,Hérault,2010,12.32,12.3,12.4,4
34,Hérault,2011,12.55,12.3,12.9,4
34,Hérault,2012,13.48,13.1,14.0,4
34,Hérault,2013,14.25,14.2,14.4,4
34,Hérault,2014,14.22,14.1,14.4,4
34,Hérault,2015,14.08,13.9,14.3,4
34,Hérault,2016,13.68,13.4,13.9,4
34,Hérault,2017,12.98,12.6,13.2,4
34,Hérault,2018,12.55,12.2,12.9,4
34,Hérault,2019,11.8,11.4,12.3,4
34,Hérault,2020,11.08,10.0,12.2,4
34,Hérault,2021,10.78,10.2,11.2,4
34,Hérault,2022,10.1,9.9,10.3,4
34,Hérault,2023,10.12,9.9,10.4,4
34,Hérault,2024,10.22,10.1,10.3,4
34,Hérault,2025,10.52,10.3,10.8,4
35,Ile-et-Vilaine,1982,7.02,6.9,7.1,4
35,Ile-et-Vilaine,1983,7.15,7.0,7.5,4
35,Ile-et-Vilaine,1984,8.4,7.9,8.7,4
35,Ile-et-Vilaine,1985,8.52,8.4,8.6,4
35,Ile-et-Vilaine,1986,8.82,8.7,8.9,4
35,Ile-et-Vilaine,1987,8.57,8.3,8.8,4
35,Ile-et-Vilaine,1988,8.0,7.8,8.2,4
35,Ile-et-Vilaine,1989,7.32,7.1,7.6,4
35,Ile-et-Vilaine,1990,6.85,6.8,6.9,4
35,Ile-et-Vilaine,1991,6.95,6.8,7.1,4
35,Ile-et-Vilaine,1992,7.42,7.3,7.6,4
35,Ile-et-Vilaine,1993,7.95,7.7,8.2,4
35,Ile-et-Vilaine,1994,8.18,8.0,8.3,4
35,Ile-et-Vilaine,1995,7.7,7.6,7.9,4
35,Ile-et-Vilaine,1996,8.1,8.0,8.2,4
35,Ile-et-Vilaine,1997,8.02,7.9,8.1,4
35,Ile-et-Vilaine,1998,7.58,7.5,7.7,4
35,Ile-et-Vilaine,1999,7.2,6.6,7.7,4
35,Ile-et-Vilaine,2000,5.82,5.3,6.3,4
35,Ile-et-Vilaine,2001,5.25,4.9,5.6,4
35,Ile-et-Vilaine,2002,5.88,5.8,5.9,4
35,Ile-et-Vilaine,2003,6.4,6.2,6.7,4
35,Ile-et-Vilaine,2004,6.32,6.2,6.6,4
35,Ile-et-Vilaine,2005,6.38,6.0,6.7,4
35,Ile-et-Vilaine,2006,6.57,6.3,6.8,4
35,Ile-et-Vilaine,2007,5.92,5.5,6.3,4
35,Ile-et-Vilaine,2008,5.28,5.1,5.7,4
35,Ile-et-Vilaine,2009,7.0,6.5,7.3,4
35,Ile-et-Vilaine,2010,7.05,6.9,7.2,4
35,Ile-et-Vilaine,2011,6.88,6.7,7.1,4
35,Ile-et-Vilaine,2012,7.75,7.3,8.2,4
35,Ile-et-Vilaine,2013,8.22,8.0,8.4,4
35,Ile-et-Vilaine,2014,8.1,8.0,8.3,4
35,Ile-et-Vilaine,2015,8.2,8.1,8.3,4
35,Ile-et-Vilaine,2016,7.9,7.7,8.1,4
35,Ile-et-Vilaine,2017,7.2,6.8,7.5,4
35,Ile-et-Vilaine,2018,6.82,6.6,7.0,4
35,Ile-et-Vilaine,2019,6.42,6.3,6.6,4
35,Ile-et-Vilaine,2020,6.48,6.1,7.2,4
35,Ile-et-Vilaine,2021,5.82,5.3,6.4,4
35,Ile-et-Vilaine,2022,5.38,5.3,5.4,4
35,Ile-et-Vilaine,2023,5.62,5.4,5.9,4
35,Ile-et-Vilaine,2024,5.8,5.7,5.9,4
35,Ile-et-Vilaine,2025,6.25,6.1,6.4,4
36,Indre,1982,5.75,5.5,5.9,4
36,Indre,1983,6.3,5.9,6.8,4
36,Indre,1984,7.95,7.4,8.4,4
36,Indre,1985,8.4,8.2,8.5,4
36,Indre,1986,8.57,8.5,8.7,4
36,Indre,1987,8.6,8.4,8.8,4
36,Indre,1988,7.98,7.8,8.2,4
36,Indre,1989,7.3,7.2,7.5,4
36,Indre,1990,6.98,6.8,7.2,4
36,Indre,1991,6.98,6.7,7.3,4
36,Indre,1992,7.85,7.7,8.0,4
36,Indre,1993,8.48,8.1,8.9,4
36,Indre,1994,8.98,8.7,9.1,4
36,Indre,1995,8.07,7.9,8.3,4
36,Indre,1996,8.7,8.4,9.0,4
36,Indre,1997,8.9,8.6,9.1,4
36,Indre,1998,8.52,8.5,8.6,4
36,Indre,1999,8.28,7.8,8.6,4
36,Indre,2000,7.05,6.8,7.4,4
36,Indre,2001,6.62,6.6,6.7,4
36,Indre,2002,6.52,6.5,6.6,4
36,Indre,2003,7.15,6.8,7.6,4
36,Indre,2004,7.58,7.3,7.9,4
36,Indre,2005,7.82,7.7,8.0,4
36,Indre,2006,7.88,7.4,8.1,4
36,Indre,2007,6.68,6.2,7.2,4
36,Indre,2008,6.15,5.6,6.7,4
36,Indre,2009,7.9,7.4,8.4,4
36,Indre,2010,8.1,7.9,8.3,4
36,Indre,2011,8.05,7.8,8.4,4
36,Indre,2012,8.8,8.5,9.2,4
36,Indre,2013,9.35,9.2,9.5,4
36,Indre,2014,9.5,9.4,9.6,4
36,Indre,2015,9.65,9.5,9.7,4
36,Indre,2016,9.75,9.6,9.8,4
36,Indre,2017,9.1,8.6,9.4,4
36,Indre,2018,8.8,8.6,9.0,4
36,Indre,2019,8.15,7.9,8.5,4
36,Indre,2020,7.85,7.4,8.7,4
36,Indre,2021,7.55,7.1,7.8,4
36,Indre,2022,7.1,6.9,7.3,4
36,Indre,2023,6.98,6.8,7.1,4
36,Indre,2024,6.88,6.7,7.1,4
36,Indre,2025,6.98,6.8,7.2,4
37,Indre-et-Loire,1982,6.38,6.3,6.5,4
37,Indre-et-Loire,1983,6.82,6.5,7.4,4
37,Indre-et-Loire,1984,8.22,7.8,8.6,4
37,Indre-et-Loire,1985,8.72,8.5,8.9,4
37,Indre-et-Loire,1986,8.9,8.8,9.0,4
37,Indre-et-Loire,1987,9.02,8.8,9.2,4
37,Indre-et-Loire,1988,8.52,8.2,8.8,4
37,Indre-et-Loire,1989,7.72,7.6,7.9,4
37,Indre-et-Loire,1990,7.32,7.2,7.5,4
37,Indre-et-Loire,1991,7.4,7.1,7.8,4
37,Indre-et-Loire,1992,8.38,8.1,8.7,4
37,Indre-et-Loire,1993,9.4,8.9,9.9,4
37,Indre-et-Loire,1994,9.93,9.8,10.0,4
37,Indre-et-Loire,1995,9.28,9.1,9.5,4
37,Indre-et-Loire,1996,9.72,9.5,9.9,4
37,Indre-et-Loire,1997,9.85,9.7,10.0,4
37,Indre-et-Loire,1998,9.28,9.2,9.4,4
37,Indre-et-Loire,1999,8.8,8.2,9.2,4
37,Indre-et-Loire,2000,7.28,6.8,7.8,4
37,Indre-et-Loire,2001,6.43,6.4,6.5,4
37,Indre-et-Loire,2002,6.5,6.5,6.5,4
37,Indre-et-Loire,2003,7.08,6.8,7.5,4
37,Indre-et-Loire,2004,7.52,7.4,7.6,4
37,Indre-et-Loire,2005,7.5,7.3,7.7,4
37,Indre-et-Loire,2006,7.4,7.0,7.7,4
37,Indre-et-Loire,2007,6.6,6.2,7.0,4
37,Indre-et-Loire,2008,6.2,5.9,6.6,4
37,Indre-et-Loire,2009,7.75,7.3,8.2,4
37,Indre-et-Loire,2010,7.92,7.8,8.0,4
37,Indre-et-Loire,2011,7.75,7.6,7.9,4
37,Indre-et-Loire,2012,8.4,8.0,8.8,4
37,Indre-et-Loire,2013,9.0,8.9,9.1,4
37,Indre-et-Loire,2014,9.12,8.9,9.4,4
37,Indre-et-Loire,2015,9.28,9.2,9.4,4
37,Indre-et-Loire,2016,9.12,9.0,9.3,4
37,Indre-et-Loire,2017,8.5,8.1,8.7,4
37,Indre-et-Loire,2018,8.12,7.9,8.3,4
37,Indre-et-Loire,2019,7.72,7.5,8.0,4
37,Indre-et-Loire,2020,7.18,6.7,7.9,4
37,Indre-et-Loire,2021,6.82,6.3,7.2,4
37,Indre-et-Loire,2022,6.45,6.4,6.6,4
37,Indre-et-Loire,2023,6.58,6.3,6.7,4
37,Indre-et-Loire,2024,6.62,6.5,6.7,4
37,Indre-et-Loire,2025,6.88,6.7,7.1,4
38,Isère,1982,5.6,5.4,5.7,4
38,Isère,1983,5.72,5.6,6.0,4
38,Isère,1984,6.98,6.5,7.3,4
38,Isère,1985,7.12,6.9,7.3,4
38,Isère,1986,6.85,6.7,7.1,4
38,Isère,1987,7.43,7.4,7.5,4
38,Isère,1988,7.05,6.8,7.3,4
38,Isère,1989,6.42,6.2,6.6,4
38,Isère,1990,6.7,6.5,6.9,4
38,Isère,1991,7.45,7.0,8.0,4
38,Isère,1992,8.78,8.3,9.3,4
38,Isère,1993,10.1,9.6,10.5,4
38,Isère,1994,10.48,10.1,10.7,4
38,Isère,1995,9.48,9.3,9.8,4
38,Isère,1996,9.65,9.5,9.7,4
38,Isère,1997,9.55,9.5,9.7,4
38,Isère,1998,9.07,9.0,9.2,4
38,Isère,1999,8.85,8.4,9.1,4
38,Isère,2000,7.2,6.5,8.0,4
38,Isère,2001,6.1,6.0,6.3,4
38,Isère,2002,6.48,6.4,6.5,4
38,Isère,2003,7.0,6.9,7.2,4
38,Isère,2004,7.28,7.2,7.4,4
38,Isère,2005,7.22,7.1,7.3,4
38,Isère,2006,7.1,6.7,7.4,4
38,Isère,2007,6.55,6.1,6.9,4
38,Isère,2008,6.05,5.8,6.3,4
38,Isère,2009,7.93,7.3,8.3,4
38,Isère,2010,7.82,7.7,8.0,4
38,Isère,2011,7.6,7.5,7.7,4
38,Isère,2012,8.05,7.8,8.4,4
38,Isère,2013,8.3,8.1,8.5,4
38,Isère,2014,8.25,8.1,8.4,4
38,Isère,2015,8.6,8.4,8.7,4
38,Isère,2016,8.4,8.2,8.6,4
38,Isère,2017,7.82,7.4,8.0,4
38,Isère,2018,7.35,7.1,7.6,4
38,Isère,2019,6.9,6.7,7.1,4
38,Isère,2020,6.62,6.1,7.4,4
38,Isère,2021,6.52,6.1,6.9,4
38,Isère,2022,5.88,5.7,6.0,4
38,Isère,2023,5.95,5.7,6.2,4
38,Isère,2024,6.0,5.9,6.1,4
38,Isère,2025,6.28,6.1,6.5,4
39,Jura,1982,5.0,5.0,5.0,4
39,Jura,1983,4.78,4.7,4.9,4
39,Jura,1984,5.48,5.1,6.0,4
39,Jura,1985,5.8,5.6,5.9,4
39,Jura,1986,5.9,5.8,6.0,4
39,Jura,1987,6.07,6.0,6.1,4
39,Jura,1988,5.8,5.2,6.2,4
39,Jura,1989,4.62,4.5,4.9,4
39,Jura,1990,4.18,4.1,4.3,4
39,Jura,1991,4.42,4.2,4.6,4
39,Jura,1992,5.3,4.9,5.8,4
39,Jura,1993,6.3,5.9,6.6,4
39,Jura,1994,6.52,6.2,6.7,4
39,Jura,1995,5.6,5.4,5.9,4
39,Jura,1996,6.1,5.7,6.5,4
39,Jura,1997,6.55,6.4,6.6,4
39,Jura,1998,6.12,6.0,6.2,4
39,Jura,1999,5.88,5.5,6.2,4
39,Jura,2000,4.95,4.4,5.3,4
39,Jura,2001,4.55,4.3,4.9,4
39,Jura,2002,5.32,5.1,5.6,4
39,Jura,2003,6.12,5.9,6.5,4
39,Jura,2004,6.35,6.3,6.5,4
39,Jura,2005,6.42,6.2,6.6,4
39,Jura,2006,6.5,6.2,6.7,4
39,Jura,2007,5.82,5.6,6.1,4
39,Jura,2008,5.72,5.2,6.4,4
39,Jura,2009,7.88,7.4,8.2,4
39,Jura,2010,7.42,7.0,7.8,4
39,Jura,2011,6.72,6.6,6.8,4
39,Jura,2012,7.1,6.8,7.5,4
39,Jura,2013,7.6,7.5,7.7,4
39,Jura,2014,7.55,7.4,7.7,4
39,Jura,2015,7.75,7.7,7.9,4
39,Jura,2016,7.52,7.3,7.7,4
39,Jura,2017,6.85,6.4,7.1,4
39,Jura,2018,6.4,6.2,6.6,4
39,Jura,2019,6.12,6.0,6.3,4
39,Jura,2020,5.8,5.5,6.5,4
39,Jura,2021,5.38,4.9,5.7,4
39,Jura,2022,5.05,4.9,5.1,4
39,Jura,2023,5.22,5.1,5.3,4
39,Jura,2024,5.28,5.2,5.4,4
39,Jura,2025,5.62,5.5,5.8,4
40,Landes,1982,5.6,5.4,5.7,4
40,Landes,1983,5.88,5.7,6.2,4
40,Landes,1984,6.85,6.5,7.2,4
40,Landes,1985,7.1,7.0,7.2,4
40,Landes,1986,7.15,6.9,7.4,4
40,Landes,1987,7.32,7.2,7.5,4
40,Landes,1988,7.25,7.1,7.3,4
40,Landes,1989,6.7,6.4,7.0,4
40,Landes,1990,6.08,5.9,6.3,4
40,Landes,1991,6.28,6.1,6.5,4
40,Landes,1992,7.05,6.8,7.3,4
40,Landes,1993,7.8,7.5,8.1,4
40,Landes,1994,8.12,7.9,8.3,4
40,Landes,1995,7.88,7.8,7.9,4
40,Landes,1996,8.35,8.3,8.5,4
40,Landes,1997,8.22,8.2,8.3,4
40,Landes,1998,8.17,8.1,8.2,4
40,Landes,1999,8.12,7.8,8.3,4
40,Landes,2000,7.3,7.0,7.5,4
40,Landes,2001,6.7,6.6,6.8,4
40,Landes,2002,6.72,6.7,6.8,4
40,Landes,2003,7.2,7.1,7.5,4
40,Landes,2004,7.48,7.3,7.6,4
40,Landes,2005,7.55,7.3,7.7,4
40,Landes,2006,7.58,7.2,7.8,4
40,Landes,2007,6.85,6.4,7.3,4
40,Landes,2008,6.45,6.1,6.9,4
40,Landes,2009,7.85,7.4,8.1,4
40,Landes,2010,7.98,7.9,8.1,4
40,Landes,2011,8.1,8.0,8.3,4
40,Landes,2012,8.8,8.5,9.1,4
40,Landes,2013,9.35,9.3,9.4,4
40,Landes,2014,9.43,9.3,9.6,4
40,Landes,2015,9.6,9.4,9.8,4
40,Landes,2016,9.43,9.4,9.5,4
40,Landes,2017,9.02,8.6,9.2,4
40,Landes,2018,8.5,8.2,8.8,4
40,Landes,2019,7.98,7.8,8.2,4
40,Landes,2020,7.72,7.2,8.7,4
40,Landes,2021,7.45,6.8,7.8,4
40,Landes,2022,6.85,6.8,6.9,4
40,Landes,2023,6.75,6.6,6.9,4
40,Landes,2024,6.65,6.5,6.8,4
40,Landes,2025,6.8,6.6,7.0,4
41,Loir-et-Cher,1982,5.82,5.7,6.0,4
41,Loir-et-Cher,1983,6.48,6.2,6.7,4
41,Loir-et-Cher,1984,7.4,7.0,7.7,4
41,Loir-et-Cher,1985,7.3,7.2,7.5,4
41,Loir-et-Cher,1986,7.55,7.5,7.6,4
41,Loir-et-Cher,1987,7.6,7.5,7.7,4
41,Loir-et-Cher,1988,7.45,7.2,7.6,4
41,Loir-et-Cher,1989,6.5,6.4,6.7,4
41,Loir-et-Cher,1990,6.1,6.0,6.2,4
41,Loir-et-Cher,1991,6.32,6.1,6.6,4
41,Loir-et-Cher,1992,7.4,7.0,7.8,4
41,Loir-et-Cher,1993,8.62,8.1,9.1,4
41,Loir-et-Cher,1994,9.4,9.2,9.5,4
41,Loir-et-Cher,1995,8.4,8.1,8.8,4
41,Loir-et-Cher,1996,8.9,8.6,9.2,4
41,Loir-et-Cher,1997,8.93,8.7,9.1,4
41,Loir-et-Cher,1998,8.62,8.6,8.7,4
41,Loir-et-Cher,1999,8.18,7.5,8.6,4
41,Loir-et-Cher,2000,6.85,6.4,7.3,4
41,Loir-et-Cher,2001,6.0,5.9,6.2,4
41,Loir-et-Cher,2002,6.32,6.1,6.6,4
41,Loir-et-Cher,2003,7.22,6.9,7.7,4
41,Loir-et-Cher,2004,7.75,7.7,7.8,4
41,Loir-et-Cher,2005,7.68,7.6,7.8,4
41,Loir-et-Cher,2006,7.48,7.1,7.8,4
41,Loir-et-Cher,2007,6.68,6.4,7.0,4
41,Loir-et-Cher,2008,6.28,6.0,6.8,4
41,Loir-et-Cher,2009,8.05,7.6,8.4,4
41,Loir-et-Cher,2010,7.95,7.8,8.1,4
41,Loir-et-Cher,2011,7.75,7.5,7.9,4
41,Loir-et-Cher,2012,8.38,8.0,8.8,4
41,Loir-et-Cher,2013,9.07,8.9,9.2,4
41,Loir-et-Cher,2014,9.02,8.9,9.2,4
41,Loir-et-Cher,2015,9.0,8.9,9.2,4
41,Loir-et-Cher,2016,8.68,8.5,8.9,4
41,Loir-et-Cher,2017,8.0,7.7,8.2,4
41,Loir-et-Cher,2018,7.72,7.5,7.9,4
41,Loir-et-Cher,2019,7.15,6.8,7.5,4
41,Loir-et-Cher,2020,6.58,6.2,7.3,4
41,Loir-et-Cher,2021,6.4,6.0,6.6,4
41,Loir-et-Cher,2022,5.98,5.9,6.1,4
41,Loir-et-Cher,2023,5.95,5.8,6.1,4
41,Loir-et-Cher,2024,6.12,6.0,6.3,4
41,Loir-et-Cher,2025,6.4,6.3,6.6,4
42,Loire,1982,7.82,7.7,8.0,4
42,Loire,1983,8.22,7.9,8.7,4
42,Loire,1984,9.93,9.4,10.2,4
42,Loire,1985,10.55,10.4,10.7,4
42,Loire,1986,10.28,10.2,10.4,4
42,Loire,1987,9.95,9.7,10.3,4
42,Loire,1988,9.32,9.1,9.6,4
42,Loire,1989,8.43,8.2,8.7,4
42,Loire,1990,8.55,8.4,8.7,4
42,Loire,1991,9.1,8.7,9.6,4
42,Loire,1992,10.4,10.0,10.8,4
42,Loire,1993,11.48,11.0,11.8,4
42,Loire,1994,11.88,11.5,12.1,4
42,Loire,1995,10.9,10.7,11.2,4
42,Loire,1996,11.42,11.1,11.6,4
42,Loire,1997,11.15,10.8,11.4,4
42,Loire,1998,9.95,9.6,10.5,4
42,Loire,1999,9.6,9.2,9.8,4
42,Loire,2000,8.3,7.8,8.8,4
42,Loire,2001,7.5,7.5,7.5,4
42,Loire,2002,7.52,7.4,7.7,4
42,Loire,2003,8.3,8.1,8.6,4
42,Loire,2004,8.6,8.5,8.7,4
42,Loire,2005,8.52,8.4,8.6,4
42,Loire,2006,8.45,7.9,8.8,4
42,Loire,2007,7.58,7.0,8.0,4
42,Loire,2008,7.08,6.7,7.6,4
42,Loire,2009,9.2,8.7,9.5,4
42,Loire,2010,9.05,8.9,9.3,4
42,Loire,2011,8.9,8.8,9.0,4
42,Loire,2012,9.5,9.1,10.0,4
42,Loire,2013,10.07,9.9,10.2,4
42,Loire,2014,10.02,9.9,10.3,4
42,Loire,2015,10.22,10.1,10.4,4
42,Loire,2016,9.95,9.7,10.1,4
42,Loire,2017,9.2,8.7,9.4,4
42,Loire,2018,8.72,8.5,8.9,4
42,Loire,2019,8.25,8.1,8.5,4
42,Loire,2020,7.9,7.3,8.7,4
42,Loire,2021,7.6,7.2,7.9,4
42,Loire,2022,7.12,7.0,7.3,4
42,Loire,2023,7.38,7.1,7.6,4
42,Loire,2024,7.6,7.5,7.7,4
42,Loire,2025,7.85,7.7,8.1,4
43,Haute-Loire,1982,5.78,5.5,6.0,4
43,Haute-Loire,1983,6.08,5.9,6.3,4
43,Haute-Loire,1984,7.38,6.8,7.7,4
43,Haute-Loire,1985,7.42,7.3,7.6,4
43,Haute-Loire,1986,7.38,7.3,7.4,4
43,Haute-Loire,1987,7.4,7.3,7.5,4
43,Haute-Loire,1988,7.25,7.2,7.3,4
43,Haute-Loire,1989,6.88,6.7,7.0,4
43,Haute-Loire,1990,6.85,6.8,7.0,4
43,Haute-Loire,1991,7.0,6.9,7.1,4
43,Haute-Loire,1992,6.82,6.5,7.2,4
43,Haute-Loire,1993,6.85,6.5,7.2,4
43,Haute-Loire,1994,7.68,7.5,7.8,4
43,Haute-Loire,1995,7.3,7.1,7.5,4
43,Haute-Loire,1996,7.72,7.6,7.9,4
43,Haute-Loire,1997,7.48,7.3,7.6,4
43,Haute-Loire,1998,7.28,7.2,7.4,4
43,Haute-Loire,1999,7.52,7.3,7.7,4
43,Haute-Loire,2000,6.52,6.2,7.0,4
43,Haute-Loire,2001,6.1,6.0,6.3,4
43,Haute-Loire,2002,6.0,6.0,6.0,4
43,Haute-Loire,2003,6.42,6.2,6.6,4
43,Haute-Loire,2004,6.75,6.7,6.8,4
43,Haute-Loire,2005,6.82,6.5,7.1,4
43,Haute-Loire,2006,7.05,6.6,7.4,4
43,Haute-Loire,2007,6.48,6.0,6.8,4
43,Haute-Loire,2008,6.05,5.7,6.5,4
43,Haute-Loire,2009,7.32,7.1,7.5,4
43,Haute-Loire,2010,7.08,7.0,7.2,4
43,Haute-Loire,2011,7.18,7.0,7.4,4
43,Haute-Loire,2012,7.9,7.5,8.4,4
43,Haute-Loire,2013,8.48,8.3,8.6,4
43,Haute-Loire,2014,8.38,8.3,8.5,4
43,Haute-Loire,2015,8.4,8.3,8.5,4
43,Haute-Loire,2016,8.25,8.1,8.5,4
43,Haute-Loire,2017,7.4,7.0,7.7,4
43,Haute-Loire,2018,7.05,6.8,7.2,4
43,Haute-Loire,2019,6.62,6.5,6.8,4
43,Haute-Loire,2020,6.22,5.8,6.9,4
43,Haute-Loire,2021,6.0,5.7,6.2,4
43,Haute-Loire,2022,5.58,5.5,5.7,4
43,Haute-Loire,2023,5.62,5.5,5.7,4
43,Haute-Loire,2024,5.6,5.5,5.7,4
43,Haute-Loire,2025,5.65,5.6,5.8,4
44,Loire-Atlantique,1982,8.95,8.8,9.1,4
44,Loire-Atlantique,1983,9.32,9.2,9.6,4
44,Loire-Atlantique,1984,10.9,10.3,11.6,4
44,Loire-Atlantique,1985,11.68,11.6,11.7,4
44,Loire-Atlantique,1986,11.68,11.5,11.8,4
44,Loire-Atlantique,1987,11.6,11.5,11.7,4
44,Loire-Atlantique,1988,11.02,10.6,11.4,4
44,Loire-Atlantique,1989,10.07,9.9,10.3,4
44,Loire-Atlantique,1990,9.32,9.1,9.5,4
44,Loire-Atlantique,1991,9.35,9.1,9.6,4
44,Loire-Atlantique,1992,10.32,10.0,10.6,4
44,Loire-Atlantique,1993,11.12,10.8,11.5,4
44,Loire-Atlantique,1994,11.4,11.1,11.6,4
44,Loire-Atlantique,1995,10.48,10.3,10.8,4
44,Loire-Atlantique,1996,11.0,10.8,11.1,4
44,Loire-Atlantique,1997,10.92,10.7,11.1,4
44,Loire-Atlantique,1998,10.32,10.2,10.5,4
44,Loire-Atlantique,1999,9.6,9.0,10.1,4
44,Loire-Atlantique,2000,7.98,7.4,8.5,4
44,Loire-Atlantique,2001,7.25,7.2,7.3,4
44,Loire-Atlantique,2002,7.22,7.2,7.3,4
44,Loire-Atlantique,2003,7.68,7.5,8.0,4
44,Loire-Atlantique,2004,8.05,8.0,8.2,4
44,Loire-Atlantique,2005,7.88,7.7,8.0,4
44,Loire-Atlantique,2006,7.8,7.5,8.0,4
44,Loire-Atlantique,2007,6.92,6.4,7.4,4
44,Loire-Atlantique,2008,6.1,5.9,6.5,4
44,Loire-Atlantique,2009,7.9,7.2,8.5,4
44,Loire-Atlantique,2010,8.05,7.9,8.2,4
44,Loire-Atlantique,2011,7.6,7.5,7.7,4
44,Loire-Atlantique,2012,7.98,7.7,8.3,4
44,Loire-Atlantique,2013,8.52,8.4,8.7,4
44,Loire-Atlantique,2014,8.68,8.5,8.9,4
44,Loire-Atlantique,2015,8.82,8.7,9.0,4
44,Loire-Atlantique,2016,8.3,8.1,8.6,4
44,Loire-Atlantique,2017,7.55,7.1,7.8,4
44,Loire-Atlantique,2018,7.2,7.0,7.4,4
44,Loire-Atlantique,2019,6.82,6.7,7.0,4
44,Loire-Atlantique,2020,6.82,6.4,7.6,4
44,Loire-Atlantique,2021,6.42,5.9,7.0,4
44,Loire-Atlantique,2022,5.68,5.4,5.8,4
44,Loire-Atlantique,2023,5.5,5.4,5.6,4
44,Loire-Atlantique,2024,5.57,5.5,5.6,4
44,Loire-Atlantique,2025,5.98,5.8,6.2,4
45,Loiret,1982,5.32,5.1,5.6,4
45,Loiret,1983,5.95,5.6,6.4,4
45,Loiret,1984,7.08,6.5,7.7,4
45,Loiret,1985,7.98,7.7,8.2,4
45,Loiret,1986,7.85,7.7,8.1,4
45,Loiret,1987,8.0,7.8,8.1,4
45,Loiret,1988,7.48,7.3,7.7,4
45,Loiret,1989,6.85,6.6,7.2,4
45,Loiret,1990,5.95,5.8,6.2,4
45,Loiret,1991,6.12,5.9,6.4,4
45,Loiret,1992,6.9,6.7,7.2,4
45,Loiret,1993,7.88,7.4,8.3,4
45,Loiret,1994,8.4,8.2,8.5,4
45,Loiret,1995,7.72,7.5,8.0,4
45,Loiret,1996,8.12,7.9,8.3,4
45,Loiret,1997,7.95,7.7,8.2,4
45,Loiret,1998,7.28,7.2,7.4,4
45,Loiret,1999,6.98,6.5,7.3,4
45,Loiret,2000,5.58,5.2,6.0,4
45,Loiret,2001,4.92,4.8,5.1,4
45,Loiret,2002,5.45,5.3,5.6,4
45,Loiret,2003,6.35,6.0,6.8,4
45,Loiret,2004,6.9,6.8,7.0,4
45,Loiret,2005,7.02,6.7,7.3,4
45,Loiret,2006,7.18,6.9,7.4,4
45,Loiret,2007,6.45,6.1,6.8,4
45,Loiret,2008,6.05,5.7,6.5,4
45,Loiret,2009,8.0,7.3,8.6,4
45,Loiret,2010,8.4,8.4,8.4,4
45,Loiret,2011,8.38,8.2,8.6,4
45,Loiret,2012,9.18,8.8,9.6,4
45,Loiret,2013,9.78,9.7,9.9,4
45,Loiret,2014,9.95,9.8,10.3,4
45,Loiret,2015,10.07,10.0,10.2,4
45,Loiret,2016,9.93,9.8,10.0,4
45,Loiret,2017,9.05,8.5,9.3,4
45,Loiret,2018,8.72,8.6,8.8,4
45,Loiret,2019,8.38,8.0,8.7,4
45,Loiret,2020,7.62,7.1,8.4,4
45,Loiret,2021,7.32,7.0,7.5,4
45,Loiret,2022,7.08,6.9,7.3,4
45,Loiret,2023,7.12,6.8,7.4,4
45,Loiret,2024,7.35,7.2,7.4,4
45,Loiret,2025,7.65,7.5,8.0,4
46,Lot,1982,5.42,5.2,5.8,4
46,Lot,1983,6.12,5.9,6.4,4
46,Lot,1984,7.4,7.0,7.6,4
46,Lot,1985,7.75,7.6,7.9,4
46,Lot,1986,7.9,7.8,8.0,4
46,Lot,1987,8.07,8.0,8.2,4
46,Lot,1988,8.15,8.0,8.2,4
46,Lot,1989,7.68,7.5,7.9,4
46,Lot,1990,7.1,6.8,7.5,4
46,Lot,1991,6.78,6.7,6.9,4
46,Lot,1992,7.12,7.0,7.3,4
46,Lot,1993,7.6,7.4,7.8,4
46,Lot,1994,8.0,8.0,8.0,4
46,Lot,1995,7.78,7.7,7.9,4
46,Lot,1996,8.38,8.1,8.5,4
46,Lot,1997,8.55,8.5,8.6,4
46,Lot,1998,8.43,8.4,8.5,4
46,Lot,1999,8.38,8.1,8.5,4
46,Lot,2000,7.52,7.2,7.9,4
46,Lot,2001,6.88,6.8,7.0,4
46,Lot,2002,6.82,6.8,6.9,4
46,Lot,2003,7.3,7.2,7.5,4
46,Lot,2004,7.58,7.5,7.7,4
46,Lot,2005,7.65,7.3,8.0,4
46,Lot,2006,7.8,7.3,8.1,4
46,Lot,2007,6.88,6.4,7.3,4
46,Lot,2008,6.52,6.1,6.9,4
46,Lot,2009,8.02,7.5,8.4,4
46,Lot,2010,8.18,8.1,8.3,4
46,Lot,2011,8.55,8.3,8.9,4
46,Lot,2012,9.18,9.0,9.5,4
46,Lot,2013,9.5,9.3,9.7,4
46,Lot,2014,9.25,9.2,9.3,4
46,Lot,2015,9.18,9.1,9.3,4
46,Lot,2016,9.07,9.0,9.1,4
46,Lot,2017,8.78,8.5,9.0,4
46,Lot,2018,8.57,8.5,8.7,4
46,Lot,2019,8.28,8.0,8.6,4
46,Lot,2020,7.95,7.3,8.9,4
46,Lot,2021,7.82,7.4,8.0,4
46,Lot,2022,7.3,7.2,7.4,4
46,Lot,2023,7.35,7.3,7.5,4
46,Lot,2024,7.2,7.0,7.4,4
46,Lot,2025,7.28,7.1,7.4,4
47,Lot-et-Garonne,1982,7.32,7.1,7.5,4
47,Lot-et-Garonne,1983,7.6,7.5,7.8,4
47,Lot-et-Garonne,1984,8.57,8.2,8.8,4
47,Lot-et-Garonne,1985,9.18,9.0,9.3,4
47,Lot-et-Garonne,1986,8.95,8.9,9.0,4
47,Lot-et-Garonne,1987,9.1,9.0,9.2,4
47,Lot-et-Garonne,1988,8.7,8.4,8.9,4
47,Lot-et-Garonne,1989,8.65,8.4,8.9,4
47,Lot-et-Garonne,1990,8.3,8.1,8.6,4
47,Lot-et-Garonne,1991,8.48,8.1,8.9,4
47,Lot-et-Garonne,1992,9.4,9.2,9.6,4
47,Lot-et-Garonne,1993,10.15,9.8,10.5,4
47,Lot-et-Garonne,1994,10.45,10.2,10.6,4
47,Lot-et-Garonne,1995,9.78,9.6,10.0,4
47,Lot-et-Garonne,1996,10.02,10.0,10.1,4
47,Lot-et-Garonne,1997,10.28,10.2,10.4,4
47,Lot-et-Garonne,1998,10.25,10.2,10.3,4
47,Lot-et-Garonne,1999,9.88,9.3,10.3,4
47,Lot-et-Garonne,2000,8.48,8.1,8.9,4
47,Lot-et-Garonne,2001,7.75,7.6,7.9,4
47,Lot-et-Garonne,2002,7.48,7.4,7.6,4
47,Lot-et-Garonne,2003,8.1,7.9,8.4,4
47,Lot-et-Garonne,2004,8.48,8.4,8.5,4
47,Lot-et-Garonne,2005,8.45,8.2,8.8,4
47,Lot-et-Garonne,2006,8.68,8.4,8.9,4
47,Lot-et-Garonne,2007,7.8,7.2,8.4,4
47,Lot-et-Garonne,2008,7.42,6.9,7.9,4
47,Lot-et-Garonne,2009,8.9,8.5,9.3,4
47,Lot-et-Garonne,2010,9.25,9.1,9.3,4
47,Lot-et-Garonne,2011,9.15,8.9,9.5,4
47,Lot-et-Garonne,2012,9.72,9.4,10.0,4
47,Lot-et-Garonne,2013,10.02,9.8,10.2,4
47,Lot-et-Garonne,2014,10.0,9.9,10.2,4
47,Lot-et-Garonne,2015,10.3,10.2,10.4,4
47,Lot-et-Garonne,2016,10.15,9.9,10.4,4
47,Lot-et-Garonne,2017,9.25,8.9,9.5,4
47,Lot-et-Garonne,2018,8.9,8.7,9.2,4
47,Lot-et-Garonne,2019,8.55,8.2,8.9,4
47,Lot-et-Garonne,2020,7.9,7.1,8.7,4
47,Lot-et-Garonne,2021,7.88,7.6,8.1,4
47,Lot-et-Garonne,2022,7.45,7.3,7.6,4
47,Lot-et-Garonne,2023,7.2,7.1,7.4,4
47,Lot-et-Garonne,2024,7.28,7.1,7.4,4
47,Lot-et-Garonne,2025,7.68,7.5,7.9,4
48,Lozère,1982,5.28,5.2,5.4,4
48,Lozère,1983,5.7,5.4,6.1,4
48,Lozère,1984,6.62,6.4,6.7,4
48,Lozère,1985,6.48,6.3,6.7,4
48,Lozère,1986,6.12,5.9,6.3,4
48,Lozère,1987,5.85,5.8,5.9,4
48,Lozère,1988,5.52,5.3,5.7,4
48,Lozère,1989,4.93,4.9,5.0,4
48,Lozère,1990,5.2,5.0,5.4,4
48,Lozère,1991,4.93,4.9,5.0,4
48,Lozère,1992,5.32,5.3,5.4,4
48,Lozère,1993,5.32,5.2,5.4,4
48,Lozère,1994,5.52,5.4,5.6,4
48,Lozère,1995,5.2,5.0,5.4,4
48,Lozère,1996,5.78,5.7,5.8,4
48,Lozère,1997,5.95,5.7,6.2,4
48,Lozère,1998,6.02,5.9,6.1,4
48,Lozère,1999,5.9,5.9,5.9,4
48,Lozère,2000,5.28,4.9,5.7,4
48,Lozère,2001,4.9,4.9,4.9,4
48,Lozère,2002,4.78,4.7,4.8,4
48,Lozère,2003,4.82,4.8,4.9,4
48,Lozère,2004,5.0,4.9,5.2,4
48,Lozère,2005,5.1,5.0,5.2,4
48,Lozère,2006,5.12,4.8,5.3,4
48,Lozère,2007,4.5,4.1,4.9,4
48,Lozère,2008,4.02,3.8,4.3,4
48,Lozère,2009,4.9,4.7,5.0,4
48,Lozère,2010,4.92,4.8,5.0,4
48,Lozère,2011,5.25,5.1,5.4,4
48,Lozère,2012,5.68,5.5,6.0,4
48,Lozère,2013,6.12,6.0,6.3,4
48,Lozère,2014,6.0,5.8,6.3,4
48,Lozère,2015,6.45,6.4,6.5,4
48,Lozère,2016,6.32,6.2,6.5,4
48,Lozère,2017,5.95,5.6,6.2,4
48,Lozère,2018,5.75,5.6,5.9,4
48,Lozère,2019,5.38,5.2,5.6,4
48,Lozère,2020,5.15,4.9,5.7,4
48,Lozère,2021,5.05,4.8,5.2,4
48,Lozère,2022,4.62,4.6,4.7,4
48,Lozère,2023,4.72,4.6,4.8,4
48,Lozère,2024,4.72,4.6,4.8,4
48,Lozère,2025,4.8,4.8,4.8,4
49,Maine-et-Loire,1982,7.35,7.1,7.5,4
49,Maine-et-Loire,1983,7.65,7.4,8.0,4
49,Maine-et-Loire,1984,9.12,8.6,9.6,4
49,Maine-et-Loire,1985,9.68,9.6,9.8,4
49,Maine-et-Loire,1986,10.0,9.8,10.1,4
49,Maine-et-Loire,1987,10.02,9.9,10.1,4
49,Maine-et-Loire,1988,9.62,9.3,9.9,4
49,Maine-et-Loire,1989,8.8,8.5,9.1,4
49,Maine-et-Loire,1990,7.82,7.5,8.1,4
49,Maine-et-Loire,1991,7.7,7.4,8.1,4
49,Maine-et-Loire,1992,8.57,8.4,8.7,4
49,Maine-et-Loire,1993,9.35,8.9,9.8,4
49,Maine-et-Loire,1994,9.88,9.7,10.0,4
49,Maine-et-Loire,1995,9.1,8.9,9.4,4
49,Maine-et-Loire,1996,9.22,9.1,9.3,4
49,Maine-et-Loire,1997,9.18,9.0,9.3,4
49,Maine-et-Loire,1998,8.62,8.5,8.8,4
49,Maine-et-Loire,1999,8.2,7.6,8.6,4
49,Maine-et-Loire,2000,6.98,6.6,7.3,4
49,Maine-et-Loire,2001,6.62,6.5,6.8,4
49,Maine-et-Loire,2002,6.72,6.7,6.8,4
49,Maine-et-Loire,2003,7.3,7.0,7.6,4
49,Maine-et-Loire,2004,7.5,7.4,7.6,4
49,Maine-et-Loire,2005,7.55,7.3,7.8,4
49,Maine-et-Loire,2006,7.68,7.4,7.9,4
49,Maine-et-Loire,2007,6.85,6.3,7.3,4
49,Maine-et-Loire,2008,6.3,5.9,6.9,4
49,Maine-et-Loire,2009,8.2,7.7,8.5,4
49,Maine-et-Loire,2010,8.07,7.9,8.2,4
49,Maine-et-Loire,2011,7.92,7.8,8.2,4
49,Maine-et-Loire,2012,8.62,8.2,9.1,4
49,Maine-et-Loire,2013,9.22,9.1,9.4,4
49,Maine-et-Loire,2014,9.32,9.2,9.6,4
49,Maine-et-Loire,2015,9.57,9.5,9.7,4
49,Maine-et-Loire,2016,9.25,9.1,9.5,4
49,Maine-et-Loire,2017,8.5,8.1,8.7,4
49,Maine-et-Loire,2018,8.12,7.9,8.3,4
49,Maine-et-Loire,2019,7.62,7.5,7.8,4
49,Maine-et-Loire,2020,7.52,7.1,8.3,4
49,Maine-et-Loire,2021,6.98,6.5,7.4,4
49,Maine-et-Loire,2022,6.45,6.3,6.6,4
49,Maine-et-Loire,2023,6.25,6.1,6.4,4
49,Maine-et-Loire,2024,6.35,6.3,6.4,4
49,Maine-et-Loire,2025,6.72,6.5,7.1,4
50,Manche,1982,6.25,6.1,6.4,4
50,Manche,1983,6.6,6.4,7.0,4
50,Manche,1984,8.0,7.5,8.5,4
50,Manche,1985,8.57,8.4,8.7,4
50,Manche,1986,8.52,8.5,8.6,4
50,Manche,1987,8.43,8.2,8.6,4
50,Manche,1988,7.52,7.4,7.8,4
50,Manche,1989,7.3,7.2,7.5,4
50,Manche,1990,7.0,6.9,7.2,4
50,Manche,1991,6.98,6.8,7.2,4
50,Manche,1992,7.72,7.5,7.9,4
50,Manche,1993,8.07,7.8,8.5,4
50,Manche,1994,8.85,8.8,8.9,4
50,Manche,1995,8.3,8.1,8.5,4
50,Manche,1996,9.12,8.9,9.3,4
50,Manche,1997,9.33,9.3,9.4,4
50,Manche,1998,8.95,8.8,9.1,4
50,Manche,1999,8.48,8.0,8.8,4
50,Manche,2000,7.25,7.0,7.6,4
50,Manche,2001,6.85,6.8,6.9,4
50,Manche,2002,6.82,6.8,6.9,4
50,Manche,2003,7.05,6.9,7.2,4
50,Manche,2004,7.38,7.2,7.5,4
50,Manche,2005,7.52,7.3,7.7,4
50,Manche,2006,7.62,7.3,7.8,4
50,Manche,2007,6.9,6.3,7.4,4
50,Manche,2008,6.38,6.1,6.8,4
50,Manche,2009,7.92,7.7,8.1,4
50,Manche,2010,7.78,7.7,7.9,4
50,Manche,2011,7.72,7.7,7.8,4
50,Manche,2012,7.98,7.7,8.3,4
50,Manche,2013,8.38,8.2,8.5,4
50,Manche,2014,8.32,8.2,8.4,4
50,Manche,2015,8.3,8.2,8.4,4
50,Manche,2016,7.98,7.8,8.2,4
50,Manche,2017,7.22,6.9,7.5,4
50,Manche,2018,6.75,6.5,7.0,4
50,Manche,2019,6.12,6.0,6.4,4
50,Manche,2020,6.0,5.7,6.6,4
50,Manche,2021,5.48,5.1,5.8,4
50,Manche,2022,5.05,5.0,5.1,4
50,Manche,2023,5.1,5.0,5.3,4
50,Manche,2024,5.25,5.2,5.3,4
50,Manche,2025,5.38,5.3,5.5,4
51,Marne,1982,7.12,7.1,7.2,4
51,Marne,1983,7.38,7.1,7.7,4
51,Marne,1984,8.57,8.1,8.9,4
51,Marne,1985,9.78,9.1,10.3,4
51,Marne,1986,9.65,9.3,10.2,4
51,Marne,1987,9.35,9.2,9.5,4
51,Marne,1988,8.95,8.8,9.0,4
51,Marne,1989,8.2,7.9,8.5,4
51,Marne,1990,7.65,7.5,7.8,4
51,Marne,1991,7.55,7.4,7.7,4
51,Marne,1992,8.22,8.0,8.5,4
51,Marne,1993,9.2,8.7,9.7,4
51,Marne,1994,9.88,9.7,10.0,4
51,Marne,1995,9.57,9.5,9.7,4
51,Marne,1996,9.93,9.8,10.0,4
51,Marne,1997,9.9,9.7,10.0,4
51,Marne,1998,9.1,9.0,9.3,4
51,Marne,1999,8.62,8.1,9.0,4
51,Marne,2000,7.38,7.2,7.7,4
51,Marne,2001,6.88,6.8,7.1,4
51,Marne,2002,6.72,6.7,6.8,4
51,Marne,2003,7.32,7.1,7.6,4
51,Marne,2004,7.78,7.6,7.9,4
51,Marne,2005,8.07,7.7,8.4,4
51,Marne,2006,8.12,7.7,8.4,4
51,Marne,2007,7.25,6.9,7.7,4
51,Marne,2008,6.82,6.5,7.3,4
51,Marne,2009,8.48,8.1,8.7,4
51,Marne,2010,8.4,8.3,8.5,4
51,Marne,2011,8.5,8.3,8.9,4
51,Marne,2012,9.25,8.8,9.7,4
51,Marne,2013,10.07,9.7,10.3,4
51,Marne,2014,9.98,9.9,10.1,4
51,Marne,2015,10.0,9.9,10.1,4
51,Marne,2016,9.55,9.3,9.8,4
51,Marne,2017,8.85,8.3,9.1,4
51,Marne,2018,8.4,8.2,8.7,4
51,Marne,2019,7.9,7.6,8.1,4
51,Marne,2020,7.62,6.8,8.5,4
51,Marne,2021,7.42,7.0,7.7,4
51,Marne,2022,7.02,6.9,7.2,4
51,Marne,2023,7.22,6.9,7.4,4
51,Marne,2024,7.18,6.9,7.3,4
51,Marne,2025,7.3,7.1,7.6,4
52,Haute-Marne,1982,6.85,6.8,6.9,4
52,Haute-Marne,1983,7.32,6.9,7.7,4
52,Haute-Marne,1984,8.78,8.1,9.3,4
52,Haute-Marne,1985,9.4,9.2,9.6,4
52,Haute-Marne,1986,9.15,9.0,9.3,4
52,Haute-Marne,1987,9.18,8.8,9.4,4
52,Haute-Marne,1988,8.38,7.9,8.7,4
52,Haute-Marne,1989,7.25,7.0,7.5,4
52,Haute-Marne,1990,6.7,6.6,6.8,4
52,Haute-Marne,1991,7.15,6.8,7.5,4
52,Haute-Marne,1992,7.88,7.7,8.2,4
52,Haute-Marne,1993,9.12,8.5,9.7,4
52,Haute-Marne,1994,9.85,9.5,10.1,4
52,Haute-Marne,1995,8.98,8.8,9.2,4
52,Haute-Marne,1996,9.62,9.4,9.8,4
52,Haute-Marne,1997,9.52,9.2,9.7,4
52,Haute-Marne,1998,8.68,8.6,8.8,4
52,Haute-Marne,1999,8.75,8.4,9.0,4
52,Haute-Marne,2000,7.35,7.0,7.9,4
52,Haute-Marne,2001,6.98,6.9,7.1,4
52,Haute-Marne,2002,7.02,7.0,7.1,4
52,Haute-Marne,2003,7.68,7.4,8.2,4
52,Haute-Marne,2004,8.43,8.4,8.5,4
52,Haute-Marne,2005,8.4,8.1,8.8,4
52,Haute-Marne,2006,8.72,8.1,9.0,4
52,Haute-Marne,2007,7.57,7.1,8.1,4
52,Haute-Marne,2008,7.18,6.7,7.9,4
52,Haute-Marne,2009,9.3,8.9,9.7,4
52,Haute-Marne,2010,8.7,8.5,8.9,4
52,Haute-Marne,2011,8.48,8.3,8.7,4
52,Haute-Marne,2012,9.22,8.7,9.9,4
52,Haute-Marne,2013,9.8,9.4,10.1,4
52,Haute-Marne,2014,9.68,9.4,10.0,4
52,Haute-Marne,2015,9.82,9.5,10.1,4
52,Haute-Marne,2016,9.43,9.3,9.6,4
52,Haute-Marne,2017,8.55,8.1,8.8,4
52,Haute-Marne,2018,8.1,7.8,8.5,4
52,Haute-Marne,2019,7.45,7.2,7.8,4
52,Haute-Marne,2020,7.12,6.5,8.0,4
52,Haute-Marne,2021,6.7,6.3,7.0,4
52,Haute-Marne,2022,6.25,6.2,6.3,4
52,Haute-Marne,2023,6.42,6.2,6.6,4
52,Haute-Marne,2024,6.52,6.4,6.6,4
52,Haute-Marne,2025,6.68,6.5,6.9,4
53,Mayenne,1982,4.8,4.6,5.0,4
53,Mayenne,1983,5.1,4.9,5.4,4
53,Mayenne,1984,6.28,5.8,6.7,4
53,Mayenne,1985,6.58,6.4,6.8,4
53,Mayenne,1986,6.42,6.3,6.5,4
53,Mayenne,1987,6.05,5.9,6.3,4
53,Mayenne,1988,5.7,5.5,5.9,4
53,Mayenne,1989,5.03,4.8,5.3,4
53,Mayenne,1990,5.12,5.0,5.2,4
53,Mayenne,1991,5.3,5.1,5.4,4
53,Mayenne,1992,5.62,5.6,5.7,4
53,Mayenne,1993,6.28,5.9,6.6,4
53,Mayenne,1994,6.52,6.2,6.7,4
53,Mayenne,1995,5.7,5.6,5.9,4
53,Mayenne,1996,6.18,6.0,6.3,4
53,Mayenne,1997,6.02,5.8,6.3,4
53,Mayenne,1998,5.48,5.3,5.6,4
53,Mayenne,1999,5.35,4.8,5.7,4
53,Mayenne,2000,4.03,3.7,4.4,4
53,Mayenne,2001,4.08,3.8,4.2,4
53,Mayenne,2002,4.4,4.2,4.6,4
53,Mayenne,2003,5.03,4.9,5.2,4
53,Mayenne,2004,5.38,5.3,5.4,4
53,Mayenne,2005,5.5,5.3,5.7,4
53,Mayenne,2006,5.52,5.2,5.7,4
53,Mayenne,2007,4.8,4.4,5.2,4
53,Mayenne,2008,4.7,4.4,5.3,4
53,Mayenne,2009,6.32,6.0,6.6,4
53,Mayenne,2010,6.18,5.9,6.4,4
53,Mayenne,2011,5.75,5.6,5.9,4
53,Mayenne,2012,6.4,5.9,6.9,4
53,Mayenne,2013,6.88,6.6,7.1,4
53,Mayenne,2014,6.8,6.6,7.1,4
53,Mayenne,2015,7.08,7.0,7.2,4
53,Mayenne,2016,6.75,6.7,6.9,4
53,Mayenne,2017,6.15,5.7,6.4,4
53,Mayenne,2018,5.82,5.7,5.9,4
53,Mayenne,2019,5.6,5.5,5.8,4
53,Mayenne,2020,5.78,5.5,6.4,4
53,Mayenne,2021,5.25,4.9,5.6,4
53,Mayenne,2022,4.97,4.9,5.1,4
53,Mayenne,2023,4.78,4.7,4.8,4
53,Mayenne,2024,5.05,4.9,5.2,4
53,Mayenne,2025,5.52,5.4,5.7,4
54,Meurthe-et-Moselle,1982,6.98,6.9,7.0,4
54,Meurthe-et-Moselle,1983,7.22,7.0,7.5,4
54,Meurthe-et-Moselle,1984,8.35,7.9,8.7,4
54,Meurthe-et-Moselle,1985,8.4,8.3,8.5,4
54,Meurthe-et-Moselle,1986,8.3,8.2,8.4,4
54,Meurthe-et-Moselle,1987,8.28,8.2,8.3,4
54,Meurthe-et-Moselle,1988,8.18,8.0,8.3,4
54,Meurthe-et-Moselle,1989,7.48,7.2,7.8,4
54,Meurthe-et-Moselle,1990,6.85,6.6,7.1,4
54,Meurthe-et-Moselle,1991,6.7,6.6,6.9,4
54,Meurthe-et-Moselle,1992,7.4,7.1,7.7,4
54,Meurthe-et-Moselle,1993,8.18,7.8,8.6,4
54,Meurthe-et-Moselle,1994,8.7,8.6,8.8,4
54,Meurthe-et-Moselle,1995,8.18,8.0,8.4,4
54,Meurthe-et-Moselle,1996,8.57,8.3,8.7,4
54,Meurthe-et-Moselle,1997,8.88,8.8,8.9,4
54,Meurthe-et-Moselle,1998,8.62,8.6,8.7,4
54,Meurthe-et-Moselle,1999,8.3,7.8,8.6,4
54,Meurthe-et-Moselle,2000,7.08,6.9,7.4,4
54,Meurthe-et-Moselle,2001,6.48,6.4,6.7,4
54,Meurthe-et-Moselle,2002,6.62,6.6,6.7,4
54,Meurthe-et-Moselle,2003,7.28,7.1,7.5,4
54,Meurthe-et-Moselle,2004,7.75,7.6,7.9,4
54,Meurthe-et-Moselle,2005,7.9,7.6,8.2,4
54,Meurthe-et-Moselle,2006,8.15,7.7,8.4,4
54,Meurthe-et-Moselle,2007,7.35,7.0,7.7,4
54,Meurthe-et-Moselle,2008,6.82,6.6,7.2,4
54,Meurthe-et-Moselle,2009,8.68,8.0,9.2,4
54,Meurthe-et-Moselle,2010,8.95,8.9,9.0,4
54,Meurthe-et-Moselle,2011,8.88,8.7,9.1,4
54,Meurthe-et-Moselle,2012,9.52,9.2,9.9,4
54,Meurthe-et-Moselle,2013,10.1,9.9,10.3,4
54,Meurthe-et-Moselle,2014,9.95,9.8,10.1,4
54,Meurthe-et-Moselle,2015,10.12,10.0,10.3,4
54,Meurthe-et-Moselle,2016,9.8,9.6,10.0,4
54,Meurthe-et-Moselle,2017,9.25,8.8,9.5,4
54,Meurthe-et-Moselle,2018,8.68,8.3,9.1,4
54,Meurthe-et-Moselle,2019,8.02,7.9,8.3,4
54,Meurthe-et-Moselle,2020,7.55,6.7,8.3,4
54,Meurthe-et-Moselle,2021,7.42,7.1,7.7,4
54,Meurthe-et-Moselle,2022,6.95,6.8,7.1,4
54,Meurthe-et-Moselle,2023,6.98,6.8,7.1,4
54,Meurthe-et-Moselle,2024,6.95,6.7,7.1,4
54,Meurthe-et-Moselle,2025,6.9,6.8,7.1,4
55,Meuse,1982,7.0,6.6,7.3,4
55,Meuse,1983,7.12,6.9,7.6,4
55,Meuse,1984,8.45,8.1,8.7,4
55,Meuse,1985,8.35,8.0,8.7,4
55,Meuse,1986,8.35,8.1,8.5,4
55,Meuse,1987,8.6,8.5,8.7,4
55,Meuse,1988,7.92,7.8,8.2,4
55,Meuse,1989,7.48,7.3,7.7,4
55,Meuse,1990,6.65,6.3,7.1,4
55,Meuse,1991,6.2,6.1,6.3,4
55,Meuse,1992,6.7,6.5,6.9,4
55,Meuse,1993,7.3,6.9,7.8,4
55,Meuse,1994,7.98,7.8,8.1,4
55,Meuse,1995,7.25,7.0,7.5,4
55,Meuse,1996,7.85,7.6,8.0,4
55,Meuse,1997,8.1,8.0,8.2,4
55,Meuse,1998,7.92,7.8,8.1,4
55,Meuse,1999,7.82,7.4,8.1,4
55,Meuse,2000,6.62,6.4,7.0,4
55,Meuse,2001,6.32,6.2,6.4,4
55,Meuse,2002,6.6,6.5,6.7,4
55,Meuse,2003,7.15,7.0,7.4,4
55,Meuse,2004,7.68,7.5,7.8,4
55,Meuse,2005,8.2,7.8,8.6,4
55,Meuse,2006,8.73,8.4,8.9,4
55,Meuse,2007,8.22,7.7,8.7,4
55,Meuse,2008,7.6,7.4,7.8,4
55,Meuse,2009,9.45,8.8,9.9,4
55,Meuse,2010,9.6,9.5,9.7,4
55,Meuse,2011,9.43,9.2,9.7,4
55,Meuse,2012,10.12,9.8,10.5,4
55,Meuse,2013,10.48,10.1,10.7,4
55,Meuse,2014,10.18,10.1,10.4,4
55,Meuse,2015,10.12,9.9,10.3,4
55,Meuse,2016,9.75,9.6,10.0,4
55,Meuse,2017,8.98,8.5,9.3,4
55,Meuse,2018,8.6,8.3,9.0,4
55,Meuse,2019,7.88,7.5,8.3,4
55,Meuse,2020,7.38,6.5,8.2,4
55,Meuse,2021,7.5,7.2,7.7,4
55,Meuse,2022,7.2,7.1,7.3,4
55,Meuse,2023,7.22,7.1,7.4,4
55,Meuse,2024,7.3,7.1,7.4,4
55,Meuse,2025,7.28,7.2,7.3,4
56,Morbihan,1982,7.58,7.2,8.0,4
56,Morbihan,1983,8.38,8.1,8.7,4
56,Morbihan,1984,9.95,9.3,10.5,4
56,Morbihan,1985,10.62,10.4,10.9,4
56,Morbihan,1986,10.48,10.3,10.6,4
56,Morbihan,1987,10.42,10.2,10.6,4
56,Morbihan,1988,9.48,9.2,9.8,4
56,Morbihan,1989,8.88,8.8,9.0,4
56,Morbihan,1990,8.55,8.3,8.7,4
56,Morbihan,1991,8.38,8.2,8.5,4
56,Morbihan,1992,8.52,8.5,8.6,4
56,Morbihan,1993,8.9,8.7,9.1,4
56,Morbihan,1994,9.25,9.2,9.3,4
56,Morbihan,1995,8.88,8.7,9.1,4
56,Morbihan,1996,9.32,9.2,9.5,4
56,Morbihan,1997,9.4,9.4,9.4,4
56,Morbihan,1998,9.0,8.9,9.2,4
56,Morbihan,1999,8.65,8.1,9.1,4
56,Morbihan,2000,7.35,6.9,7.8,4
56,Morbihan,2001,6.75,6.7,6.9,4
56,Morbihan,2002,6.95,6.9,7.0,4
56,Morbihan,2003,7.25,7.1,7.5,4
56,Morbihan,2004,7.48,7.4,7.7,4
56,Morbihan,2005,7.38,7.1,7.7,4
56,Morbihan,2006,7.5,7.1,7.7,4
56,Morbihan,2007,6.9,6.5,7.2,4
56,Morbihan,2008,6.38,6.2,6.8,4
56,Morbihan,2009,8.0,7.5,8.3,4
56,Morbihan,2010,8.05,7.9,8.2,4
56,Morbihan,2011,7.85,7.7,8.0,4
56,Morbihan,2012,8.48,8.1,8.9,4
56,Morbihan,2013,9.2,9.1,9.3,4
56,Morbihan,2014,9.28,9.1,9.5,4
56,Morbihan,2015,9.4,9.3,9.5,4
56,Morbihan,2016,9.07,8.8,9.4,4
56,Morbihan,2017,8.4,8.0,8.6,4
56,Morbihan,2018,7.88,7.6,8.1,4
56,Morbihan,2019,7.28,7.0,7.6,4
56,Morbihan,2020,6.9,6.5,7.6,4
56,Morbihan,2021,6.48,5.9,6.9,4
56,Morbihan,2022,5.78,5.6,5.9,4
56,Morbihan,2023,5.85,5.7,6.0,4
56,Morbihan,2024,5.8,5.7,5.9,4
56,Morbihan,2025,5.92,5.8,6.0,4
57,Moselle,1982,6.72,6.4,7.0,4
57,Moselle,1983,7.4,7.1,7.8,4
57,Moselle,1984,8.62,8.1,9.0,4
57,Moselle,1985,9.2,9.1,9.3,4
57,Moselle,1986,9.0,8.8,9.2,4
57,Moselle,1987,9.12,9.0,9.2,4
57,Moselle,1988,8.72,8.4,9.0,4
57,Moselle,1989,7.68,7.3,8.1,4
57,Moselle,1990,7.25,7.0,7.4,4
57,Moselle,1991,7.1,6.9,7.3,4
57,Moselle,1992,7.7,7.4,8.0,4
57,Moselle,1993,8.72,8.2,9.3,4
57,Moselle,1994,9.48,9.2,9.7,4
57,Moselle,1995,8.6,8.4,8.9,4
57,Moselle,1996,9.0,8.7,9.2,4
57,Moselle,1997,9.32,9.2,9.4,4
57,Moselle,1998,8.72,8.6,8.9,4
57,Moselle,1999,8.48,8.0,8.8,4
57,Moselle,2000,7.25,6.9,7.7,4
57,Moselle,2001,6.55,6.4,6.7,4
57,Moselle,2002,6.9,6.8,7.1,4
57,Moselle,2003,7.72,7.5,8.0,4
57,Moselle,2004,8.28,8.1,8.5,4
57,Moselle,2005,8.57,8.3,8.9,4
57,Moselle,2006,8.72,8.2,9.0,4
57,Moselle,2007,7.88,7.5,8.3,4
57,Moselle,2008,7.28,6.9,7.8,4
57,Moselle,2009,9.65,9.0,10.1,4
57,Moselle,2010,9.68,9.6,9.8,4
57,Moselle,2011,9.35,9.2,9.5,4
57,Moselle,2012,9.9,9.5,10.4,4
57,Moselle,2013,10.78,10.7,10.9,4
57,Moselle,2014,10.7,10.6,10.8,4
57,Moselle,2015,10.6,10.4,10.8,4
57,Moselle,2016,10.12,10.0,10.2,4
57,Moselle,2017,9.55,8.9,9.9,4
57,Moselle,2018,8.85,8.5,9.2,4
57,Moselle,2019,8.22,8.0,8.5,4
57,Moselle,2020,7.78,7.0,8.6,4
57,Moselle,2021,7.78,7.4,8.0,4
57,Moselle,2022,7.12,6.9,7.3,4
57,Moselle,2023,7.05,6.8,7.3,4
57,Moselle,2024,7.12,7.0,7.2,4
57,Moselle,2025,7.18,7.1,7.3,4
58,Nièvre,1982,6.8,6.5,7.0,4
58,Nièvre,1983,6.9,6.6,7.3,4
58,Nièvre,1984,8.32,7.8,8.8,4
58,Nièvre,1985,8.7,8.6,8.8,4
58,Nièvre,1986,9.07,8.8,9.2,4
58,Nièvre,1987,9.2,9.2,9.2,4
58,Nièvre,1988,8.93,8.7,9.1,4
58,Nièvre,1989,7.95,7.7,8.3,4
58,Nièvre,1990,7.55,7.4,7.7,4
58,Nièvre,1991,7.62,7.4,7.9,4
58,Nièvre,1992,8.48,8.2,8.7,4
58,Nièvre,1993,9.43,8.9,10.0,4
58,Nièvre,1994,10.02,9.6,10.3,4
58,Nièvre,1995,9.1,9.0,9.2,4
58,Nièvre,1996,9.88,9.6,10.1,4
58,Nièvre,1997,10.15,10.1,10.2,4
58,Nièvre,1998,9.98,9.9,10.1,4
58,Nièvre,1999,9.68,9.0,10.1,4
58,Nièvre,2000,7.95,7.3,8.5,4
58,Nièvre,2001,7.12,7.1,7.2,4
58,Nièvre,2002,7.2,7.2,7.2,4
58,Nièvre,2003,7.8,7.6,8.1,4
58,Nièvre,2004,8.15,8.0,8.3,4
58,Nièvre,2005,8.35,8.0,8.6,4
58,Nièvre,2006,8.3,8.0,8.5,4
58,Nièvre,2007,7.6,7.2,8.0,4
58,Nièvre,2008,7.08,6.8,7.5,4
58,Nièvre,2009,8.9,8.4,9.3,4
58,Nièvre,2010,9.07,9.0,9.2,4
58,Nièvre,2011,9.1,8.9,9.4,4
58,Nièvre,2012,9.65,9.5,9.9,4
58,Nièvre,2013,9.9,9.8,10.0,4
58,Nièvre,2014,9.62,9.6,9.7,4
58,Nièvre,2015,9.75,9.6,9.9,4
58,Nièvre,2016,9.3,9.1,9.6,4
58,Nièvre,2017,8.4,7.9,8.7,4
58,Nièvre,2018,7.72,7.4,8.0,4
58,Nièvre,2019,7.3,7.1,7.5,4
58,Nièvre,2020,6.75,6.2,7.6,4
58,Nièvre,2021,6.65,6.3,6.8,4
58,Nièvre,2022,6.62,6.4,6.8,4
58,Nièvre,2023,6.68,6.6,6.8,4
58,Nièvre,2024,6.78,6.6,6.9,4
58,Nièvre,2025,7.08,6.9,7.3,4
59,Nord,1982,8.85,8.6,9.0,4
59,Nord,1983,9.15,8.8,9.7,4
59,Nord,1984,10.88,10.2,11.3,4
59,Nord,1985,11.12,11.0,11.3,4
59,Nord,1986,11.25,11.0,11.5,4
59,Nord,1987,11.75,11.7,11.8,4
59,Nord,1988,11.48,11.2,11.8,4
59,Nord,1989,10.82,10.7,11.0,4
59,Nord,1990,11.08,11.0,11.2,4
59,Nord,1991,10.75,10.6,11.0,4
59,Nord,1992,11.52,11.3,11.8,4
59,Nord,1993,12.82,12.1,13.5,4
59,Nord,1994,13.72,13.5,13.9,4
59,Nord,1995,13.02,12.8,13.3,4
59,Nord,1996,13.82,13.4,14.1,4
59,Nord,1997,14.05,13.9,14.2,4
59,Nord,1998,13.42,13.3,13.6,4
59,Nord,1999,13.22,12.7,13.5,4
59,Nord,2000,11.48,11.0,12.0,4
59,Nord,2001,10.55,10.5,10.7,4
59,Nord,2002,10.35,10.2,10.5,4
59,Nord,2003,10.6,10.4,10.9,4
59,Nord,2004,11.18,11.0,11.3,4
59,Nord,2005,11.4,11.0,11.8,4
59,Nord,2006,11.55,11.0,12.0,4
59,Nord,2007,10.65,10.1,11.2,4
59,Nord,2008,9.98,9.6,10.6,4
59,Nord,2009,12.18,11.6,12.7,4
59,Nord,2010,12.45,12.4,12.5,4
59,Nord,2011,12.2,12.1,12.3,4
59,Nord,2012,12.78,12.4,13.3,4
59,Nord,2013,13.35,13.1,13.5,4
59,Nord,2014,13.02,12.9,13.2,4
59,Nord,2015,13.05,12.9,13.2,4
59,Nord,2016,12.6,12.4,12.8,4
59,Nord,2017,12.2,11.7,12.4,4
59,Nord,2018,11.9,11.5,12.4,4
59,Nord,2019,10.95,10.6,11.6,4
59,Nord,2020,10.0,8.8,11.0,4
59,Nord,2021,9.75,9.3,10.2,4
59,Nord,2022,9.22,9.1,9.4,4
59,Nord,2023,9.62,9.3,9.9,4
59,Nord,2024,9.55,9.3,9.8,4
59,Nord,2025,9.95,9.7,10.3,4
60,Oise,1982,6.55,6.5,6.6,4
60,Oise,1983,6.75,6.5,7.1,4
60,Oise,1984,7.58,7.3,7.8,4
60,Oise,1985,7.85,7.7,8.0,4
60,Oise,1986,7.82,7.7,7.9,4
60,Oise,1987,7.72,7.7,7.8,4
60,Oise,1988,7.6,7.5,7.7,4
60,Oise,1989,7.0,6.8,7.3,4
60,Oise,1990,6.45,6.4,6.6,4
60,Oise,1991,6.42,6.2,6.7,4
60,Oise,1992,7.18,7.0,7.4,4
60,Oise,1993,8.32,7.7,9.0,4
60,Oise,1994,9.32,9.1,9.5,4
60,Oise,1995,8.65,8.5,8.8,4
60,Oise,1996,9.3,9.0,9.5,4
60,Oise,1997,9.48,9.4,9.5,4
60,Oise,1998,9.07,9.0,9.2,4
60,Oise,1999,8.82,8.3,9.2,4
60,Oise,2000,7.45,7.0,7.9,4
60,Oise,2001,6.6,6.5,6.7,4
60,Oise,2002,6.85,6.8,7.0,4
60,Oise,2003,7.55,7.3,7.9,4
60,Oise,2004,8.0,7.9,8.1,4
60,Oise,2005,8.28,8.0,8.5,4
60,Oise,2006,8.2,7.7,8.6,4
60,Oise,2007,7.32,6.9,7.7,4
60,Oise,2008,6.88,6.6,7.2,4
60,Oise,2009,9.0,8.3,9.4,4
60,Oise,2010,9.22,9.1,9.3,4
60,Oise,2011,9.0,8.9,9.1,4
60,Oise,2012,9.65,9.3,10.1,4
60,Oise,2013,10.28,10.1,10.4,4
60,Oise,2014,10.1,10.0,10.3,4
60,Oise,2015,10.15,10.0,10.3,4
60,Oise,2016,9.95,9.8,10.1,4
60,Oise,2017,9.4,9.1,9.5,4
60,Oise,2018,8.98,8.6,9.3,4
60,Oise,2019,8.3,8.1,8.6,4
60,Oise,2020,8.07,7.4,9.0,4
60,Oise,2021,7.8,7.5,8.0,4
60,Oise,2022,7.38,7.2,7.6,4
60,Oise,2023,7.4,7.1,7.6,4
60,Oise,2024,7.38,7.3,7.5,4
60,Oise,2025,7.78,7.6,8.0,4
61,Orne,1982,7.38,7.2,7.5,4
61,Orne,1983,7.38,7.3,7.5,4
61,Orne,1984,8.32,7.9,8.8,4
61,Orne,1985,8.8,8.7,8.9,4
61,Orne,1986,8.9,8.6,9.2,4
61,Orne,1987,9.55,9.2,9.7,4
61,Orne,1988,8.07,7.8,8.5,4
61,Orne,1989,7.22,7.1,7.5,4
61,Orne,1990,6.7,6.6,6.9,4
61,Orne,1991,6.68,6.5,6.9,4
61,Orne,1992,7.02,7.0,7.1,4
61,Orne,1993,7.62,7.1,8.1,4
61,Orne,1994,8.15,7.8,8.3,4
61,Orne,1995,7.4,7.2,7.6,4
61,Orne,1996,8.4,8.1,8.6,4
61,Orne,1997,8.62,8.4,8.8,4
61,Orne,1998,8.15,8.1,8.2,4
61,Orne,1999,8.02,7.5,8.3,4
61,Orne,2000,6.58,6.2,7.0,4
61,Orne,2001,6.12,6.0,6.4,4
61,Orne,2002,6.48,6.4,6.6,4
61,Orne,2003,7.22,7.0,7.5,4
61,Orne,2004,7.78,7.6,7.9,4
61,Orne,2005,8.05,7.8,8.3,4
61,Orne,2006,7.92,7.6,8.2,4
61,Orne,2007,7.1,6.6,7.6,4
61,Orne,2008,6.92,6.4,7.7,4
61,Orne,2009,8.93,8.6,9.2,4
61,Orne,2010,8.62,8.5,8.7,4
61,Orne,2011,8.45,8.3,8.5,4
61,Orne,2012,9.0,8.7,9.4,4
61,Orne,2013,9.32,9.1,9.5,4
61,Orne,2014,9.3,9.2,9.4,4
61,Orne,2015,9.45,9.2,9.6,4
61,Orne,2016,9.28,9.1,9.5,4
61,Orne,2017,8.62,8.2,8.8,4
61,Orne,2018,8.28,8.1,8.5,4
61,Orne,2019,7.78,7.6,8.1,4
61,Orne,2020,7.42,6.8,8.2,4
61,Orne,2021,7.12,6.7,7.4,4
61,Orne,2022,6.58,6.4,6.7,4
61,Orne,2023,6.52,6.3,6.8,4
61,Orne,2024,6.82,6.8,6.9,4
61,Orne,2025,7.25,7.0,7.5,4
62,Pas-de-Calais,1982,9.0,8.9,9.1,4
62,Pas-de-Calais,1983,9.25,8.9,9.8,4
62,Pas-de-Calais,1984,11.02,10.4,11.5,4
62,Pas-de-Calais,1985,11.15,11.0,11.5,4
62,Pas-de-Calais,1986,11.38,11.1,11.5,4
62,Pas-de-Calais,1987,11.52,11.5,11.6,4
62,Pas-de-Calais,1988,11.38,11.1,11.5,4
62,Pas-de-Calais,1989,10.6,10.4,10.8,4
62,Pas-de-Calais,1990,10.98,10.7,11.1,4
62,Pas-de-Calais,1991,10.68,10.5,10.8,4
62,Pas-de-Calais,1992,11.38,11.1,11.6,4
62,Pas-de-Calais,1993,12.62,11.8,13.4,4
62,Pas-de-Calais,1994,13.75,13.4,14.0,4
62,Pas-de-Calais,1995,12.75,12.5,13.0,4
62,Pas-de-Calais,1996,13.48,13.2,13.6,4
62,Pas-de-Calais,1997,13.9,13.8,14.0,4
62,Pas-de-Calais,1998,13.4,13.3,13.6,4
62,Pas-de-Calais,1999,13.1,12.6,13.4,4
62,Pas-de-Calais,2000,11.28,10.7,12.0,4
62,Pas-de-Calais,2001,10.25,10.1,10.5,4
62,Pas-de-Calais,2002,9.72,9.5,10.0,4
62,Pas-de-Calais,2003,10.15,9.9,10.5,4
62,Pas-de-Calais,2004,10.8,10.7,10.9,4
62,Pas-de-Calais,2005,11.02,10.5,11.6,4
62,Pas-de-Calais,2006,11.58,11.1,11.8,4
62,Pas-de-Calais,2007,10.6,10.2,11.1,4
62,Pas-de-Calais,2008,10.18,9.8,10.7,4
62,Pas-de-Calais,2009,12.08,11.6,12.4,4
62,Pas-de-Calais,2010,12.02,12.0,12.1,4
62,Pas-de-Calais,2011,12.05,11.9,12.3,4
62,Pas-de-Calais,2012,12.92,12.5,13.5,4
62,Pas-de-Calais,2013,13.48,13.1,13.7,4
62,Pas-de-Calais,2014,13.08,13.0,13.2,4
62,Pas-de-Calais,2015,13.02,12.8,13.2,4
62,Pas-de-Calais,2016,12.42,12.2,12.7,4
62,Pas-de-Calais,2017,11.5,11.0,11.7,4
62,Pas-de-Calais,2018,11.08,10.7,11.4,4
62,Pas-de-Calais,2019,10.22,9.9,10.7,4
62,Pas-de-Calais,2020,9.4,8.7,10.4,4
62,Pas-de-Calais,2021,8.93,8.4,9.2,4
62,Pas-de-Calais,2022,8.25,8.1,8.6,4
62,Pas-de-Calais,2023,8.52,8.2,8.7,4
62,Pas-de-Calais,2024,8.5,8.2,8.7,4
62,Pas-de-Calais,2025,8.7,8.5,9.0,4
63,Puy-de-Dôme,1982,6.28,6.0,6.5,4
63,Puy-de-Dôme,1983,6.52,6.4,6.7,4
63,Puy-de-Dôme,1984,7.48,7.1,7.7,4
63,Puy-de-Dôme,1985,7.82,7.7,8.0,4
63,Puy-de-Dôme,1986,7.98,7.9,8.0,4
63,Puy-de-Dôme,1987,8.1,8.0,8.2,4
63,Puy-de-Dôme,1988,7.88,7.8,8.0,4
63,Puy-de-Dôme,1989,7.55,7.4,7.7,4
63,Puy-de-Dôme,1990,7.52,7.4,7.6,4
63,Puy-de-Dôme,1991,7.68,7.5,8.0,4
63,Puy-de-Dôme,1992,8.2,8.2,8.2,4
63,Puy-de-Dôme,1993,8.5,8.2,8.8,4
63,Puy-de-Dôme,1994,9.12,9.0,9.2,4
63,Puy-de-Dôme,1995,8.48,8.2,8.8,4
63,Puy-de-Dôme,1996,9.02,8.8,9.2,4
63,Puy-de-Dôme,1997,9.1,8.9,9.2,4
63,Puy-de-Dôme,1998,8.4,8.3,8.6,4
63,Puy-de-Dôme,1999,8.32,8.1,8.5,4
63,Puy-de-Dôme,2000,7.35,7.2,7.7,4
63,Puy-de-Dôme,2001,6.98,6.8,7.3,4
63,Puy-de-Dôme,2002,6.65,6.6,6.7,4
63,Puy-de-Dôme,2003,6.98,6.8,7.2,4
63,Puy-de-Dôme,2004,7.42,7.3,7.5,4
63,Puy-de-Dôme,2005,7.4,7.2,7.6,4
63,Puy-de-Dôme,2006,7.5,7.3,7.7,4
63,Puy-de-Dôme,2007,7.02,6.6,7.4,4
63,Puy-de-Dôme,2008,6.62,6.2,7.1,4
63,Puy-de-Dôme,2009,8.22,7.8,8.6,4
63,Puy-de-Dôme,2010,8.28,8.1,8.5,4
63,Puy-de-Dôme,2011,8.02,7.9,8.1,4
63,Puy-de-Dôme,2012,8.4,8.1,8.7,4
63,Puy-de-Dôme,2013,8.68,8.5,8.8,4
63,Puy-de-Dôme,2014,8.68,8.5,8.9,4
63,Puy-de-Dôme,2015,8.93,8.8,9.1,4
63,Puy-de-Dôme,2016,8.75,8.6,8.9,4
63,Puy-de-Dôme,2017,8.15,7.7,8.4,4
63,Puy-de-Dôme,2018,7.78,7.5,8.0,4
63,Puy-de-Dôme,2019,7.3,7.1,7.5,4
63,Puy-de-Dôme,2020,6.92,6.3,7.7,4
63,Puy-de-Dôme,2021,6.8,6.4,7.1,4
63,Puy-de-Dôme,2022,6.25,6.1,6.4,4
63,Puy-de-Dôme,2023,6.38,6.1,6.6,4
63,Puy-de-Dôme,2024,6.4,6.3,6.5,4
63,Puy-de-Dôme,2025,6.68,6.5,6.9,4
64,Pyrénées-Atlantiques,1982,7.62,7.4,7.8,4
64,Pyrénées-Atlantiques,1983,7.95,7.7,8.4,4
64,Pyrénées-Atlantiques,1984,9.55,9.0,10.0,4
64,Pyrénées-Atlantiques,1985,9.85,9.7,10.1,4
64,Pyrénées-Atlantiques,1986,9.88,9.6,10.0,4
64,Pyrénées-Atlantiques,1987,9.85,9.7,10.0,4
64,Pyrénées-Atlantiques,1988,9.48,9.2,9.7,4
64,Pyrénées-Atlantiques,1989,8.72,8.5,9.0,4
64,Pyrénées-Atlantiques,1990,8.0,7.7,8.4,4
64,Pyrénées-Atlantiques,1991,7.85,7.7,8.1,4
64,Pyrénées-Atlantiques,1992,8.48,8.3,8.6,4
64,Pyrénées-Atlantiques,1993,9.0,8.7,9.3,4
64,Pyrénées-Atlantiques,1994,9.4,9.2,9.5,4
64,Pyrénées-Atlantiques,1995,8.98,8.9,9.1,4
64,Pyrénées-Atlantiques,1996,9.48,9.4,9.5,4
64,Pyrénées-Atlantiques,1997,9.45,9.4,9.5,4
64,Pyrénées-Atlantiques,1998,9.18,9.1,9.3,4
64,Pyrénées-Atlantiques,1999,8.95,8.6,9.2,4
64,Pyrénées-Atlantiques,2000,8.05,7.7,8.4,4
64,Pyrénées-Atlantiques,2001,7.45,7.3,7.6,4
64,Pyrénées-Atlantiques,2002,7.32,7.3,7.4,4
64,Pyrénées-Atlantiques,2003,7.62,7.5,7.8,4
64,Pyrénées-Atlantiques,2004,7.75,7.7,7.9,4
64,Pyrénées-Atlantiques,2005,7.52,7.4,7.6,4
64,Pyrénées-Atlantiques,2006,7.32,6.9,7.6,4
64,Pyrénées-Atlantiques,2007,6.78,6.4,7.1,4
64,Pyrénées-Atlantiques,2008,6.32,6.1,6.7,4
64,Pyrénées-Atlantiques,2009,7.7,7.3,8.0,4
64,Pyrénées-Atlantiques,2010,7.72,7.7,7.8,4
64,Pyrénées-Atlantiques,2011,7.65,7.6,7.8,4
64,Pyrénées-Atlantiques,2012,8.15,7.9,8.4,4
64,Pyrénées-Atlantiques,2013,8.52,8.4,8.6,4
64,Pyrénées-Atlantiques,2014,8.55,8.4,8.7,4
64,Pyrénées-Atlantiques,2015,8.62,8.5,8.7,4
64,Pyrénées-Atlantiques,2016,8.28,8.2,8.4,4
64,Pyrénées-Atlantiques,2017,7.8,7.4,8.0,4
64,Pyrénées-Atlantiques,2018,7.5,7.3,7.7,4
64,Pyrénées-Atlantiques,2019,6.98,6.7,7.3,4
64,Pyrénées-Atlantiques,2020,6.7,6.2,7.5,4
64,Pyrénées-Atlantiques,2021,6.32,5.8,6.7,4
64,Pyrénées-Atlantiques,2022,5.72,5.6,5.8,4
64,Pyrénées-Atlantiques,2023,5.62,5.5,5.8,4
64,Pyrénées-Atlantiques,2024,5.7,5.6,5.8,4
64,Pyrénées-Atlantiques,2025,5.95,5.8,6.1,4
65,Hautes-Pyrénées,1982,7.55,7.2,7.9,4
65,Hautes-Pyrénées,1983,8.07,7.9,8.4,4
65,Hautes-Pyrénées,1984,9.52,9.1,9.8,4
65,Hautes-Pyrénées,1985,9.62,9.5,9.8,4
65,Hautes-Pyrénées,1986,9.82,9.6,10.0,4
65,Hautes-Pyrénées,1987,9.88,9.8,9.9,4
65,Hautes-Pyrénées,1988,9.93,9.9,10.0,4
65,Hautes-Pyrénées,1989,9.62,9.6,9.7,4
65,Hautes-Pyrénées,1990,9.93,9.7,10.2,4
65,Hautes-Pyrénées,1991,9.72,9.6,9.9,4
65,Hautes-Pyrénées,1992,10.38,10.3,10.5,4
65,Hautes-Pyrénées,1993,10.45,10.3,10.7,4
65,Hautes-Pyrénées,1994,10.65,10.5,10.7,4
65,Hautes-Pyrénées,1995,10.05,9.8,10.3,4
65,Hautes-Pyrénées,1996,10.52,10.4,10.6,4
65,Hautes-Pyrénées,1997,10.7,10.5,10.8,4
65,Hautes-Pyrénées,1998,10.8,10.8,10.8,4
65,Hautes-Pyrénées,1999,10.62,10.3,10.8,4
65,Hautes-Pyrénées,2000,9.45,9.0,9.9,4
65,Hautes-Pyrénées,2001,8.85,8.8,8.9,4
65,Hautes-Pyrénées,2002,8.55,8.3,8.7,4
65,Hautes-Pyrénées,2003,8.85,8.7,9.1,4
65,Hautes-Pyrénées,2004,9.12,9.0,9.4,4
65,Hautes-Pyrénées,2005,8.98,8.8,9.1,4
65,Hautes-Pyrénées,2006,9.0,8.5,9.3,4
65,Hautes-Pyrénées,2007,8.35,8.0,8.9,4
65,Hautes-Pyrénées,2008,7.72,7.6,7.9,4
65,Hautes-Pyrénées,2009,9.78,9.3,10.2,4
65,Hautes-Pyrénées,2010,9.88,9.6,10.1,4
65,Hautes-Pyrénées,2011,9.93,9.8,10.0,4
65,Hautes-Pyrénées,2012,10.78,10.5,11.1,4
65,Hautes-Pyrénées,2013,11.3,11.2,11.4,4
65,Hautes-Pyrénées,2014,11.3,11.1,11.5,4
65,Hautes-Pyrénées,2015,11.48,11.3,11.8,4
65,Hautes-Pyrénées,2016,11.18,11.1,11.2,4
65,Hautes-Pyrénées,2017,10.3,9.9,10.7,4
65,Hautes-Pyrénées,2018,9.72,9.6,9.9,4
65,Hautes-Pyrénées,2019,9.28,9.0,9.7,4
65,Hautes-Pyrénées,2020,9.12,8.3,10.5,4
65,Hautes-Pyrénées,2021,8.7,8.0,9.1,4
65,Hautes-Pyrénées,2022,7.9,7.7,8.1,4
65,Hautes-Pyrénées,2023,7.72,7.6,7.9,4
65,Hautes-Pyrénées,2024,7.7,7.5,7.9,4
65,Hautes-Pyrénées,2025,7.7,7.6,8.0,4
66,Pyrénées-Orientales,1982,8.55,8.0,9.0,4
66,Pyrénées-Orientales,1983,9.3,8.8,9.9,4
66,Pyrénées-Orientales,1984,11.02,10.4,11.5,4
66,Pyrénées-Orientales,1985,11.98,11.7,12.2,4
66,Pyrénées-Orientales,1986,12.15,11.8,12.3,4
66,Pyrénées-Orientales,1987,12.1,12.0,12.3,4
66,Pyrénées-Orientales,1988,11.9,11.8,12.0,4
66,Pyrénées-Orientales,1989,11.45,11.3,11.6,4
66,Pyrénées-Orientales,1990,11.88,11.7,12.0,4
66,Pyrénées-Orientales,1991,12.05,11.9,12.2,4
66,Pyrénées-Orientales,1992,12.85,12.5,13.2,4
66,Pyrénées-Orientales,1993,13.58,13.3,14.0,4
66,Pyrénées-Orientales,1994,14.42,14.3,14.6,4
66,Pyrénées-Orientales,1995,13.98,13.8,14.1,4
66,Pyrénées-Orientales,1996,14.52,14.4,14.6,4
66,Pyrénées-Orientales,1997,14.6,14.5,14.7,4
66,Pyrénées-Orientales,1998,14.7,14.7,14.7,4
66,Pyrénées-Orientales,1999,14.4,13.9,14.7,4
66,Pyrénées-Orientales,2000,12.72,12.1,13.4,4
66,Pyrénées-Orientales,2001,11.4,11.3,11.6,4
66,Pyrénées-Orientales,2002,11.22,11.1,11.4,4
66,Pyrénées-Orientales,2003,11.7,11.4,11.8,4
66,Pyrénées-Orientales,2004,11.6,11.4,11.8,4
66,Pyrénées-Orientales,2005,11.4,11.1,11.7,4
66,Pyrénées-Orientales,2006,11.28,10.8,11.5,4
66,Pyrénées-Orientales,2007,10.5,10.0,11.1,4
66,Pyrénées-Orientales,2008,9.9,9.5,10.5,4
66,Pyrénées-Orientales,2009,11.88,11.3,12.4,4
66,Pyrénées-Orientales,2010,12.08,11.9,12.2,4
66,Pyrénées-Orientales,2011,12.48,12.1,12.9,4
66,Pyrénées-Orientales,2012,13.75,13.3,14.4,4
66,Pyrénées-Orientales,2013,14.65,14.5,14.9,4
66,Pyrénées-Orientales,2014,14.88,14.5,15.3,4
66,Pyrénées-Orientales,2015,15.32,15.2,15.5,4
66,Pyrénées-Orientales,2016,15.12,14.8,15.3,4
66,Pyrénées-Orientales,2017,14.32,14.1,14.6,4
66,Pyrénées-Orientales,2018,14.08,13.9,14.3,4
66,Pyrénées-Orientales,2019,13.55,13.2,14.0,4
66,Pyrénées-Orientales,2020,12.52,11.1,14.0,4
66,Pyrénées-Orientales,2021,12.22,11.6,12.6,4
66,Pyrénées-Orientales,2022,11.6,11.5,11.7,4
66,Pyrénées-Orientales,2023,11.95,11.6,12.3,4
66,Pyrénées-Orientales,2024,12.15,12.0,12.3,4
66,Pyrénées-Orientales,2025,12.22,12.0,12.7,4
67,Bas-Rhin,1982,5.62,5.2,6.0,4
67,Bas-Rhin,1983,6.18,6.0,6.5,4
67,Bas-Rhin,1984,7.12,6.8,7.3,4
67,Bas-Rhin,1985,7.78,7.5,8.0,4
67,Bas-Rhin,1986,6.82,6.6,7.3,4
67,Bas-Rhin,1987,6.52,6.4,6.7,4
67,Bas-Rhin,1988,6.08,5.9,6.3,4
67,Bas-Rhin,1989,5.28,5.0,5.6,4
67,Bas-Rhin,1990,4.82,4.7,4.9,4
67,Bas-Rhin,1991,4.78,4.6,5.0,4
67,Bas-Rhin,1992,5.35,5.1,5.6,4
67,Bas-Rhin,1993,6.28,5.8,6.7,4
67,Bas-Rhin,1994,6.7,6.4,6.9,4
67,Bas-Rhin,1995,6.12,6.0,6.3,4
67,Bas-Rhin,1996,6.42,6.2,6.6,4
67,Bas-Rhin,1997,6.58,6.5,6.7,4
67,Bas-Rhin,1998,6.15,6.1,6.3,4
67,Bas-Rhin,1999,5.82,5.4,6.1,4
67,Bas-Rhin,2000,4.9,4.7,5.1,4
67,Bas-Rhin,2001,4.85,4.7,5.1,4
67,Bas-Rhin,2002,5.58,5.3,5.8,4
67,Bas-Rhin,2003,6.48,6.2,6.8,4
67,Bas-Rhin,2004,7.08,6.9,7.3,4
67,Bas-Rhin,2005,7.4,7.2,7.6,4
67,Bas-Rhin,2006,7.42,6.9,7.8,4
67,Bas-Rhin,2007,6.52,6.1,6.9,4
67,Bas-Rhin,2008,6.1,5.8,6.4,4
67,Bas-Rhin,2009,8.02,7.4,8.5,4
67,Bas-Rhin,2010,8.12,7.9,8.4,4
67,Bas-Rhin,2011,7.8,7.7,7.9,4
67,Bas-Rhin,2012,8.3,8.0,8.7,4
67,Bas-Rhin,2013,8.85,8.7,9.0,4
67,Bas-Rhin,2014,8.8,8.7,9.0,4
67,Bas-Rhin,2015,8.98,8.9,9.1,4
67,Bas-Rhin,2016,8.75,8.6,8.9,4
67,Bas-Rhin,2017,8.1,7.6,8.4,4
67,Bas-Rhin,2018,7.5,7.2,7.8,4
67,Bas-Rhin,2019,7.12,6.9,7.3,4
67,Bas-Rhin,2020,6.92,6.3,7.7,4
67,Bas-Rhin,2021,6.72,6.4,7.0,4
67,Bas-Rhin,2022,6.15,6.0,6.3,4
67,Bas-Rhin,2023,6.28,6.0,6.5,4
67,Bas-Rhin,2024,6.4,6.3,6.5,4
67,Bas-Rhin,2025,6.58,6.5,6.7,4
68,Haut-Rhin,1982,4.65,4.6,4.7,4
68,Haut-Rhin,1983,5.0,4.8,5.3,4
68,Haut-Rhin,1984,5.92,5.7,6.2,4
68,Haut-Rhin,1985,6.7,6.5,6.9,4
68,Haut-Rhin,1986,5.85,5.7,6.1,4
68,Haut-Rhin,1987,5.75,5.5,6.0,4
68,Haut-Rhin,1988,5.25,5.0,5.5,4
68,Haut-Rhin,1989,4.53,4.3,4.8,4
68,Haut-Rhin,1990,4.3,4.2,4.4,4
68,Haut-Rhin,1991,4.25,4.1,4.5,4
68,Haut-Rhin,1992,5.03,4.7,5.4,4
68,Haut-Rhin,1993,6.02,5.6,6.4,4
68,Haut-Rhin,1994,6.48,6.2,6.7,4
68,Haut-Rhin,1995,5.9,5.8,6.1,4
68,Haut-Rhin,1996,6.18,5.8,6.5,4
68,Haut-Rhin,1997,6.52,6.4,6.6,4
68,Haut-Rhin,1998,5.95,5.8,6.2,4
68,Haut-Rhin,1999,5.68,5.3,5.9,4
68,Haut-Rhin,2000,4.7,4.4,5.0,4
68,Haut-Rhin,2001,4.32,4.2,4.5,4
68,Haut-Rhin,2002,5.03,4.7,5.4,4
68,Haut-Rhin,2003,6.35,5.9,6.9,4
68,Haut-Rhin,2004,7.4,7.2,7.7,4
68,Haut-Rhin,2005,8.02,7.6,8.4,4
68,Haut-Rhin,2006,8.5,8.1,8.7,4
68,Haut-Rhin,2007,7.78,7.4,8.2,4
68,Haut-Rhin,2008,6.9,6.8,7.2,4
68,Haut-Rhin,2009,8.8,8.2,9.2,4
68,Haut-Rhin,2010,8.88,8.8,9.0,4
68,Haut-Rhin,2011,8.68,8.5,8.9,4
68,Haut-Rhin,2012,9.38,9.0,9.8,4
68,Haut-Rhin,2013,9.93,9.7,10.1,4
68,Haut-Rhin,2014,9.8,9.7,10.0,4
68,Haut-Rhin,2015,9.98,9.9,10.1,4
68,Haut-Rhin,2016,9.78,9.6,9.9,4
68,Haut-Rhin,2017,9.0,8.4,9.4,4
68,Haut-Rhin,2018,8.32,8.1,8.5,4
68,Haut-Rhin,2019,7.95,7.8,8.1,4
68,Haut-Rhin,2020,7.92,7.1,8.9,4
68,Haut-Rhin,2021,7.78,7.3,8.1,4
68,Haut-Rhin,2022,6.82,6.7,7.0,4
68,Haut-Rhin,2023,7.0,6.7,7.2,4
68,Haut-Rhin,2024,7.15,7.0,7.2,4
68,Haut-Rhin,2025,7.18,7.1,7.3,4
69,Rhône,1982,5.38,5.3,5.5,4
69,Rhône,1983,5.38,5.3,5.5,4
69,Rhône,1984,6.32,5.9,6.7,4
69,Rhône,1985,6.88,6.8,6.9,4
69,Rhône,1986,6.9,6.7,7.1,4
69,Rhône,1987,7.05,7.0,7.1,4
69,Rhône,1988,6.82,6.7,7.0,4
69,Rhône,1989,6.45,6.3,6.6,4
69,Rhône,1990,6.42,6.3,6.6,4
69,Rhône,1991,7.0,6.6,7.5,4
69,Rhône,1992,8.55,7.9,9.2,4
69,Rhône,1993,10.0,9.5,10.5,4
69,Rhône,1994,10.58,10.3,10.7,4
69,Rhône,1995,9.8,9.6,10.1,4
69,Rhône,1996,10.22,10.0,10.4,4
69,Rhône,1997,9.9,9.6,10.3,4
69,Rhône,1998,9.2,9.1,9.3,4
69,Rhône,1999,9.0,8.5,9.3,4
69,Rhône,2000,7.15,6.4,8.0,4
69,Rhône,2001,6.22,6.1,6.4,4
69,Rhône,2002,6.62,6.4,6.9,4
69,Rhône,2003,7.7,7.5,8.0,4
69,Rhône,2004,8.07,8.0,8.2,4
69,Rhône,2005,7.95,7.8,8.0,4
69,Rhône,2006,7.82,7.4,8.1,4
69,Rhône,2007,7.12,6.6,7.6,4
69,Rhône,2008,6.45,6.2,6.8,4
69,Rhône,2009,8.28,7.6,8.8,4
69,Rhône,2010,8.4,8.3,8.5,4
69,Rhône,2011,8.3,8.2,8.5,4
69,Rhône,2012,8.85,8.6,9.2,4
69,Rhône,2013,9.28,9.1,9.4,4
69,Rhône,2014,9.2,9.1,9.4,4
69,Rhône,2015,9.3,9.2,9.4,4
69,Rhône,2016,9.0,8.8,9.2,4
69,Rhône,2017,8.38,8.0,8.5,4
69,Rhône,2018,8.02,7.8,8.2,4
69,Rhône,2019,7.58,7.4,7.8,4
69,Rhône,2020,7.3,6.6,8.1,4
69,Rhône,2021,7.1,6.6,7.5,4
69,Rhône,2022,6.35,6.1,6.5,4
69,Rhône,2023,6.35,6.1,6.6,4
69,Rhône,2024,6.5,6.5,6.5,4
69,Rhône,2025,6.98,6.7,7.3,4
70,Haute-Saône,1982,7.1,7.0,7.2,4
70,Haute-Saône,1983,6.8,6.6,7.1,4
70,Haute-Saône,1984,8.22,7.6,8.7,4
70,Haute-Saône,1985,8.75,8.5,9.0,4
70,Haute-Saône,1986,9.05,9.0,9.2,4
70,Haute-Saône,1987,9.43,9.2,9.6,4
70,Haute-Saône,1988,8.68,8.4,9.0,4
70,Haute-Saône,1989,7.62,7.2,8.0,4
70,Haute-Saône,1990,7.25,7.2,7.3,4
70,Haute-Saône,1991,7.42,7.2,7.7,4
70,Haute-Saône,1992,7.78,7.7,7.8,4
70,Haute-Saône,1993,8.1,7.8,8.5,4
70,Haute-Saône,1994,8.57,8.2,8.8,4
70,Haute-Saône,1995,7.92,7.8,8.1,4
70,Haute-Saône,1996,8.55,8.4,8.7,4
70,Haute-Saône,1997,8.65,8.5,8.7,4
70,Haute-Saône,1998,8.15,8.1,8.3,4
70,Haute-Saône,1999,7.7,7.1,8.1,4
70,Haute-Saône,2000,6.22,6.0,6.6,4
70,Haute-Saône,2001,5.7,5.4,5.9,4
70,Haute-Saône,2002,6.02,5.9,6.1,4
70,Haute-Saône,2003,6.4,6.2,6.7,4
70,Haute-Saône,2004,6.92,6.8,7.1,4
70,Haute-Saône,2005,7.25,6.9,7.6,4
70,Haute-Saône,2006,7.75,7.6,7.8,4
70,Haute-Saône,2007,6.95,6.5,7.5,4
70,Haute-Saône,2008,6.65,6.2,7.3,4
70,Haute-Saône,2009,8.8,8.3,9.1,4
70,Haute-Saône,2010,8.48,8.2,8.8,4
70,Haute-Saône,2011,8.25,8.1,8.5,4
70,Haute-Saône,2012,9.38,8.7,10.2,4
70,Haute-Saône,2013,10.1,9.8,10.3,4
70,Haute-Saône,2014,10.07,10.0,10.3,4
70,Haute-Saône,2015,9.75,9.3,10.0,4
70,Haute-Saône,2016,9.2,9.1,9.3,4
70,Haute-Saône,2017,8.55,7.9,8.9,4
70,Haute-Saône,2018,8.0,7.7,8.3,4
70,Haute-Saône,2019,7.68,7.3,8.0,4
70,Haute-Saône,2020,7.08,6.6,7.9,4
70,Haute-Saône,2021,6.72,6.4,6.9,4
70,Haute-Saône,2022,6.38,6.2,6.5,4
70,Haute-Saône,2023,6.38,6.1,6.6,4
70,Haute-Saône,2024,6.55,6.5,6.6,4
70,Haute-Saône,2025,6.93,6.7,7.2,4
71,Saône-et-Loire,1982,6.52,6.2,7.0,4
71,Saône-et-Loire,1983,7.6,7.2,8.0,4
71,Saône-et-Loire,1984,9.18,8.6,9.6,4
71,Saône-et-Loire,1985,9.3,8.9,9.7,4
71,Saône-et-Loire,1986,8.95,8.7,9.2,4
71,Saône-et-Loire,1987,9.2,9.2,9.2,4
71,Saône-et-Loire,1988,8.85,8.3,9.2,4
71,Saône-et-Loire,1989,7.78,7.6,8.0,4
71,Saône-et-Loire,1990,7.38,7.2,7.6,4
71,Saône-et-Loire,1991,7.4,7.1,7.7,4
71,Saône-et-Loire,1992,8.5,8.1,8.9,4
71,Saône-et-Loire,1993,9.68,9.1,10.2,4
71,Saône-et-Loire,1994,10.35,10.1,10.5,4
71,Saône-et-Loire,1995,9.45,9.2,9.9,4
71,Saône-et-Loire,1996,9.48,9.4,9.5,4
71,Saône-et-Loire,1997,9.5,9.3,9.6,4
71,Saône-et-Loire,1998,8.77,8.7,9.0,4
71,Saône-et-Loire,1999,8.4,7.9,8.7,4
71,Saône-et-Loire,2000,7.28,6.8,7.6,4
71,Saône-et-Loire,2001,6.62,6.5,6.8,4
71,Saône-et-Loire,2002,6.9,6.8,7.1,4
71,Saône-et-Loire,2003,7.55,7.4,7.7,4
71,Saône-et-Loire,2004,7.72,7.7,7.8,4
71,Saône-et-Loire,2005,7.78,7.5,8.0,4
71,Saône-et-Loire,2006,7.75,7.3,8.1,4
71,Saône-et-Loire,2007,6.9,6.5,7.3,4
71,Saône-et-Loire,2008,6.5,6.1,7.0,4
71,Saône-et-Loire,2009,8.45,7.9,8.9,4
71,Saône-et-Loire,2010,8.57,8.5,8.7,4
71,Saône-et-Loire,2011,8.4,8.3,8.6,4
71,Saône-et-Loire,2012,8.93,8.7,9.2,4
71,Saône-et-Loire,2013,9.28,8.9,9.5,4
71,Saône-et-Loire,2014,9.15,9.0,9.4,4
71,Saône-et-Loire,2015,9.3,9.2,9.4,4
71,Saône-et-Loire,2016,9.02,8.8,9.2,4
71,Saône-et-Loire,2017,8.3,7.9,8.6,4
71,Saône-et-Loire,2018,7.82,7.6,8.0,4
71,Saône-et-Loire,2019,7.52,7.4,7.7,4
71,Saône-et-Loire,2020,7.0,6.5,7.7,4
71,Saône-et-Loire,2021,6.52,6.1,6.8,4
71,Saône-et-Loire,2022,6.3,6.2,6.4,4
71,Saône-et-Loire,2023,6.5,6.3,6.7,4
71,Saône-et-Loire,2024,6.52,6.4,6.6,4
71,Saône-et-Loire,2025,6.78,6.6,7.0,4
72,Sarthe,1982,7.85,7.5,8.1,4
72,Sarthe,1983,8.45,8.0,8.9,4
72,Sarthe,1984,9.6,9.2,9.9,4
72,Sarthe,1985,10.22,10.2,10.3,4
72,Sarthe,1986,10.35,10.1,10.5,4
72,Sarthe,1987,10.28,10.0,10.5,4
72,Sarthe,1988,9.52,9.1,9.9,4
72,Sarthe,1989,8.6,8.5,8.8,4
72,Sarthe,1990,8.18,8.0,8.3,4
72,Sarthe,1991,8.25,8.0,8.6,4
72,Sarthe,1992,9.1,8.9,9.3,4
72,Sarthe,1993,9.7,9.3,10.2,4
72,Sarthe,1994,10.3,10.0,10.5,4
72,Sarthe,1995,9.38,9.2,9.7,4
72,Sarthe,1996,9.4,9.4,9.4,4
72,Sarthe,1997,9.45,9.3,9.5,4
72,Sarthe,1998,8.82,8.7,9.0,4
72,Sarthe,1999,8.28,7.6,8.8,4
72,Sarthe,2000,6.62,6.0,7.2,4
72,Sarthe,2001,5.95,5.8,6.2,4
72,Sarthe,2002,6.22,6.2,6.3,4
72,Sarthe,2003,6.58,6.4,6.8,4
72,Sarthe,2004,7.0,6.9,7.2,4
72,Sarthe,2005,7.28,6.9,7.6,4
72,Sarthe,2006,7.72,7.5,7.9,4
72,Sarthe,2007,6.93,6.4,7.5,4
72,Sarthe,2008,6.48,6.0,7.1,4
72,Sarthe,2009,8.72,8.1,9.1,4
72,Sarthe,2010,8.62,8.5,8.7,4
72,Sarthe,2011,8.35,8.2,8.5,4
72,Sarthe,2012,9.07,8.6,9.7,4
72,Sarthe,2013,9.85,9.7,10.0,4
72,Sarthe,2014,9.82,9.6,10.1,4
72,Sarthe,2015,10.1,10.0,10.2,4
72,Sarthe,2016,9.75,9.6,10.0,4
72,Sarthe,2017,9.0,8.5,9.2,4
72,Sarthe,2018,8.6,8.4,8.8,4
72,Sarthe,2019,8.32,8.2,8.5,4
72,Sarthe,2020,8.15,7.6,9.1,4
72,Sarthe,2021,7.68,7.3,8.0,4
72,Sarthe,2022,7.15,6.9,7.4,4
72,Sarthe,2023,7.0,6.7,7.2,4
72,Sarthe,2024,7.2,7.1,7.3,4
72,Sarthe,2025,7.52,7.4,7.8,4
73,Savoie,1982,4.9,4.6,5.1,4
73,Savoie,1983,5.35,5.0,5.6,4
73,Savoie,1984,6.15,5.8,6.6,4
73,Savoie,1985,6.48,6.2,6.7,4
73,Savoie,1986,6.15,6.1,6.2,4
73,Savoie,1987,6.1,6.1,6.1,4
73,Savoie,1988,5.9,5.8,6.0,4
73,Savoie,1989,5.62,5.5,5.7,4
73,Savoie,1990,5.82,5.7,5.9,4
73,Savoie,1991,5.88,5.7,6.2,4
73,Savoie,1992,7.32,6.6,7.9,4
73,Savoie,1993,8.8,8.2,9.4,4
73,Savoie,1994,9.5,9.2,9.7,4
73,Savoie,1995,8.72,8.6,9.0,4
73,Savoie,1996,8.95,8.8,9.1,4
73,Savoie,1997,9.05,8.9,9.3,4
73,Savoie,1998,8.65,8.6,8.7,4
73,Savoie,1999,8.5,8.1,8.8,4
73,Savoie,2000,7.02,6.3,7.6,4
73,Savoie,2001,5.98,5.9,6.1,4
73,Savoie,2002,6.05,6.0,6.1,4
73,Savoie,2003,6.65,6.4,6.8,4
73,Savoie,2004,6.82,6.7,7.0,4
73,Savoie,2005,6.62,6.5,6.7,4
73,Savoie,2006,6.48,6.2,6.7,4
73,Savoie,2007,5.92,5.7,6.1,4
73,Savoie,2008,5.5,5.2,5.9,4
73,Savoie,2009,7.35,6.7,7.8,4
73,Savoie,2010,7.55,7.4,7.8,4
73,Savoie,2011,7.25,7.1,7.3,4
73,Savoie,2012,7.6,7.4,7.9,4
73,Savoie,2013,7.9,7.8,8.0,4
73,Savoie,2014,8.1,7.9,8.2,4
73,Savoie,2015,8.2,8.0,8.4,4
73,Savoie,2016,7.95,7.9,8.0,4
73,Savoie,2017,7.3,6.9,7.6,4
73,Savoie,2018,6.8,6.6,6.9,4
73,Savoie,2019,6.42,6.2,6.6,4
73,Savoie,2020,6.4,5.9,7.0,4
73,Savoie,2021,6.5,5.5,8.0,4
73,Savoie,2022,5.28,5.1,5.5,4
73,Savoie,2023,5.22,5.1,5.4,4
73,Savoie,2024,5.32,5.2,5.4,4
73,Savoie,2025,5.62,5.5,5.7,4
74,Haute-Savoie,1982,5.12,5.0,5.2,4
74,Haute-Savoie,1983,5.25,5.2,5.3,4
74,Haute-Savoie,1984,5.68,5.5,5.9,4
74,Haute-Savoie,1985,5.68,5.2,6.0,4
74,Haute-Savoie,1986,5.28,5.1,5.4,4
74,Haute-Savoie,1987,5.52,5.5,5.6,4
74,Haute-Savoie,1988,5.22,4.9,5.5,4
74,Haute-Savoie,1989,4.55,4.4,4.7,4
74,Haute-Savoie,1990,4.55,4.5,4.7,4
74,Haute-Savoie,1991,5.32,4.9,5.8,4
74,Haute-Savoie,1992,6.78,6.2,7.4,4
74,Haute-Savoie,1993,8.48,7.9,8.9,4
74,Haute-Savoie,1994,8.7,8.3,9.0,4
74,Haute-Savoie,1995,7.62,7.4,7.9,4
74,Haute-Savoie,1996,7.88,7.8,8.0,4
74,Haute-Savoie,1997,7.75,7.6,7.9,4
74,Haute-Savoie,1998,7.15,7.1,7.3,4
74,Haute-Savoie,1999,7.05,6.8,7.2,4
74,Haute-Savoie,2000,5.8,5.2,6.4,4
74,Haute-Savoie,2001,4.97,4.8,5.2,4
74,Haute-Savoie,2002,5.43,5.4,5.5,4
74,Haute-Savoie,2003,5.85,5.7,6.1,4
74,Haute-Savoie,2004,6.02,5.9,6.2,4
74,Haute-Savoie,2005,5.9,5.7,6.0,4
74,Haute-Savoie,2006,5.78,5.4,6.0,4
74,Haute-Savoie,2007,5.2,4.9,5.4,4
74,Haute-Savoie,2008,5.0,4.7,5.5,4
74,Haute-Savoie,2009,7.32,6.6,7.7,4
74,Haute-Savoie,2010,7.28,6.9,7.6,4
74,Haute-Savoie,2011,6.68,6.5,6.8,4
74,Haute-Savoie,2012,7.12,6.9,7.4,4
74,Haute-Savoie,2013,7.45,7.3,7.6,4
74,Haute-Savoie,2014,7.45,7.3,7.6,4
74,Haute-Savoie,2015,7.62,7.5,7.8,4
74,Haute-Savoie,2016,7.42,7.3,7.6,4
74,Haute-Savoie,2017,6.82,6.4,7.1,4
74,Haute-Savoie,2018,6.45,6.3,6.6,4
74,Haute-Savoie,2019,6.18,6.0,6.4,4
74,Haute-Savoie,2020,6.4,5.8,7.3,4
74,Haute-Savoie,2021,6.42,5.8,7.2,4
74,Haute-Savoie,2022,5.4,5.2,5.6,4
74,Haute-Savoie,2023,5.35,5.2,5.6,4
74,Haute-Savoie,2024,5.52,5.5,5.6,4
74,Haute-Savoie,2025,5.68,5.6,5.7,4
75,Paris,1982,6.55,6.5,6.6,4
75,Paris,1983,6.85,6.7,7.1,4
75,Paris,1984,7.52,7.3,7.7,4
75,Paris,1985,8.07,7.9,8.3,4
75,Paris,1986,8.48,8.4,8.5,4
75,Paris,1987,8.6,8.6,8.6,4
75,Paris,1988,8.8,8.7,8.9,4
75,Paris,1989,8.48,8.4,8.6,4
75,Paris,1990,8.85,8.7,8.9,4
75,Paris,1991,9.57,9.2,9.8,4
75,Paris,1992,9.72,9.7,9.8,4
75,Paris,1993,10.05,9.9,10.3,4
75,Paris,1994,10.07,9.9,10.3,4
75,Paris,1995,9.65,9.6,9.7,4
75,Paris,1996,10.02,9.9,10.1,4
75,Paris,1997,9.98,9.9,10.0,4
75,Paris,1998,9.8,9.8,9.8,4
75,Paris,1999,9.45,9.0,9.8,4
75,Paris,2000,8.22,7.6,8.8,4
75,Paris,2001,7.4,7.3,7.6,4
75,Paris,2002,8.22,7.8,8.6,4
75,Paris,2003,9.22,9.0,9.5,4
75,Paris,2004,9.5,9.4,9.8,4
75,Paris,2005,9.0,9.0,9.0,4
75,Paris,2006,8.55,8.0,8.9,4
75,Paris,2007,7.75,7.1,8.2,4
75,Paris,2008,6.8,6.8,6.8,4
75,Paris,2009,7.93,7.3,8.4,4
75,Paris,2010,8.07,8.0,8.2,4
75,Paris,2011,7.85,7.7,7.9,4
75,Paris,2012,8.02,7.9,8.2,4
75,Paris,2013,8.32,8.2,8.4,4
75,Paris,2014,8.28,8.2,8.4,4
75,Paris,2015,8.2,8.0,8.4,4
75,Paris,2016,7.85,7.7,8.0,4
75,Paris,2017,7.38,7.1,7.5,4
75,Paris,2018,7.02,6.8,7.2,4
75,Paris,2019,6.55,6.3,6.8,4
75,Paris,2020,6.48,5.6,7.4,4
75,Paris,2021,6.48,6.0,6.9,4
75,Paris,2022,5.75,5.6,5.9,4
75,Paris,2023,5.68,5.5,5.9,4
75,Paris,2024,5.7,5.6,5.8,4
75,Paris,2025,6.0,5.8,6.1,4
76,Seine-Maritime,1982,9.28,9.2,9.3,4
76,Seine-Maritime,1983,9.38,9.1,9.9,4
76,Seine-Maritime,1984,11.0,10.5,11.3,4
76,Seine-Maritime,1985,11.18,11.0,11.4,4
76,Seine-Maritime,1986,11.55,11.2,11.7,4
76,Seine-Maritime,1987,11.85,11.7,12.0,4
76,Seine-Maritime,1988,11.35,11.1,11.6,4
76,Seine-Maritime,1989,10.42,10.2,10.8,4
76,Seine-Maritime,1990,9.93,9.8,10.1,4
76,Seine-Maritime,1991,10.02,9.8,10.3,4
76,Seine-Maritime,1992,10.68,10.6,10.7,4
76,Seine-Maritime,1993,11.4,10.8,12.0,4
76,Seine-Maritime,1994,12.15,12.0,12.2,4
76,Seine-Maritime,1995,11.62,11.4,11.8,4
76,Seine-Maritime,1996,12.38,12.1,12.5,4
76,Seine-Maritime,1997,12.52,12.4,12.6,4
76,Seine-Maritime,1998,11.98,11.9,12.1,4
76,Seine-Maritime,1999,11.72,11.2,12.0,4
76,Seine-Maritime,2000,10.22,9.7,10.8,4
76,Seine-Maritime,2001,9.15,9.0,9.3,4
76,Seine-Maritime,2002,8.85,8.8,8.9,4
76,Seine-Maritime,2003,9.2,9.0,9.5,4
76,Seine-Maritime,2004,9.7,9.5,9.8,4
76,Seine-Maritime,2005,9.68,9.4,9.9,4
76,Seine-Maritime,2006,9.52,9.1,9.8,4
76,Seine-Maritime,2007,8.55,7.9,9.2,4
76,Seine-Maritime,2008,7.98,7.5,8.6,4
76,Seine-Maritime,2009,10.05,9.5,10.5,4
76,Seine-Maritime,2010,10.22,10.2,10.3,4
76,Seine-Maritime,2011,10.15,10.0,10.3,4
76,Seine-Maritime,2012,10.78,10.5,11.2,4
76,Seine-Maritime,2013,11.35,11.2,11.5,4
76,Seine-Maritime,2014,11.18,11.1,11.2,4
76,Seine-Maritime,2015,11.22,11.1,11.3,4
76,Seine-Maritime,2016,11.25,11.1,11.4,4
76,Seine-Maritime,2017,10.6,10.2,10.8,4
76,Seine-Maritime,2018,10.1,9.8,10.4,4
76,Seine-Maritime,2019,9.43,9.3,9.7,4
76,Seine-Maritime,2020,9.02,8.3,9.9,4
76,Seine-Maritime,2021,8.57,8.1,8.9,4
76,Seine-Maritime,2022,7.82,7.5,8.1,4
76,Seine-Maritime,2023,7.8,7.5,8.1,4
76,Seine-Maritime,2024,8.0,7.9,8.1,4
76,Seine-Maritime,2025,8.43,8.2,8.7,4
77,Seine-et-Marne,1982,5.22,5.2,5.3,4
77,Seine-et-Marne,1983,5.28,5.1,5.6,4
77,Seine-et-Marne,1984,6.08,5.7,6.4,4
77,Seine-et-Marne,1985,6.32,6.3,6.4,4
77,Seine-et-Marne,1986,6.43,6.4,6.5,4
77,Seine-et-Marne,1987,6.55,6.4,6.7,4
77,Seine-et-Marne,1988,6.28,6.1,6.4,4
77,Seine-et-Marne,1989,5.7,5.5,5.9,4
77,Seine-et-Marne,1990,5.18,5.0,5.4,4
77,Seine-et-Marne,1991,5.12,4.9,5.4,4
77,Seine-et-Marne,1992,5.8,5.5,6.1,4
77,Seine-et-Marne,1993,6.95,6.4,7.5,4
77,Seine-et-Marne,1994,7.88,7.7,8.0,4
77,Seine-et-Marne,1995,7.52,7.4,7.7,4
77,Seine-et-Marne,1996,7.85,7.7,7.9,4
77,Seine-et-Marne,1997,8.07,8.0,8.2,4
77,Seine-et-Marne,1998,7.6,7.5,7.8,4
77,Seine-et-Marne,1999,6.98,6.4,7.4,4
77,Seine-et-Marne,2000,5.48,5.1,6.0,4
77,Seine-et-Marne,2001,4.92,4.8,5.1,4
77,Seine-et-Marne,2002,5.38,5.1,5.6,4
77,Seine-et-Marne,2003,6.4,6.0,6.8,4
77,Seine-et-Marne,2004,7.0,6.8,7.2,4
77,Seine-et-Marne,2005,7.05,7.0,7.1,4
77,Seine-et-Marne,2006,6.8,6.4,7.1,4
77,Seine-et-Marne,2007,5.95,5.5,6.4,4
77,Seine-et-Marne,2008,5.42,5.3,5.7,4
77,Seine-et-Marne,2009,6.82,6.3,7.3,4
77,Seine-et-Marne,2010,7.02,7.0,7.1,4
77,Seine-et-Marne,2011,7.0,6.9,7.1,4
77,Seine-et-Marne,2012,7.5,7.3,7.8,4
77,Seine-et-Marne,2013,8.0,8.0,8.0,4
77,Seine-et-Marne,2014,8.05,8.0,8.2,4
77,Seine-et-Marne,2015,8.18,8.1,8.3,4
77,Seine-et-Marne,2016,7.92,7.8,8.0,4
77,Seine-et-Marne,2017,7.5,7.2,7.6,4
77,Seine-et-Marne,2018,7.28,7.1,7.4,4
77,Seine-et-Marne,2019,6.9,6.8,7.1,4
77,Seine-et-Marne,2020,6.9,6.1,7.7,4
77,Seine-et-Marne,2021,7.2,6.9,7.4,4
77,Seine-et-Marne,2022,6.7,6.6,6.8,4
77,Seine-et-Marne,2023,6.68,6.5,6.9,4
77,Seine-et-Marne,2024,6.82,6.8,6.9,4
77,Seine-et-Marne,2025,7.18,7.0,7.4,4
78,Yvelines,1982,4.0,4.0,4.0,4
78,Yvelines,1983,3.92,3.8,4.1,4
78,Yvelines,1984,4.68,4.4,4.9,4
78,Yvelines,1985,5.3,5.0,5.5,4
78,Yvelines,1986,5.18,5.0,5.4,4
78,Yvelines,1987,5.35,5.3,5.4,4
78,Yvelines,1988,5.15,5.0,5.2,4
78,Yvelines,1989,4.65,4.5,4.8,4
78,Yvelines,1990,4.38,4.3,4.4,4
78,Yvelines,1991,4.6,4.3,4.9,4
78,Yvelines,1992,5.48,5.1,5.9,4
78,Yvelines,1993,6.78,6.2,7.3,4
78,Yvelines,1994,7.4,7.2,7.5,4
78,Yvelines,1995,6.88,6.7,7.1,4
78,Yvelines,1996,7.12,7.0,7.2,4
78,Yvelines,1997,7.25,7.1,7.3,4
78,Yvelines,1998,6.78,6.7,6.9,4
78,Yvelines,1999,6.45,6.1,6.7,4
78,Yvelines,2000,5.35,5.0,5.7,4
78,Yvelines,2001,4.85,4.7,5.0,4
78,Yvelines,2002,5.6,5.3,5.9,4
78,Yvelines,2003,6.4,6.2,6.7,4
78,Yvelines,2004,6.82,6.7,6.9,4
78,Yvelines,2005,6.65,6.6,6.7,4
78,Yvelines,2006,6.4,6.0,6.7,4
78,Yvelines,2007,5.75,5.3,6.1,4
78,Yvelines,2008,5.12,5.0,5.3,4
78,Yvelines,2009,6.32,5.8,6.8,4
78,Yvelines,2010,6.57,6.5,6.6,4
78,Yvelines,2011,6.45,6.4,6.5,4
78,Yvelines,2012,6.82,6.6,7.1,4
78,Yvelines,2013,7.25,7.2,7.3,4
78,Yvelines,2014,7.35,7.2,7.5,4
78,Yvelines,2015,7.43,7.4,7.5,4
78,Yvelines,2016,7.4,7.3,7.5,4
78,Yvelines,2017,6.98,6.7,7.1,4
78,Yvelines,2018,6.85,6.6,7.1,4
78,Yvelines,2019,6.45,6.3,6.7,4
78,Yvelines,2020,6.4,5.5,7.1,4
78,Yvelines,2021,6.68,6.4,6.9,4
78,Yvelines,2022,6.4,6.3,6.5,4
78,Yvelines,2023,6.42,6.2,6.7,4
78,Yvelines,2024,6.52,6.5,6.6,4
78,Yvelines,2025,7.02,6.8,7.2,4
79,Deux-Sèvres,1982,7.1,7.0,7.2,4
79,Deux-Sèvres,1983,7.08,6.9,7.4,4
79,Deux-Sèvres,1984,8.45,7.9,9.0,4
79,Deux-Sèvres,1985,9.07,8.9,9.2,4
79,Deux-Sèvres,1986,9.07,9.0,9.1,4
79,Deux-Sèvres,1987,8.93,8.8,9.1,4
79,Deux-Sèvres,1988,8.75,8.6,8.9,4
79,Deux-Sèvres,1989,8.35,8.2,8.5,4
79,Deux-Sèvres,1990,7.85,7.7,8.0,4
79,Deux-Sèvres,1991,7.6,7.4,7.8,4
79,Deux-Sèvres,1992,8.25,8.1,8.3,4
79,Deux-Sèvres,1993,8.68,8.3,9.1,4
79,Deux-Sèvres,1994,9.12,8.8,9.3,4
79,Deux-Sèvres,1995,7.98,7.5,8.6,4
79,Deux-Sèvres,1996,7.92,7.6,8.2,4
79,Deux-Sèvres,1997,8.3,8.3,8.3,4
79,Deux-Sèvres,1998,7.9,7.8,8.1,4
79,Deux-Sèvres,1999,7.55,7.1,7.8,4
79,Deux-Sèvres,2000,6.3,5.9,6.7,4
79,Deux-Sèvres,2001,5.7,5.7,5.7,4
79,Deux-Sèvres,2002,5.62,5.5,5.7,4
79,Deux-Sèvres,2003,6.18,6.1,6.3,4
79,Deux-Sèvres,2004,6.18,6.0,6.4,4
79,Deux-Sèvres,2005,6.18,5.9,6.6,4
79,Deux-Sèvres,2006,6.42,5.9,6.7,4
79,Deux-Sèvres,2007,5.58,5.2,5.9,4
79,Deux-Sèvres,2008,5.3,5.0,5.7,4
79,Deux-Sèvres,2009,6.85,6.4,7.2,4
79,Deux-Sèvres,2010,6.92,6.8,7.0,4
79,Deux-Sèvres,2011,6.65,6.5,6.8,4
79,Deux-Sèvres,2012,7.3,7.0,7.7,4
79,Deux-Sèvres,2013,7.72,7.5,7.9,4
79,Deux-Sèvres,2014,7.72,7.6,8.0,4
79,Deux-Sèvres,2015,7.95,7.8,8.1,4
79,Deux-Sèvres,2016,7.88,7.8,7.9,4
79,Deux-Sèvres,2017,7.2,6.8,7.5,4
79,Deux-Sèvres,2018,6.75,6.5,7.0,4
79,Deux-Sèvres,2019,6.18,5.9,6.5,4
79,Deux-Sèvres,2020,5.98,5.6,6.7,4
79,Deux-Sèvres,2021,5.65,5.4,5.9,4
79,Deux-Sèvres,2022,5.28,5.1,5.4,4
79,Deux-Sèvres,2023,5.25,5.1,5.4,4
79,Deux-Sèvres,2024,5.5,5.4,5.6,4
79,Deux-Sèvres,2025,5.75,5.6,5.9,4
80,Somme,1982,8.33,8.3,8.4,4
80,Somme,1983,8.45,8.2,8.8,4
80,Somme,1984,10.1,9.4,10.7,4
80,Somme,1985,10.95,10.7,11.1,4
80,Somme,1986,10.5,10.3,10.8,4
80,Somme,1987,10.85,10.6,11.0,4
80,Somme,1988,10.32,10.2,10.5,4
80,Somme,1989,9.77,9.7,10.0,4
80,Somme,1990,9.98,9.9,10.0,4
80,Somme,1991,9.95,9.7,10.1,4
80,Somme,1992,10.65,10.4,11.0,4
80,Somme,1993,11.62,11.1,12.0,4
80,Somme,1994,12.08,11.8,12.2,4
80,Somme,1995,11.15,10.9,11.5,4
80,Somme,1996,11.7,11.4,11.9,4
80,Somme,1997,11.98,11.9,12.0,4
80,Somme,1998,11.85,11.8,11.9,4
80,Somme,1999,11.52,10.9,12.0,4
80,Somme,2000,10.07,9.7,10.5,4
80,Somme,2001,9.35,9.2,9.6,4
80,Somme,2002,9.0,8.8,9.2,4
80,Somme,2003,9.22,9.0,9.6,4
80,Somme,2004,9.72,9.6,9.8,4
80,Somme,2005,9.8,9.5,10.1,4
80,Somme,2006,10.15,9.8,10.4,4
80,Somme,2007,9.38,8.9,9.9,4
80,Somme,2008,8.85,8.5,9.3,4
80,Somme,2009,10.9,10.2,11.4,4
80,Somme,2010,10.88,10.7,11.0,4
80,Somme,2011,10.72,10.5,11.1,4
80,Somme,2012,11.65,11.3,12.1,4
80,Somme,2013,12.2,12.0,12.4,4
80,Somme,2014,11.88,11.8,11.9,4
80,Somme,2015,12.02,11.8,12.1,4
80,Somme,2016,11.98,11.8,12.1,4
80,Somme,2017,11.25,10.7,11.5,4
80,Somme,2018,10.78,10.6,11.0,4
80,Somme,2019,10.05,9.7,10.5,4
80,Somme,2020,9.4,8.5,10.5,4
80,Somme,2021,9.15,8.7,9.3,4
80,Somme,2022,8.62,8.5,8.9,4
80,Somme,2023,8.62,8.4,8.8,4
80,Somme,2024,8.38,8.1,8.6,4
80,Somme,2025,8.48,8.3,8.7,4
81,Tarn,1982,6.55,6.5,6.6,4
81,Tarn,1983,6.7,6.6,6.9,4
81,Tarn,1984,7.55,7.2,7.7,4
81,Tarn,1985,7.72,7.7,7.8,4
81,Tarn,1986,7.62,7.5,7.7,4
81,Tarn,1987,7.92,7.8,8.0,4
81,Tarn,1988,8.02,7.8,8.2,4
81,Tarn,1989,7.62,7.5,7.7,4
81,Tarn,1990,7.68,7.6,7.7,4
81,Tarn,1991,7.78,7.7,7.9,4
81,Tarn,1992,8.2,8.2,8.2,4
81,Tarn,1993,8.75,8.3,9.3,4
81,Tarn,1994,9.43,9.2,9.6,4
81,Tarn,1995,9.0,8.9,9.1,4
81,Tarn,1996,9.57,9.5,9.7,4
81,Tarn,1997,9.68,9.5,9.9,4
81,Tarn,1998,9.72,9.7,9.8,4
81,Tarn,1999,9.7,9.5,9.8,4
81,Tarn,2000,8.7,8.2,9.2,4
81,Tarn,2001,7.95,7.9,8.0,4
81,Tarn,2002,7.93,7.9,8.0,4
81,Tarn,2003,8.48,8.4,8.6,4
81,Tarn,2004,8.7,8.6,8.8,4
81,Tarn,2005,8.85,8.5,9.2,4
81,Tarn,2006,9.3,9.0,9.5,4
81,Tarn,2007,8.65,8.1,9.2,4
81,Tarn,2008,8.2,7.8,8.6,4
81,Tarn,2009,9.6,9.2,9.8,4
81,Tarn,2010,9.75,9.7,9.8,4
81,Tarn,2011,10.0,9.8,10.3,4
81,Tarn,2012,10.58,10.4,10.8,4
81,Tarn,2013,10.95,10.8,11.1,4
81,Tarn,2014,10.95,10.8,11.1,4
81,Tarn,2015,11.05,11.0,11.2,4
81,Tarn,2016,10.68,10.5,10.9,4
81,Tarn,2017,10.02,9.6,10.3,4
81,Tarn,2018,9.6,9.3,9.9,4
81,Tarn,2019,8.9,8.6,9.4,4
81,Tarn,2020,8.22,7.4,9.0,4
81,Tarn,2021,8.02,7.7,8.3,4
81,Tarn,2022,7.8,7.7,7.9,4
81,Tarn,2023,7.82,7.7,8.0,4
81,Tarn,2024,7.85,7.7,8.0,4
81,Tarn,2025,8.18,7.9,8.5,4
82,Tarn-et-Garonne,1982,6.0,5.7,6.4,4
82,Tarn-et-Garonne,1983,6.35,6.2,6.5,4
82,Tarn-et-Garonne,1984,7.07,6.8,7.3,4
82,Tarn-et-Garonne,1985,7.57,7.5,7.6,4
82,Tarn-et-Garonne,1986,7.68,7.3,7.9,4
82,Tarn-et-Garonne,1987,7.68,7.6,7.8,4
82,Tarn-et-Garonne,1988,7.18,6.9,7.5,4
82,Tarn-et-Garonne,1989,6.78,6.7,6.8,4
82,Tarn-et-Garonne,1990,6.8,6.7,6.9,4
82,Tarn-et-Garonne,1991,7.48,7.0,7.9,4
82,Tarn-et-Garonne,1992,8.0,7.9,8.1,4
82,Tarn-et-Garonne,1993,8.88,8.4,9.2,4
82,Tarn-et-Garonne,1994,9.28,9.1,9.4,4
82,Tarn-et-Garonne,1995,8.45,8.2,8.8,4
82,Tarn-et-Garonne,1996,8.75,8.6,8.8,4
82,Tarn-et-Garonne,1997,8.93,8.8,9.1,4
82,Tarn-et-Garonne,1998,9.02,9.0,9.1,4
82,Tarn-et-Garonne,1999,8.95,8.6,9.2,4
82,Tarn-et-Garonne,2000,8.02,7.8,8.3,4
82,Tarn-et-Garonne,2001,7.65,7.5,7.8,4
82,Tarn-et-Garonne,2002,7.55,7.5,7.6,4
82,Tarn-et-Garonne,2003,7.95,7.7,8.3,4
82,Tarn-et-Garonne,2004,8.3,8.2,8.4,4
82,Tarn-et-Garonne,2005,8.5,8.1,8.9,4
82,Tarn-et-Garonne,2006,8.93,8.8,9.0,4
82,Tarn-et-Garonne,2007,8.43,7.8,8.9,4
82,Tarn-et-Garonne,2008,7.85,7.4,8.3,4
82,Tarn-et-Garonne,2009,9.25,8.9,9.7,4
82,Tarn-et-Garonne,2010,9.62,9.6,9.7,4
82,Tarn-et-Garonne,2011,9.82,9.4,10.3,4
82,Tarn-et-Garonne,2012,10.35,10.2,10.7,4
82,Tarn-et-Garonne,2013,11.08,10.8,11.3,4
82,Tarn-et-Garonne,2014,11.1,10.9,11.5,4
82,Tarn-et-Garonne,2015,11.6,11.5,11.7,4
82,Tarn-et-Garonne,2016,11.48,11.3,11.7,4
82,Tarn-et-Garonne,2017,10.82,10.4,11.1,4
82,Tarn-et-Garonne,2018,10.4,10.1,10.8,4
82,Tarn-et-Garonne,2019,9.6,9.4,10.0,4
82,Tarn-et-Garonne,2020,9.02,7.9,9.9,4
82,Tarn-et-Garonne,2021,9.12,8.7,9.4,4
82,Tarn-et-Garonne,2022,8.55,8.4,8.7,4
82,Tarn-et-Garonne,2023,8.52,8.4,8.7,4
82,Tarn-et-Garonne,2024,8.57,8.5,8.7,4
82,Tarn-et-Garonne,2025,8.95,8.7,9.2,4
83,Var,1982,8.2,7.9,8.6,4
83,Var,1983,8.9,8.7,9.2,4
83,Var,1984,10.32,9.8,10.7,4
83,Var,1985,11.15,11.0,11.3,4
83,Var,1986,11.0,11.0,11.0,4
83,Var,1987,10.68,10.5,10.9,4
83,Var,1988,10.28,10.2,10.4,4
83,Var,1989,9.82,9.7,9.9,4
83,Var,1990,9.85,9.8,10.0,4
83,Var,1991,10.4,10.1,10.9,4
83,Var,1992,11.68,11.2,12.1,4
83,Var,1993,12.85,12.4,13.3,4
83,Var,1994,13.62,13.4,13.8,4
83,Var,1995,13.12,12.9,13.4,4
83,Var,1996,13.58,13.3,13.7,4
83,Var,1997,14.02,13.8,14.2,4
83,Var,1998,13.58,13.4,13.8,4
83,Var,1999,13.38,12.9,13.6,4
83,Var,2000,11.88,11.3,12.5,4
83,Var,2001,10.65,10.3,11.0,4
83,Var,2002,9.78,9.6,10.0,4
83,Var,2003,9.9,9.8,10.0,4
83,Var,2004,10.05,9.9,10.1,4
83,Var,2005,9.95,9.8,10.1,4
83,Var,2006,9.75,9.4,10.0,4
83,Var,2007,9.02,8.6,9.5,4
83,Var,2008,8.25,8.1,8.6,4
83,Var,2009,9.75,9.3,10.1,4
83,Var,2010,9.75,9.7,9.8,4
83,Var,2011,9.98,9.9,10.1,4
83,Var,2012,10.4,10.2,10.7,4
83,Var,2013,10.82,10.8,10.9,4
83,Var,2014,10.9,10.7,11.1,4
83,Var,2015,11.1,11.0,11.3,4
83,Var,2016,10.78,10.6,10.9,4
83,Var,2017,10.18,9.8,10.4,4
83,Var,2018,9.8,9.5,10.1,4
83,Var,2019,9.1,8.7,9.6,4
83,Var,2020,8.45,7.8,9.4,4
83,Var,2021,8.12,7.5,8.5,4
83,Var,2022,7.32,7.2,7.4,4
83,Var,2023,7.28,7.1,7.4,4
83,Var,2024,7.2,7.1,7.4,4
83,Var,2025,7.42,7.2,7.7,4
84,Vaucluse,1982,7.02,6.4,7.9,4
84,Vaucluse,1983,8.32,8.1,8.8,4
84,Vaucluse,1984,9.82,9.5,10.0,4
84,Vaucluse,1985,10.32,10.3,10.4,4
84,Vaucluse,1986,10.12,10.0,10.2,4
84,Vaucluse,1987,9.75,9.5,10.1,4
84,Vaucluse,1988,9.28,9.2,9.4,4
84,Vaucluse,1989,8.75,8.6,9.0,4
84,Vaucluse,1990,9.25,8.9,9.5,4
84,Vaucluse,1991,9.6,9.3,10.0,4
84,Vaucluse,1992,10.88,10.3,11.5,4
84,Vaucluse,1993,12.0,11.8,12.1,4
84,Vaucluse,1994,12.35,12.3,12.4,4
84,Vaucluse,1995,11.8,11.5,12.2,4
84,Vaucluse,1996,12.25,12.0,12.4,4
84,Vaucluse,1997,12.72,12.6,12.8,4
84,Vaucluse,1998,12.52,12.5,12.6,4
84,Vaucluse,1999,12.28,11.8,12.6,4
84,Vaucluse,2000,10.78,10.1,11.4,4
84,Vaucluse,2001,9.75,9.7,9.8,4
84,Vaucluse,2002,9.28,9.0,9.6,4
84,Vaucluse,2003,9.45,9.4,9.5,4
84,Vaucluse,2004,9.6,9.4,9.7,4
84,Vaucluse,2005,10.0,9.5,10.4,4
84,Vaucluse,2006,10.23,9.8,10.5,4
84,Vaucluse,2007,9.6,9.0,10.1,4
84,Vaucluse,2008,8.82,8.5,9.2,4
84,Vaucluse,2009,10.55,10.0,11.2,4
84,Vaucluse,2010,10.85,10.8,10.9,4
84,Vaucluse,2011,11.35,11.0,11.7,4
84,Vaucluse,2012,12.0,11.6,12.5,4
84,Vaucluse,2013,12.62,12.4,12.8,4
84,Vaucluse,2014,12.72,12.5,13.0,4
84,Vaucluse,2015,12.98,12.9,13.1,4
84,Vaucluse,2016,12.82,12.6,13.0,4
84,Vaucluse,2017,11.98,11.7,12.2,4
84,Vaucluse,2018,11.62,11.4,11.9,4
84,Vaucluse,2019,10.98,10.6,11.5,4
84,Vaucluse,2020,10.25,9.2,11.4,4
84,Vaucluse,2021,10.1,9.6,10.4,4
84,Vaucluse,2022,9.5,9.4,9.6,4
84,Vaucluse,2023,9.65,9.4,9.9,4
84,Vaucluse,2024,9.68,9.4,9.9,4
84,Vaucluse,2025,10.02,9.7,10.4,4
85,Vendée,1982,5.92,5.7,6.2,4
85,Vendée,1983,6.48,6.2,6.8,4
85,Vendée,1984,7.85,7.4,8.3,4
85,Vendée,1985,8.55,8.3,8.7,4
85,Vendée,1986,8.35,8.2,8.5,4
85,Vendée,1987,8.38,8.3,8.5,4
85,Vendée,1988,7.78,7.5,8.1,4
85,Vendée,1989,6.98,6.8,7.2,4
85,Vendée,1990,6.55,6.4,6.7,4
85,Vendée,1991,6.68,6.4,6.9,4
85,Vendée,1992,7.3,7.2,7.4,4
85,Vendée,1993,8.07,7.7,8.4,4
85,Vendée,1994,8.45,8.2,8.6,4
85,Vendée,1995,7.9,7.8,8.0,4
85,Vendée,1996,8.32,8.2,8.4,4
85,Vendée,1997,8.25,8.0,8.4,4
85,Vendée,1998,7.45,7.4,7.6,4
85,Vendée,1999,7.05,6.6,7.4,4
85,Vendée,2000,5.9,5.5,6.3,4
85,Vendée,2001,5.52,5.5,5.6,4
85,Vendée,2002,5.55,5.5,5.6,4
85,Vendée,2003,5.95,5.8,6.2,4
85,Vendée,2004,6.3,6.2,6.4,4
85,Vendée,2005,6.4,6.1,6.6,4
85,Vendée,2006,6.48,6.1,6.7,4
85,Vendée,2007,5.68,5.4,6.1,4
85,Vendée,2008,5.45,5.1,6.1,4
85,Vendée,2009,7.58,7.0,7.9,4
85,Vendée,2010,7.42,7.2,7.6,4
85,Vendée,2011,7.08,6.9,7.3,4
85,Vendée,2012,7.68,7.4,8.0,4
85,Vendée,2013,8.35,8.2,8.5,4
85,Vendée,2014,8.4,8.3,8.6,4
85,Vendée,2015,8.43,8.2,8.6,4
85,Vendée,2016,7.85,7.7,8.1,4
85,Vendée,2017,7.12,6.8,7.4,4
85,Vendée,2018,6.7,6.6,6.9,4
85,Vendée,2019,6.45,6.3,6.7,4
85,Vendée,2020,6.45,6.2,7.1,4
85,Vendée,2021,5.82,5.3,6.3,4
85,Vendée,2022,5.2,5.1,5.3,4
85,Vendée,2023,5.12,5.0,5.3,4
85,Vendée,2024,5.32,5.3,5.4,4
85,Vendée,2025,5.65,5.4,5.9,4
86,Vienne,1982,7.58,7.2,7.9,4
86,Vienne,1983,8.12,7.9,8.5,4
86,Vienne,1984,9.72,9.2,10.1,4
86,Vienne,1985,9.9,9.7,10.2,4
86,Vienne,1986,9.62,9.5,9.7,4
86,Vienne,1987,9.4,9.2,9.6,4
86,Vienne,1988,8.82,8.6,9.1,4
86,Vienne,1989,8.2,8.1,8.4,4
86,Vienne,1990,7.55,7.4,7.9,4
86,Vienne,1991,7.65,7.4,7.9,4
86,Vienne,1992,8.4,8.2,8.5,4
86,Vienne,1993,8.78,8.5,9.1,4
86,Vienne,1994,9.18,9.0,9.3,4
86,Vienne,1995,8.3,8.1,8.7,4
86,Vienne,1996,8.65,8.4,8.9,4
86,Vienne,1997,8.95,8.9,9.0,4
86,Vienne,1998,8.52,8.4,8.7,4
86,Vienne,1999,8.3,7.9,8.6,4
86,Vienne,2000,7.05,6.6,7.4,4
86,Vienne,2001,6.38,6.3,6.4,4
86,Vienne,2002,6.32,6.3,6.4,4
86,Vienne,2003,6.85,6.7,7.1,4
86,Vienne,2004,7.25,7.1,7.4,4
86,Vienne,2005,7.52,7.3,7.8,4
86,Vienne,2006,7.62,7.3,7.8,4
86,Vienne,2007,6.72,6.2,7.2,4
86,Vienne,2008,6.38,6.0,6.9,4
86,Vienne,2009,8.0,7.6,8.3,4
86,Vienne,2010,8.02,8.0,8.1,4
86,Vienne,2011,7.88,7.8,8.0,4
86,Vienne,2012,8.2,8.0,8.4,4
86,Vienne,2013,8.48,8.1,8.7,4
86,Vienne,2014,8.4,8.2,8.6,4
86,Vienne,2015,8.55,8.4,8.7,4
86,Vienne,2016,8.38,8.2,8.5,4
86,Vienne,2017,7.6,7.2,7.9,4
86,Vienne,2018,7.38,7.2,7.5,4
86,Vienne,2019,6.88,6.6,7.2,4
86,Vienne,2020,6.55,6.2,7.3,4
86,Vienne,2021,6.35,5.9,6.7,4
86,Vienne,2022,5.88,5.8,5.9,4
86,Vienne,2023,6.0,5.8,6.2,4
86,Vienne,2024,6.25,6.2,6.3,4
86,Vienne,2025,6.68,6.5,6.9,4
87,Haute-Vienne,1982,5.05,4.8,5.2,4
87,Haute-Vienne,1983,5.42,5.1,5.8,4
87,Haute-Vienne,1984,6.65,6.2,7.1,4
87,Haute-Vienne,1985,7.5,7.4,7.6,4
87,Haute-Vienne,1986,7.2,7.2,7.2,4
87,Haute-Vienne,1987,7.18,7.1,7.2,4
87,Haute-Vienne,1988,6.6,6.4,6.9,4
87,Haute-Vienne,1989,6.3,6.3,6.3,4
87,Haute-Vienne,1990,6.15,6.1,6.2,4
87,Haute-Vienne,1991,6.45,6.2,6.8,4
87,Haute-Vienne,1992,7.18,7.0,7.3,4
87,Haute-Vienne,1993,7.52,7.3,7.8,4
87,Haute-Vienne,1994,8.1,8.0,8.2,4
87,Haute-Vienne,1995,7.68,7.5,7.9,4
87,Haute-Vienne,1996,7.95,7.9,8.0,4
87,Haute-Vienne,1997,8.0,8.0,8.0,4
87,Haute-Vienne,1998,7.72,7.6,7.8,4
87,Haute-Vienne,1999,7.6,7.1,7.9,4
87,Haute-Vienne,2000,6.28,5.8,6.7,4
87,Haute-Vienne,2001,5.62,5.6,5.7,4
87,Haute-Vienne,2002,5.8,5.8,5.8,4
87,Haute-Vienne,2003,6.38,6.1,6.7,4
87,Haute-Vienne,2004,6.82,6.7,6.9,4
87,Haute-Vienne,2005,7.02,6.7,7.3,4
87,Haute-Vienne,2006,7.32,7.0,7.5,4
87,Haute-Vienne,2007,6.72,6.3,7.1,4
87,Haute-Vienne,2008,6.32,6.1,6.7,4
87,Haute-Vienne,2009,8.12,7.5,8.6,4
87,Haute-Vienne,2010,8.4,8.4,8.4,4
87,Haute-Vienne,2011,8.55,8.4,8.8,4
87,Haute-Vienne,2012,9.2,8.9,9.5,4
87,Haute-Vienne,2013,9.68,9.5,9.8,4
87,Haute-Vienne,2014,9.57,9.4,9.8,4
87,Haute-Vienne,2015,9.8,9.7,9.9,4
87,Haute-Vienne,2016,9.5,9.3,9.7,4
87,Haute-Vienne,2017,8.68,8.3,8.9,4
87,Haute-Vienne,2018,8.15,8.0,8.4,4
87,Haute-Vienne,2019,7.65,7.4,7.9,4
87,Haute-Vienne,2020,7.25,6.6,8.1,4
87,Haute-Vienne,2021,6.9,6.6,7.2,4
87,Haute-Vienne,2022,6.45,6.3,6.6,4
87,Haute-Vienne,2023,6.4,6.2,6.6,4
87,Haute-Vienne,2024,6.72,6.7,6.8,4
87,Haute-Vienne,2025,7.12,6.9,7.3,4
88,Vosges,1982,7.07,7.0,7.1,4
88,Vosges,1983,7.35,7.1,7.9,4
88,Vosges,1984,9.0,8.4,9.3,4
88,Vosges,1985,9.35,9.2,9.5,4
88,Vosges,1986,9.6,9.5,9.7,4
88,Vosges,1987,9.6,9.4,9.7,4
88,Vosges,1988,8.93,8.7,9.2,4
88,Vosges,1989,8.38,8.3,8.5,4
88,Vosges,1990,7.9,7.6,8.3,4
88,Vosges,1991,7.82,7.7,7.9,4
88,Vosges,1992,8.18,8.0,8.4,4
88,Vosges,1993,8.98,8.6,9.3,4
88,Vosges,1994,9.38,9.2,9.5,4
88,Vosges,1995,8.8,8.6,9.0,4
88,Vosges,1996,9.3,9.1,9.4,4
88,Vosges,1997,9.5,9.5,9.5,4
88,Vosges,1998,9.15,9.1,9.3,4
88,Vosges,1999,8.95,8.4,9.2,4
88,Vosges,2000,7.48,7.2,7.9,4
88,Vosges,2001,7.12,6.9,7.4,4
88,Vosges,2002,7.7,7.5,8.0,4
88,Vosges,2003,8.5,8.4,8.6,4
88,Vosges,2004,8.85,8.6,9.1,4
88,Vosges,2005,9.28,9.0,9.5,4
88,Vosges,2006,9.5,8.9,9.8,4
88,Vosges,2007,8.55,8.0,9.1,4
88,Vosges,2008,8.12,7.7,8.6,4
88,Vosges,2009,10.15,9.8,10.4,4
88,Vosges,2010,9.95,9.8,10.1,4
88,Vosges,2011,10.0,9.8,10.4,4
88,Vosges,2012,11.02,10.6,11.5,4
88,Vosges,2013,11.7,11.6,11.8,4
88,Vosges,2014,11.7,11.6,11.8,4
88,Vosges,2015,11.72,11.5,11.9,4
88,Vosges,2016,10.95,10.7,11.4,4
88,Vosges,2017,9.98,9.4,10.3,4
88,Vosges,2018,9.4,9.1,9.7,4
88,Vosges,2019,8.9,8.7,9.1,4
88,Vosges,2020,8.32,7.6,9.2,4
88,Vosges,2021,8.02,7.6,8.3,4
88,Vosges,2022,7.43,7.4,7.5,4
88,Vosges,2023,7.72,7.4,7.9,4
88,Vosges,2024,7.72,7.5,7.9,4
88,Vosges,2025,7.8,7.6,8.1,4
89,Yonne,1982,6.78,6.5,7.0,4
89,Yonne,1983,7.12,6.8,7.5,4
89,Yonne,1984,8.65,8.0,9.1,4
89,Yonne,1985,8.45,8.2,9.0,4
89,Yonne,1986,8.38,8.2,8.5,4
89,Yonne,1987,8.57,8.5,8.6,4
89,Yonne,1988,7.98,7.6,8.4,4
89,Yonne,1989,7.15,7.0,7.4,4
89,Yonne,1990,6.72,6.7,6.8,4
89,Yonne,1991,6.82,6.7,7.0,4
89,Yonne,1992,7.8,7.3,8.3,4
89,Yonne,1993,9.18,8.6,9.7,4
89,Yonne,1994,9.82,9.4,10.1,4
89,Yonne,1995,8.9,8.7,9.2,4
89,Yonne,1996,9.07,9.0,9.1,4
89,Yonne,1997,9.28,9.1,9.4,4
89,Yonne,1998,8.72,8.6,8.9,4
89,Yonne,1999,8.5,7.8,9.0,4
89,Yonne,2000,6.82,6.3,7.3,4
89,Yonne,2001,6.02,6.0,6.1,4
89,Yonne,2002,6.3,6.2,6.5,4
89,Yonne,2003,7.2,6.9,7.7,4
89,Yonne,2004,7.78,7.6,7.9,4
89,Yonne,2005,7.9,7.7,8.1,4
89,Yonne,2006,8.0,7.6,8.3,4
89,Yonne,2007,7.1,6.5,7.6,4
89,Yonne,2008,6.7,6.3,7.2,4
89,Yonne,2009,8.7,8.4,8.9,4
89,Yonne,2010,8.75,8.6,8.8,4
89,Yonne,2011,8.72,8.6,8.9,4
89,Yonne,2012,9.48,8.9,10.0,4
89,Yonne,2013,9.95,9.6,10.2,4
89,Yonne,2014,9.72,9.6,9.9,4
89,Yonne,2015,9.88,9.7,10.1,4
89,Yonne,2016,9.57,9.5,9.7,4
89,Yonne,2017,8.78,8.3,9.1,4
89,Yonne,2018,8.22,7.9,8.6,4
89,Yonne,2019,7.8,7.6,8.0,4
89,Yonne,2020,7.22,6.7,8.0,4
89,Yonne,2021,7.02,6.6,7.2,4
89,Yonne,2022,6.7,6.6,6.8,4
89,Yonne,2023,6.95,6.7,7.2,4
89,Yonne,2024,7.22,7.1,7.3,4
89,Yonne,2025,7.6,7.4,7.9,4
90,Territoire de Belfort,1982,7.88,7.8,8.1,4
90,Territoire de Belfort,1983,8.12,8.0,8.3,4
90,Territoire de Belfort,1984,9.2,8.9,9.4,4
90,Territoire de Belfort,1985,9.62,9.4,9.8,4
90,Territoire de Belfort,1986,9.07,8.9,9.2,4
90,Territoire de Belfort,1987,9.65,9.5,9.7,4
90,Territoire de Belfort,1988,9.3,9.0,9.6,4
90,Territoire de Belfort,1989,8.12,7.7,8.7,4
90,Territoire de Belfort,1990,7.48,7.4,7.5,4
90,Territoire de Belfort,1991,7.7,7.5,8.0,4
90,Territoire de Belfort,1992,8.32,8.2,8.6,4
90,Territoire de Belfort,1993,9.35,8.9,9.8,4
90,Territoire de Belfort,1994,9.78,9.5,9.9,4
90,Territoire de Belfort,1995,8.95,8.8,9.2,4
90,Territoire de Belfort,1996,9.45,9.1,9.7,4
90,Territoire de Belfort,1997,9.75,9.7,9.8,4
90,Territoire de Belfort,1998,9.18,8.8,9.6,4
90,Territoire de Belfort,1999,8.43,7.8,8.8,4
90,Territoire de Belfort,2000,6.8,6.3,7.3,4
90,Territoire de Belfort,2001,6.02,5.7,6.5,4
90,Territoire de Belfort,2002,7.05,6.9,7.3,4
90,Territoire de Belfort,2003,8.05,7.7,8.8,4
90,Territoire de Belfort,2004,8.93,8.8,9.0,4
90,Territoire de Belfort,2005,9.25,8.7,9.8,4
90,Territoire de Belfort,2006,10.18,10.0,10.4,4
90,Territoire de Belfort,2007,9.08,8.3,9.9,4
90,Territoire de Belfort,2008,7.82,7.6,8.3,4
90,Territoire de Belfort,2009,10.2,9.6,10.7,4
90,Territoire de Belfort,2010,10.22,9.8,10.6,4
90,Territoire de Belfort,2011,9.43,9.1,9.7,4
90,Territoire de Belfort,2012,10.62,9.8,11.6,4
90,Territoire de Belfort,2013,11.62,11.4,11.8,4
90,Territoire de Belfort,2014,11.6,11.5,11.8,4
90,Territoire de Belfort,2015,11.5,11.2,11.7,4
90,Territoire de Belfort,2016,10.82,10.6,11.1,4
90,Territoire de Belfort,2017,9.6,8.7,10.3,4
90,Territoire de Belfort,2018,9.15,9.0,9.3,4
90,Territoire de Belfort,2019,8.95,8.9,9.1,4
90,Territoire de Belfort,2020,8.98,8.2,10.4,4
90,Territoire de Belfort,2021,8.9,8.5,9.3,4
90,Territoire de Belfort,2022,8.18,8.1,8.3,4
90,Territoire de Belfort,2023,8.4,8.1,8.6,4
90,Territoire de Belfort,2024,8.8,8.7,9.0,4
90,Territoire de Belfort,2025,9.3,9.1,9.5,4
91,Essonne,1982,5.32,5.3,5.4,4
91,Essonne,1983,5.25,5.2,5.3,4
91,Essonne,1984,5.72,5.5,5.9,4
91,Essonne,1985,5.92,5.8,6.1,4
91,Essonne,1986,5.88,5.8,6.0,4
91,Essonne,1987,5.88,5.7,6.0,4
91,Essonne,1988,5.52,5.3,5.7,4
91,Essonne,1989,4.92,4.7,5.1,4
91,Essonne,1990,4.32,4.2,4.5,4
91,Essonne,1991,4.6,4.4,4.9,4
91,Essonne,1992,5.62,5.1,6.2,4
91,Essonne,1993,6.98,6.5,7.4,4
91,Essonne,1994,7.32,7.1,7.5,4
91,Essonne,1995,6.95,6.9,7.0,4
91,Essonne,1996,7.35,7.2,7.5,4
91,Essonne,1997,7.48,7.3,7.6,4
91,Essonne,1998,7.08,7.0,7.2,4
91,Essonne,1999,6.68,6.3,6.9,4
91,Essonne,2000,5.42,4.9,5.9,4
91,Essonne,2001,4.72,4.7,4.8,4
91,Essonne,2002,5.4,5.1,5.7,4
91,Essonne,2003,6.38,6.1,6.7,4
91,Essonne,2004,6.82,6.7,6.9,4
91,Essonne,2005,6.75,6.7,6.8,4
91,Essonne,2006,6.32,5.8,6.7,4
91,Essonne,2007,5.52,5.1,5.9,4
91,Essonne,2008,4.97,4.8,5.2,4
91,Essonne,2009,6.3,5.8,6.8,4
91,Essonne,2010,6.6,6.6,6.6,4
91,Essonne,2011,6.5,6.4,6.6,4
91,Essonne,2012,6.93,6.7,7.2,4
91,Essonne,2013,7.43,7.4,7.5,4
91,Essonne,2014,7.5,7.4,7.7,4
91,Essonne,2015,7.7,7.6,7.8,4
91,Essonne,2016,7.62,7.5,7.7,4
91,Essonne,2017,7.22,6.9,7.4,4
91,Essonne,2018,7.0,6.8,7.2,4
91,Essonne,2019,6.62,6.5,6.8,4
91,Essonne,2020,6.65,5.8,7.5,4
91,Essonne,2021,6.75,6.4,7.0,4
91,Essonne,2022,6.35,6.3,6.5,4
91,Essonne,2023,6.38,6.2,6.6,4
91,Essonne,2024,6.48,6.4,6.5,4
91,Essonne,2025,6.98,6.7,7.3,4
92,Hauts-de-Seine,1982,5.07,5.0,5.1,4
92,Hauts-de-Seine,1983,5.1,5.0,5.3,4
92,Hauts-de-Seine,1984,5.9,5.6,6.1,4
92,Hauts-de-Seine,1985,6.65,6.3,7.0,4
92,Hauts-de-Seine,1986,6.95,6.9,7.0,4
92,Hauts-de-Seine,1987,7.18,7.1,7.2,4
92,Hauts-de-Seine,1988,6.72,6.5,6.9,4
92,Hauts-de-Seine,1989,6.02,5.8,6.3,4
92,Hauts-de-Seine,1990,5.68,5.6,5.7,4
92,Hauts-de-Seine,1991,5.82,5.6,6.1,4
92,Hauts-de-Seine,1992,6.8,6.4,7.3,4
92,Hauts-de-Seine,1993,8.25,7.7,8.8,4
92,Hauts-de-Seine,1994,8.82,8.7,8.9,4
92,Hauts-de-Seine,1995,8.32,8.2,8.5,4
92,Hauts-de-Seine,1996,8.48,8.4,8.5,4
92,Hauts-de-Seine,1997,8.55,8.5,8.6,4
92,Hauts-de-Seine,1998,8.12,8.0,8.3,4
92,Hauts-de-Seine,1999,7.65,7.3,7.9,4
92,Hauts-de-Seine,2000,6.55,6.2,7.0,4
92,Hauts-de-Seine,2001,5.95,5.8,6.1,4
92,Hauts-de-Seine,2002,6.65,6.3,7.0,4
92,Hauts-de-Seine,2003,7.62,7.4,7.9,4
92,Hauts-de-Seine,2004,7.98,7.9,8.1,4
92,Hauts-de-Seine,2005,7.75,7.7,7.8,4
92,Hauts-de-Seine,2006,7.42,7.0,7.8,4
92,Hauts-de-Seine,2007,6.58,5.9,7.1,4
92,Hauts-de-Seine,2008,5.7,5.6,5.8,4
92,Hauts-de-Seine,2009,6.9,6.3,7.4,4
92,Hauts-de-Seine,2010,7.1,7.0,7.2,4
92,Hauts-de-Seine,2011,7.0,6.9,7.1,4
92,Hauts-de-Seine,2012,7.4,7.2,7.6,4
92,Hauts-de-Seine,2013,7.72,7.7,7.8,4
92,Hauts-de-Seine,2014,7.78,7.7,7.9,4
92,Hauts-de-Seine,2015,7.85,7.7,8.0,4
92,Hauts-de-Seine,2016,7.55,7.4,7.7,4
92,Hauts-de-Seine,2017,7.08,6.8,7.2,4
92,Hauts-de-Seine,2018,6.88,6.7,7.0,4
92,Hauts-de-Seine,2019,6.5,6.3,6.7,4
92,Hauts-de-Seine,2020,6.38,5.4,7.2,4
92,Hauts-de-Seine,2021,6.55,6.2,6.8,4
92,Hauts-de-Seine,2022,5.9,5.7,6.1,4
92,Hauts-de-Seine,2023,5.85,5.6,6.1,4
92,Hauts-de-Seine,2024,6.02,6.0,6.1,4
92,Hauts-de-Seine,2025,6.58,6.3,6.8,4
93,Seine-Saint-Denis,1982,7.05,6.9,7.2,4
93,Seine-Saint-Denis,1983,7.02,6.9,7.3,4
93,Seine-Saint-Denis,1984,8.05,7.6,8.4,4
93,Seine-Saint-Denis,1985,8.8,8.6,9.1,4
93,Seine-Saint-Denis,1986,9.28,9.2,9.4,4
93,Seine-Saint-Denis,1987,9.5,9.4,9.6,4
93,Seine-Saint-Denis,1988,9.35,9.2,9.4,4
93,Seine-Saint-Denis,1989,8.68,8.5,8.9,4
93,Seine-Saint-Denis,1990,8.28,8.0,8.5,4
93,Seine-Saint-Denis,1991,8.8,8.3,9.2,4
93,Seine-Saint-Denis,1992,9.78,9.1,10.6,4
93,Seine-Saint-Denis,1993,11.72,11.1,12.4,4
93,Seine-Saint-Denis,1994,12.62,12.5,12.7,4
93,Seine-Saint-Denis,1995,12.28,12.2,12.4,4
93,Seine-Saint-Denis,1996,13.08,12.8,13.2,4
93,Seine-Saint-Denis,1997,13.38,13.3,13.4,4
93,Seine-Saint-Denis,1998,13.2,13.1,13.3,4
93,Seine-Saint-Denis,1999,13.0,12.7,13.3,4
93,Seine-Saint-Denis,2000,11.23,10.3,12.3,4
93,Seine-Saint-Denis,2001,9.95,9.9,10.0,4
93,Seine-Saint-Denis,2002,10.5,10.2,10.8,4
93,Seine-Saint-Denis,2003,11.58,11.2,12.1,4
93,Seine-Saint-Denis,2004,12.22,12.1,12.3,4
93,Seine-Saint-Denis,2005,11.98,11.8,12.1,4
93,Seine-Saint-Denis,2006,11.55,10.9,12.1,4
93,Seine-Saint-Denis,2007,10.48,9.7,11.1,4
93,Seine-Saint-Denis,2008,9.25,9.2,9.4,4
93,Seine-Saint-Denis,2009,10.65,9.9,11.3,4
93,Seine-Saint-Denis,2010,11.12,11.1,11.2,4
93,Seine-Saint-Denis,2011,11.35,11.2,11.6,4
93,Seine-Saint-Denis,2012,12.05,11.7,12.4,4
93,Seine-Saint-Denis,2013,12.8,12.7,12.9,4
93,Seine-Saint-Denis,2014,12.98,12.8,13.2,4
93,Seine-Saint-Denis,2015,13.08,12.9,13.3,4
93,Seine-Saint-Denis,2016,12.75,12.5,13.0,4
93,Seine-Saint-Denis,2017,11.98,11.6,12.2,4
93,Seine-Saint-Denis,2018,11.65,11.3,12.0,4
93,Seine-Saint-Denis,2019,10.9,10.6,11.3,4
93,Seine-Saint-Denis,2020,10.6,9.1,11.9,4
93,Seine-Saint-Denis,2021,10.88,10.4,11.2,4
93,Seine-Saint-Denis,2022,10.25,10.1,10.4,4
93,Seine-Saint-Denis,2023,10.25,9.9,10.6,4
93,Seine-Saint-Denis,2024,10.32,10.2,10.5,4
93,Seine-Saint-Denis,2025,10.72,10.6,10.8,4
94,Val-de-Marne,1982,5.65,5.6,5.7,4
94,Val-de-Marne,1983,5.52,5.4,5.8,4
94,Val-de-Marne,1984,6.42,6.1,6.8,4
94,Val-de-Marne,1985,6.9,6.8,7.0,4
94,Val-de-Marne,1986,7.32,7.1,7.5,4
94,Val-de-Marne,1987,7.52,7.4,7.6,4
94,Val-de-Marne,1988,7.1,6.9,7.3,4
94,Val-de-Marne,1989,6.38,6.2,6.6,4
94,Val-de-Marne,1990,6.1,6.1,6.1,4
94,Val-de-Marne,1991,6.32,6.1,6.6,4
94,Val-de-Marne,1992,7.2,6.8,7.7,4
94,Val-de-Marne,1993,8.68,8.1,9.2,4
94,Val-de-Marne,1994,9.18,9.0,9.3,4
94,Val-de-Marne,1995,8.62,8.5,8.8,4
94,Val-de-Marne,1996,8.9,8.8,9.0,4
94,Val-de-Marne,1997,9.3,9.2,9.4,4
94,Val-de-Marne,1998,9.07,9.0,9.2,4
94,Val-de-Marne,1999,8.72,8.3,9.0,4
94,Val-de-Marne,2000,7.35,7.0,7.9,4
94,Val-de-Marne,2001,6.5,6.4,6.7,4
94,Val-de-Marne,2002,6.98,6.7,7.2,4
94,Val-de-Marne,2003,7.8,7.5,8.1,4
94,Val-de-Marne,2004,8.32,8.2,8.4,4
94,Val-de-Marne,2005,8.28,8.1,8.4,4
94,Val-de-Marne,2006,7.98,7.6,8.3,4
94,Val-de-Marne,2007,7.25,6.6,7.7,4
94,Val-de-Marne,2008,6.28,6.2,6.3,4
94,Val-de-Marne,2009,7.45,6.8,8.0,4
94,Val-de-Marne,2010,7.75,7.7,7.8,4
94,Val-de-Marne,2011,7.85,7.7,8.0,4
94,Val-de-Marne,2012,8.22,8.0,8.4,4
94,Val-de-Marne,2013,8.72,8.7,8.8,4
94,Val-de-Marne,2014,8.9,8.8,9.1,4
94,Val-de-Marne,2015,8.98,8.9,9.1,4
94,Val-de-Marne,2016,8.82,8.7,8.9,4
94,Val-de-Marne,2017,8.38,8.1,8.5,4
94,Val-de-Marne,2018,8.05,7.8,8.3,4
94,Val-de-Marne,2019,7.45,7.3,7.7,4
94,Val-de-Marne,2020,7.45,6.4,8.4,4
94,Val-de-Marne,2021,7.7,7.3,7.9,4
94,Val-de-Marne,2022,7.15,7.0,7.3,4
94,Val-de-Marne,2023,7.15,6.9,7.4,4
94,Val-de-Marne,2024,7.25,7.2,7.4,4
94,Val-de-Marne,2025,7.8,7.5,8.1,4
95,Val-d'oise,1982,5.42,5.3,5.5,4
95,Val-d'oise,1983,5.68,5.6,5.9,4
95,Val-d'oise,1984,6.6,6.2,6.9,4
95,Val-d'oise,1985,7.22,7.0,7.5,4
95,Val-d'oise,1986,7.4,7.3,7.5,4
95,Val-d'oise,1987,7.5,7.4,7.6,4
95,Val-d'oise,1988,7.4,7.2,7.5,4
95,Val-d'oise,1989,6.55,6.3,6.9,4
95,Val-d'oise,1990,5.95,5.9,6.1,4
95,Val-d'oise,1991,6.28,5.9,6.6,4
95,Val-d'oise,1992,7.28,6.9,7.7,4
95,Val-d'oise,1993,8.82,8.1,9.5,4
95,Val-d'oise,1994,9.7,9.6,9.8,4
95,Val-d'oise,1995,9.18,9.0,9.4,4
95,Val-d'oise,1996,9.57,9.4,9.7,4
95,Val-d'oise,1997,9.78,9.6,9.9,4
95,Val-d'oise,1998,9.22,9.1,9.4,4
95,Val-d'oise,1999,8.88,8.4,9.2,4
95,Val-d'oise,2000,7.42,7.0,7.9,4
95,Val-d'oise,2001,6.65,6.5,6.8,4
95,Val-d'oise,2002,7.2,6.9,7.5,4
95,Val-d'oise,2003,8.3,8.0,8.7,4
95,Val-d'oise,2004,8.9,8.7,9.1,4
95,Val-d'oise,2005,8.95,8.8,9.1,4
95,Val-d'oise,2006,8.75,8.3,9.1,4
95,Val-d'oise,2007,8.0,7.4,8.5,4
95,Val-d'oise,2008,7.1,7.0,7.3,4
95,Val-d'oise,2009,8.7,8.0,9.3,4
95,Val-d'oise,2010,9.02,9.0,9.1,4
95,Val-d'oise,2011,8.98,8.9,9.1,4
95,Val-d'oise,2012,9.45,9.2,9.8,4
95,Val-d'oise,2013,10.02,9.9,10.1,4
95,Val-d'oise,2014,10.12,9.9,10.4,4
95,Val-d'oise,2015,10.28,10.2,10.4,4
95,Val-d'oise,2016,10.07,9.9,10.2,4
95,Val-d'oise,2017,9.52,9.2,9.7,4
95,Val-d'oise,2018,9.18,8.9,9.4,4
95,Val-d'oise,2019,8.5,8.3,8.8,4
95,Val-d'oise,2020,8.43,7.3,9.5,4
95,Val-d'oise,2021,8.7,8.3,9.0,4
95,Val-d'oise,2022,8.02,7.9,8.2,4
95,Val-d'oise,2023,8.0,7.7,8.3,4
95,Val-d'oise,2024,7.98,7.9,8.2,4
95,Val-d'oise,2025,8.5,8.2,8.8,4
