code_dept,annee,bure__activites_financieres__autres_formes,bure__activites_financieres__entrepreneur_individuel,bure__activites_financieres__sarl,bure__activites_financieres__sas_sasu,bure__activites_financieres__total,bure__administration_sante_education__autres_formes,bure__administration_sante_education__entrepreneur_individuel,bure__administration_sante_education__sarl,bure__administration_sante_education__sas_sasu,bure__administration_sante_education__total,bure__autres_services__autres_formes,bure__autres_services__entrepreneur_individuel,bure__autres_services__sarl,bure__autres_services__sas_sasu,bure__autres_services__total,bure__commerce_transport_hebergement__autres_formes,bure__commerce_transport_hebergement__entrepreneur_individuel,bure__commerce_transport_hebergement__sarl,bure__commerce_transport_hebergement__sas_sasu,bure__commerce_transport_hebergement__total,bure__construction__autres_formes,bure__construction__entrepreneur_individuel,bure__construction__sarl,bure__construction__sas_sasu,bure__construction__total,bure__immobilier__autres_formes,bure__immobilier__entrepreneur_individuel,bure__immobilier__sarl,bure__immobilier__sas_sasu,bure__immobilier__total,bure__industrie_extractive_energie__autres_formes,bure__industrie_extractive_energie__entrepreneur_individuel,bure__industrie_extractive_energie__sarl,bure__industrie_extractive_energie__sas_sasu,bure__industrie_extractive_energie__total,bure__industrie_manufacturiere__autres_formes,bure__industrie_manufacturiere__entrepreneur_individuel,bure__industrie_manufacturiere__sarl,bure__industrie_manufacturiere__sas_sasu,bure__industrie_manufacturiere__total,bure__information_communication__autres_formes,bure__information_communication__entrepreneur_individuel,bure__information_communication__sarl,bure__information_communication__sas_sasu,bure__information_communication__total,bure__total__autres_formes,bure__total__entrepreneur_individuel,bure__total__sarl,bure__total__sas_sasu,bure__total__total
01,2012,17,70,74,26,187,16,1099,64,18,1197,9,887,94,15,1005,15,2020,675,106,2816,24,932,341,48,1345,89,97,93,25,304,5,371,158,23,557,85,1352,346,90,1873,4,231,46,26,307,264,7059,1891,377,9591
01,2013,16,65,86,52,219,24,1081,56,26,1187,5,772,89,13,879,14,1961,552,185,2712,31,807,292,93,1223,52,88,55,56,251,3,381,145,57,586,92,1216,333,130,1771,0,182,49,25,256,237,6553,1657,637,9084
01,2014,21,78,84,61,244,24,1018,56,27,1125,6,738,81,39,864,11,2065,578,283,2937,28,803,221,137,1189,17,83,66,62,228,2,386,117,59,564,41,1222,283,196,1742,3,168,37,38,246,153,6561,1523,902,9139
01,2015,27,56,66,79,228,21,1040,56,67,1184,7,607,67,66,747,14,1953,519,447,2933,31,622,183,172,1008,26,102,75,69,272,6,280,100,92,478,44,1035,242,297,1618,1,155,25,49,230,177,5850,1333,1338,8698
01,2016,16,39,70,68,193,22,948,39,82,1091,6,615,60,99,780,13,1946,396,645,3000,35,567,172,266,1040,42,159,68,122,391,5,250,73,149,477,48,1065,223,471,1807,3,171,29,86,289,190,5760,1130,1988,9068
01,2017,34,30,65,80,209,12,1049,46,76,1183,5,648,47,99,799,10,1965,361,795,3131,28,566,155,323,1072,73,202,76,102,453,29,291,77,180,577,46,1088,231,509,1874,3,154,20,98,275,240,5993,1078,2262,9573
01,2018,27,57,73,66,223,14,1141,50,77,1282,7,802,49,132,990,20,2299,342,828,3489,41,716,168,319,1244,92,167,78,116,453,8,326,83,205,622,474,1371,233,639,2717,0,221,26,75,322,683,7100,1102,2457,11342
01,2019,38,50,71,98,257,10,1205,59,96,1370,5,1051,60,128,1244,10,2714,350,806,3880,37,941,174,335,1487,102,272,76,192,642,1,539,98,196,834,309,1757,251,567,2884,0,258,20,67,345,512,8787,1159,2485,12943
01,2020,29,59,50,131,269,13,1153,57,97,1320,0,988,45,125,1158,8,2998,323,789,4118,31,863,173,336,1403,150,338,67,134,689,2,520,44,211,777,199,1711,218,581,2709,1,288,27,99,415,433,8918,1004,2503,12858
01,2021,53,80,65,189,387,9,1233,53,113,1408,2,1362,65,156,1585,13,3022,373,969,4377,25,961,195,426,1607,158,329,94,182,763,6,637,89,210,942,292,2099,250,739,3380,0,349,23,94,466,558,10072,1207,3078,14915
01,2022,48,66,82,264,460,4,1378,60,124,1566,2,1732,88,189,2011,17,2753,406,942,4118,43,1050,220,417,1730,147,304,123,206,780,0,782,90,276,1148,315,2503,296,758,3872,0,443,33,105,581,576,11011,1398,3281,16266
01,2023,43,54,72,220,389,5,1421,49,92,1567,3,1635,86,158,1882,12,2964,372,908,4256,43,952,192,356,1543,250,290,98,171,809,4,849,60,232,1145,286,2788,267,713,4054,3,597,25,99,724,649,11550,1221,2949,16369
01,2024,42,51,84,292,469,8,1420,61,102,1591,3,1693,62,200,1958,16,3536,370,995,4917,43,969,185,372,1569,30,246,140,199,615,3,968,73,263,1307,323,2936,286,787,4332,1,492,25,90,608,469,12311,1286,3300,17366
02,2012,27,75,53,21,176,6,679,53,8,746,8,689,80,11,788,7,1346,559,68,1980,42,701,273,27,1043,10,80,48,18,156,1,272,108,15,396,1036,973,262,71,2342,1,148,34,23,206,1138,4963,1470,262,7833
02,2013,29,39,39,31,138,19,700,49,11,779,5,602,76,16,699,10,1404,480,124,2018,25,588,255,57,925,18,61,51,10,140,7,228,91,24,350,1519,823,232,110,2684,1,148,34,18,201,1633,4593,1307,401,7934
02,2014,35,32,49,32,148,13,660,49,20,742,4,537,71,47,659,7,1256,463,188,1914,24,475,195,81,775,16,65,62,27,170,2,219,71,48,340,1291,692,199,137,2319,0,109,25,28,162,1392,4045,1184,608,7229
02,2015,34,36,46,44,160,16,704,50,47,817,6,469,69,58,602,15,1296,398,338,2047,31,416,165,158,770,31,49,49,36,165,20,169,67,61,317,1014,628,168,191,2001,1,109,25,33,168,1168,3876,1037,966,7047
02,2016,26,21,47,37,131,11,675,32,51,769,5,421,43,92,561,10,1307,323,467,2107,19,423,137,191,770,21,59,54,57,191,0,161,53,104,318,1310,614,126,315,2365,2,101,17,59,179,1404,3782,832,1373,7391
02,2017,27,18,47,68,160,12,716,34,51,813,8,438,43,91,580,10,1485,307,472,2274,32,409,106,203,750,12,73,63,65,213,0,218,55,101,374,1571,715,171,306,2763,1,98,23,56,178,1673,4170,849,1413,8105
02,2018,28,25,48,44,145,6,709,36,60,811,3,475,57,92,627,4,1637,309,428,2378,26,411,132,192,761,28,80,57,44,209,2,216,55,103,376,1866,761,171,329,3127,0,128,19,43,190,1963,4442,884,1335,8624
02,2019,41,31,45,57,174,8,787,26,62,883,2,618,50,99,769,5,1803,314,502,2624,33,428,123,178,762,54,104,85,59,302,4,280,62,89,435,1449,1027,157,321,2954,1,160,14,49,224,1597,5238,876,1416,9127
02,2020,49,27,36,80,192,10,661,41,41,753,1,530,31,74,636,7,2015,267,509,2798,38,474,128,226,866,52,94,78,108,332,3,280,55,112,450,1837,1015,145,322,3319,0,161,13,55,229,1997,5257,794,1527,9575
02,2021,46,47,47,125,265,12,832,52,76,972,3,793,64,113,973,3,2174,342,658,3177,28,519,149,247,943,17,153,78,124,372,4,477,66,132,679,2775,1362,175,520,4832,1,238,24,73,336,2889,6595,997,2068,12549
02,2022,73,30,47,189,339,3,897,43,65,1008,3,1040,53,124,1220,14,1753,304,613,2684,40,520,142,267,969,10,128,69,122,329,0,578,69,102,749,3922,1571,176,505,6174,0,265,18,63,346,4065,6782,921,2050,13818
02,2023,54,37,37,120,248,6,882,51,55,994,3,977,56,115,1151,19,1773,310,562,2664,52,516,101,201,870,154,213,70,111,548,1,633,42,97,773,3337,1830,189,542,5898,1,355,15,52,423,3627,7216,871,1855,13569
02,2024,54,37,37,137,265,8,814,48,54,924,7,1121,66,141,1335,14,2035,289,618,2956,47,573,107,220,947,71,199,55,96,421,2,828,54,111,995,1688,1741,171,478,4078,0,308,15,73,396,1891,7656,842,1928,12317
03,2012,9,24,37,11,81,6,320,22,3,351,3,408,37,5,453,8,960,216,65,1249,30,515,133,29,707,14,61,26,42,143,1,200,96,24,321,20,487,104,327,938,0,74,15,4,93,91,3049,686,510,4336
03,2013,24,25,26,25,100,6,362,21,8,397,1,301,29,9,340,8,1024,239,105,1376,18,480,133,47,678,7,32,52,15,106,1,185,81,45,312,7,431,105,168,711,0,61,17,14,92,72,2901,703,436,4112
03,2014,11,12,43,21,87,7,382,19,16,424,2,333,25,30,390,9,975,198,125,1307,21,398,105,83,607,15,37,37,17,106,0,191,37,33,261,21,444,89,324,878,1,47,17,15,80,87,2819,570,664,4140
03,2015,16,25,22,18,81,14,395,13,25,447,1,261,12,25,299,10,912,170,161,1253,25,311,86,114,536,6,32,19,20,77,1,173,32,47,253,15,402,58,185,660,0,51,8,16,75,88,2562,420,611,3681
03,2016,10,20,26,20,76,5,376,9,28,418,5,252,20,25,302,6,847,145,196,1194,27,261,69,113,470,4,54,18,28,104,4,123,28,71,226,18,349,54,171,592,2,53,8,19,82,81,2335,377,671,3464
03,2017,8,18,21,31,78,4,367,6,27,404,5,235,16,31,287,3,898,110,218,1229,14,260,60,108,442,5,61,18,28,112,0,117,28,88,233,13,385,56,202,656,2,50,4,18,74,54,2391,319,751,3515
03,2018,14,31,31,25,101,2,391,22,31,446,1,262,19,35,317,4,949,119,255,1327,17,308,56,173,554,3,30,25,31,89,2,159,30,75,266,8,464,53,288,813,0,69,7,25,101,51,2663,362,938,4014
03,2019,16,30,23,39,108,4,433,14,21,472,3,345,24,39,411,5,1095,107,242,1449,17,313,43,199,572,3,36,15,40,94,2,181,25,77,285,7,537,57,241,842,0,69,5,28,102,57,3039,313,926,4335
03,2020,18,14,18,40,90,3,396,14,24,437,0,317,11,41,369,4,1392,90,266,1752,23,250,55,166,494,3,70,5,49,127,5,193,18,82,298,8,565,48,236,857,1,88,6,24,119,65,3285,265,928,4543
03,2021,19,22,24,72,137,2,518,35,46,601,3,451,21,58,533,12,1669,134,393,2208,29,334,66,260,689,3,76,16,72,167,1,293,21,129,444,30,738,45,347,1160,0,111,10,43,164,99,4212,372,1420,6103
03,2022,16,36,31,110,193,4,546,19,39,608,0,605,19,66,690,5,1468,121,365,1959,18,415,63,272,768,7,95,30,74,206,3,390,19,127,539,28,877,70,331,1306,0,132,5,36,173,81,4564,377,1420,6442
03,2023,12,35,20,90,157,3,500,31,34,568,1,611,21,82,715,6,1405,101,392,1904,44,420,45,320,829,3,113,21,67,204,3,433,21,131,588,83,1045,61,344,1533,0,209,5,34,248,155,4771,326,1494,6746
03,2024,5,19,20,102,146,4,522,20,53,599,6,580,21,75,682,6,1521,102,434,2063,31,423,53,353,860,3,107,22,68,200,0,437,22,140,599,61,1138,68,387,1654,0,179,6,36,221,116,4926,334,1648,7024
04,2012,7,30,81,32,150,11,1077,87,9,1184,5,786,96,17,904,8,2190,680,74,2952,70,768,298,20,1156,27,78,73,52,230,1,366,131,24,522,217,1027,278,96,1618,4,155,55,13,227,350,6477,1779,337,8943
04,2013,13,35,89,35,172,18,1152,86,17,1273,6,695,100,10,811,9,2018,676,122,2825,72,727,304,46,1149,23,87,81,67,258,1,379,123,33,536,112,892,250,86,1340,2,149,56,17,224,256,6134,1765,433,8588
04,2014,14,58,108,38,218,21,1217,80,25,1343,1,618,68,22,709,7,1924,696,185,2812,91,641,298,41,1071,17,102,79,49,247,4,288,139,48,479,189,801,253,142,1385,2,155,38,31,226,346,5804,1759,581,8490
04,2015,12,70,71,46,199,18,1126,93,26,1263,8,584,84,29,705,12,1854,603,256,2725,55,592,286,125,1058,11,92,65,50,218,7,251,103,55,416,275,760,218,179,1432,1,141,39,41,222,399,5470,1562,807,8238
04,2016,14,58,59,51,182,18,1263,66,46,1393,9,591,86,57,743,9,2048,518,362,2937,67,519,246,140,972,37,76,48,49,210,1,239,103,90,433,193,778,194,232,1397,2,109,27,49,187,350,5681,1347,1076,8454
04,2017,18,49,75,49,191,11,1222,56,57,1346,5,650,78,57,790,3,2425,503,399,3330,67,502,228,166,963,40,82,74,43,239,2,234,94,102,432,194,791,218,261,1464,1,138,26,54,219,341,6093,1352,1188,8974
04,2018,17,63,73,48,201,10,1325,55,35,1425,4,768,92,58,922,8,2495,460,322,3285,69,590,220,135,1014,25,106,59,40,230,2,254,96,73,425,328,1068,203,212,1811,1,173,24,35,233,464,6842,1282,958,9546
04,2019,23,61,71,70,225,12,1512,72,44,1640,2,929,93,51,1075,16,2616,472,337,3441,71,673,221,148,1113,17,114,60,48,239,4,364,78,75,521,241,1146,189,247,1823,0,200,19,32,251,386,7615,1275,1052,10328
04,2020,12,37,90,99,238,15,1408,90,63,1576,6,871,70,71,1018,23,3272,506,436,4237,87,651,244,158,1140,23,123,80,95,321,0,395,101,102,598,258,1213,252,328,2051,2,198,37,81,318,426,8168,1470,1433,11497
04,2021,16,79,101,189,385,11,1604,115,83,1813,1,1215,96,80,1392,7,3915,584,503,5009,74,792,267,237,1370,7,90,101,137,335,0,461,120,90,671,161,1514,333,414,2422,0,357,50,84,491,277,10027,1767,1817,13888
04,2022,19,49,107,178,353,12,1730,118,88,1948,5,1526,99,88,1718,13,3555,552,546,4666,94,884,259,229,1466,10,93,100,160,363,4,608,90,96,798,206,1894,317,470,2887,0,342,42,90,474,363,10681,1684,1945,14673
04,2023,26,55,81,221,383,8,1725,120,69,1922,5,1494,106,83,1688,7,3170,506,537,4220,135,811,251,244,1441,30,243,81,141,495,2,665,84,96,847,207,2141,318,482,3148,0,546,32,73,651,420,10850,1579,1946,14795
04,2024,14,61,70,213,358,11,1663,122,86,1882,5,1579,108,111,1803,5,3181,543,581,4310,81,806,245,226,1358,14,270,50,131,465,1,626,82,131,840,1118,2084,303,494,3999,0,436,39,93,568,1249,10706,1562,2066,15583
05,2012,9,4,21,4,38,5,269,7,0,281,4,201,11,2,218,8,279,88,13,388,9,166,39,1,215,2,30,13,4,49,0,56,14,6,76,3,176,38,3,220,1,34,8,2,45,41,1215,239,35,1530
05,2013,3,2,11,5,21,4,299,11,2,316,2,184,13,1,200,7,277,118,45,447,10,131,33,5,179,2,20,13,6,41,1,75,14,16,106,2,160,32,16,210,1,37,9,1,48,32,1185,254,97,1568
05,2014,5,6,19,10,40,3,332,8,1,344,2,169,16,2,189,2,249,95,57,403,9,131,33,11,184,1,22,11,2,36,2,78,17,9,106,1,161,32,19,213,0,44,7,3,54,25,1192,238,114,1569
05,2015,14,1,14,9,38,6,314,10,3,333,1,174,6,10,191,2,290,64,49,405,16,96,19,15,146,2,26,9,11,48,1,51,13,11,76,11,134,26,22,193,0,17,2,5,24,53,1103,163,135,1454
05,2016,13,3,15,6,37,2,282,7,3,294,2,161,13,10,186,4,251,61,72,388,7,106,38,17,168,1,32,15,3,51,3,82,10,11,106,3,145,22,24,194,0,25,3,2,30,35,1087,184,148,1454
05,2017,19,4,15,7,45,4,273,4,5,286,4,196,9,9,218,5,234,70,69,378,10,109,23,31,173,0,28,14,8,50,2,71,9,17,99,3,177,21,32,233,1,27,1,6,35,48,1119,166,184,1517
05,2018,10,4,25,5,44,6,333,8,2,349,3,217,7,11,238,1,295,64,77,437,12,126,17,21,176,1,33,12,7,53,0,62,10,13,85,3,192,25,32,252,1,40,2,6,49,37,1302,170,174,1683
05,2019,23,5,17,11,56,1,320,8,5,334,2,247,9,15,273,0,332,69,71,472,12,117,29,24,182,1,50,12,13,76,1,100,10,13,124,1,258,32,27,318,1,48,1,11,61,42,1477,187,190,1896
05,2020,15,11,13,21,60,3,279,7,10,299,1,206,3,11,221,5,341,64,80,490,11,141,18,20,190,3,50,14,11,78,0,127,11,24,162,1,276,29,60,366,0,29,2,14,45,39,1460,161,251,1911
05,2021,24,6,15,36,81,2,295,7,11,315,1,296,10,14,321,8,364,68,73,513,15,163,27,41,246,9,55,14,24,102,1,135,18,25,179,2,309,30,61,402,0,69,6,8,83,62,1692,195,293,2242
05,2022,17,8,11,23,59,2,329,8,18,357,1,348,7,10,366,6,410,63,80,559,15,174,39,34,262,4,49,22,24,99,0,144,12,20,176,11,409,35,56,511,0,85,1,9,95,56,1956,198,274,2484
05,2023,21,5,21,32,79,4,326,4,5,339,1,307,10,11,329,7,312,58,77,454,8,153,32,32,225,3,25,17,23,68,1,139,8,16,164,3,386,28,50,467,0,91,1,7,99,48,1744,179,253,2224
05,2024,11,4,15,30,60,4,307,6,4,321,6,305,6,16,333,4,329,64,74,471,7,149,33,28,217,1,54,11,18,84,0,134,5,20,159,7,374,31,55,467,0,86,3,18,107,40,1742,174,263,2219
06,2012,36,132,174,65,407,18,1465,95,18,1596,7,1780,186,34,2007,25,3019,1272,240,4556,60,2308,923,110,3401,40,364,277,70,751,2,513,128,40,683,22,2871,606,189,3688,3,554,159,60,776,213,13006,3820,826,17865
06,2013,49,134,152,122,457,10,1680,70,45,1805,8,1432,156,58,1654,19,2826,1084,507,4436,68,1965,813,180,3026,39,291,235,97,662,6,422,99,59,586,21,2717,489,303,3530,7,464,105,82,658,227,11931,3203,1453,16814
06,2014,40,128,137,137,442,14,1635,109,47,1805,9,1382,127,86,1604,15,2880,943,614,4452,45,1770,703,287,2805,34,312,213,163,722,3,504,76,78,661,31,2626,404,454,3515,2,463,75,101,641,193,11700,2787,1967,16647
06,2015,54,87,142,142,425,14,1646,76,74,1810,5,1339,132,139,1615,18,2838,777,817,4450,61,1519,549,412,2541,38,333,210,186,767,1,372,78,89,540,22,2600,408,508,3538,1,434,62,141,638,214,11168,2434,2508,16324
06,2016,53,104,134,191,482,16,1681,53,79,1829,5,1225,102,147,1479,19,3139,711,1089,4958,77,1252,440,547,2316,38,387,210,258,893,2,333,87,98,520,31,2684,341,747,3803,3,392,48,195,638,244,11197,2126,3351,16918
06,2017,48,81,156,154,439,20,1721,80,85,1906,4,1402,92,198,1696,17,3755,586,1174,5532,71,1147,354,591,2163,38,509,168,270,985,2,364,60,125,551,22,2731,335,700,3788,3,476,49,187,715,225,12186,1880,3484,17775
06,2018,72,111,123,149,455,23,1886,57,93,2059,3,1589,101,175,1868,18,4397,534,1155,6104,79,1333,309,622,2343,45,594,187,305,1131,2,426,66,91,585,29,3378,350,732,4489,1,517,50,215,783,272,14231,1777,3537,19817
06,2019,74,130,92,228,524,13,1959,92,92,2156,6,1918,115,191,2230,17,5130,546,1208,6901,84,1545,328,650,2607,51,609,184,348,1192,2,482,63,130,677,27,4245,311,815,5398,0,677,53,210,940,274,16695,1784,3872,22625
06,2020,56,131,68,278,533,15,1835,79,111,2040,5,1908,94,181,2188,17,5750,503,1104,7374,77,1874,300,639,2890,59,738,193,413,1403,7,664,73,124,868,26,4480,319,812,5637,0,702,45,217,964,262,18082,1674,3879,23897
06,2021,70,132,94,406,702,7,2153,103,148,2411,9,2512,108,214,2843,22,6943,613,1408,8986,86,1750,369,802,3007,46,760,202,503,1511,2,802,86,170,1060,19,5319,395,1083,6816,1,914,77,245,1237,262,21285,2047,4979,28573
06,2022,89,166,76,424,755,9,2118,140,239,2506,5,3060,120,311,3496,25,5410,699,1398,7532,101,2183,375,858,3517,72,789,243,557,1661,1,911,82,179,1173,47,6360,394,1181,7982,18,1068,54,273,1413,367,22065,2183,5420,30035
06,2023,65,113,74,467,719,11,2138,116,105,2370,4,2943,106,294,3347,20,5512,732,1404,7668,72,2042,259,633,3006,44,765,211,500,1520,1,834,58,264,1157,34,5877,400,1145,7456,15,1012,55,240,1322,266,21236,2011,5052,28565
06,2024,53,100,71,509,733,2,2155,122,128,2407,9,2989,118,302,3418,22,5682,575,1455,7734,49,2178,274,686,3187,30,635,175,485,1325,0,875,76,234,1185,31,5665,417,1172,7285,11,1076,70,287,1444,207,21355,1898,5258,28718
07,2012,8,8,20,8,44,4,296,7,4,311,3,361,23,3,390,6,610,145,28,789,8,362,88,13,471,2,30,16,8,56,0,157,30,14,201,5,300,54,15,374,1,54,2,3,60,37,2178,385,96,2696
07,2013,6,6,17,11,40,5,309,12,1,327,5,313,23,7,348,6,621,116,56,799,3,338,78,28,447,4,41,7,8,60,1,189,24,10,224,8,291,54,15,368,1,60,8,12,81,39,2168,339,148,2694
07,2014,4,10,19,16,49,10,343,13,5,371,0,295,11,7,313,3,646,153,69,871,6,366,51,25,448,2,30,12,5,49,1,195,29,9,234,8,330,44,33,415,0,56,4,10,70,34,2271,336,179,2820
07,2015,7,12,23,12,54,9,351,7,2,369,2,257,15,11,285,3,596,113,106,818,5,277,54,27,363,3,30,9,13,55,1,135,14,17,167,7,276,36,36,355,1,44,4,6,55,38,1978,275,230,2521
07,2016,14,8,25,16,63,2,357,9,8,376,1,260,12,17,290,3,607,111,96,817,1,248,45,42,336,3,28,11,11,53,1,172,26,21,220,5,281,32,55,373,3,38,3,9,53,33,1999,274,275,2581
07,2017,5,10,16,13,44,5,333,21,11,370,0,294,15,15,324,7,645,106,126,884,4,235,39,41,319,2,23,17,14,56,1,147,20,28,196,1,337,34,54,426,1,71,0,13,85,26,2095,268,315,2704
07,2018,17,15,22,11,65,4,352,8,5,369,3,367,16,17,403,7,729,86,104,926,7,268,54,41,370,4,30,16,10,60,1,213,25,21,260,3,344,34,65,446,0,65,3,10,78,46,2383,264,284,2977
07,2019,14,10,18,36,78,2,331,9,6,348,1,432,17,17,467,1,716,104,104,925,6,297,58,41,402,1,39,14,24,78,5,274,15,24,318,3,502,31,62,598,0,84,5,18,107,33,2685,271,332,3321
07,2020,8,14,10,24,56,2,315,9,10,336,2,380,11,8,401,7,751,82,96,936,1,342,49,46,438,0,64,25,29,118,3,286,15,31,335,3,540,46,78,667,1,74,3,22,100,27,2766,250,344,3387
07,2021,7,14,13,38,72,4,379,13,10,406,0,509,16,18,543,5,864,117,147,1133,8,339,74,60,481,4,66,27,40,137,0,354,35,26,415,4,596,53,101,754,1,119,9,10,139,33,3240,357,450,4080
07,2022,16,11,10,72,109,4,396,16,8,424,1,564,21,24,610,5,671,114,159,949,14,378,88,55,535,0,63,41,57,161,2,467,31,32,532,4,682,59,115,860,0,142,6,14,162,46,3374,386,536,4342
07,2023,14,10,19,55,98,4,361,12,16,393,2,537,8,17,564,7,671,98,139,915,5,290,54,41,390,4,89,34,36,163,0,403,21,29,453,2,752,54,98,906,1,119,7,19,146,39,3232,307,450,4028
07,2024,15,12,13,73,113,3,399,12,9,423,1,509,20,26,556,2,745,124,139,1010,4,321,59,42,426,2,93,24,40,159,2,460,17,33,512,6,741,60,121,928,0,119,3,14,136,35,3399,332,497,4263
08,2012,9,12,9,5,35,1,121,7,0,129,0,204,16,0,220,5,415,125,18,563,2,216,65,2,285,4,12,6,1,23,1,65,16,6,88,4,143,31,9,187,0,41,8,1,50,26,1229,283,42,1580
08,2013,6,12,18,9,45,1,122,8,4,135,2,232,16,7,257,5,567,134,43,749,2,185,60,19,266,1,20,2,1,24,0,77,25,19,121,3,126,38,28,195,1,33,5,5,44,21,1374,306,135,1836
08,2014,17,11,14,13,55,1,121,8,7,137,1,215,9,1,226,4,565,78,45,692,0,168,46,19,233,1,17,4,3,25,1,91,15,17,124,5,130,22,16,173,0,28,3,2,33,30,1346,199,123,1698
08,2015,7,8,10,8,33,4,134,7,5,150,1,126,7,10,144,2,474,59,62,597,0,91,43,23,157,0,18,6,4,28,1,43,14,16,74,5,112,13,23,153,0,21,2,1,24,20,1027,161,152,1360
08,2016,13,4,13,9,39,3,159,5,9,176,1,159,14,5,179,1,489,70,70,630,3,108,33,43,187,0,15,4,2,21,2,44,16,11,73,3,141,12,27,183,0,23,0,3,26,26,1142,167,179,1514
08,2017,14,11,18,15,58,2,143,7,5,157,0,157,7,5,169,2,573,72,84,731,0,128,23,33,184,0,34,5,9,48,0,63,12,26,101,5,158,21,25,209,0,18,1,3,22,23,1285,166,205,1679
08,2018,5,9,15,12,41,4,151,9,1,165,0,143,7,4,154,3,578,60,82,723,5,136,27,25,193,3,39,7,5,54,0,57,13,22,92,3,140,15,27,185,0,27,1,5,33,23,1280,154,183,1640
08,2019,9,12,10,18,49,5,182,11,6,204,3,206,8,9,226,1,557,55,77,690,2,188,29,36,255,7,42,7,4,60,2,81,13,42,138,0,195,31,21,247,0,45,2,5,52,29,1508,166,218,1921
08,2020,7,6,19,32,64,1,147,2,4,154,0,194,7,6,207,5,660,54,89,808,1,230,28,27,286,4,56,7,18,85,0,116,15,18,149,5,225,16,38,284,0,50,2,7,59,23,1684,150,239,2096
08,2021,8,18,14,30,70,6,163,8,4,181,0,228,15,8,251,2,672,86,95,855,2,221,48,41,312,5,52,13,19,89,0,124,15,25,164,4,288,31,41,364,1,59,4,4,68,28,1825,234,267,2354
08,2022,21,10,13,34,78,3,190,8,4,205,0,277,7,13,297,3,592,85,105,785,1,238,46,37,322,3,60,9,15,87,0,223,14,23,260,5,340,25,39,409,0,83,4,3,90,36,2013,211,273,2533
08,2023,22,14,13,38,87,2,189,8,3,202,1,316,8,9,334,3,596,57,97,753,2,169,26,40,237,2,37,16,23,78,0,253,14,26,293,9,370,28,51,458,0,108,4,6,118,41,2052,174,293,2560
08,2024,25,16,16,38,95,5,174,4,6,189,0,316,9,12,337,0,612,74,118,804,2,183,35,45,265,2,46,8,35,91,1,303,14,26,344,2,396,21,57,476,0,90,1,3,94,37,2136,182,340,2695
09,2012,0,3,10,3,16,1,159,3,1,164,1,182,12,7,202,4,301,74,17,396,1,260,35,9,305,0,29,6,0,35,2,92,16,6,116,6,190,25,9,230,0,34,4,1,39,15,1250,185,53,1503
09,2013,4,7,14,4,29,0,165,3,4,172,0,131,6,5,142,0,301,54,40,395,0,230,33,16,279,1,28,3,2,34,0,88,19,7,114,5,165,20,15,205,0,29,1,4,34,10,1144,153,97,1404
09,2014,2,6,8,6,22,4,206,8,3,221,0,157,6,4,167,1,354,50,43,448,1,201,17,15,234,1,25,5,2,33,2,106,7,15,130,3,148,10,12,173,0,35,2,3,40,14,1238,113,103,1468
09,2015,1,3,10,4,18,4,170,1,4,179,2,132,5,8,147,0,267,34,55,356,1,140,11,23,175,4,22,3,9,38,4,83,4,16,107,6,140,14,26,186,1,27,3,8,39,23,984,85,153,1245
09,2016,1,4,15,5,25,0,164,0,7,171,2,145,4,12,163,0,293,40,68,401,2,125,8,30,165,0,25,3,3,31,0,94,4,14,112,0,114,14,28,156,1,21,0,3,25,6,985,88,170,1249
09,2017,5,3,6,9,23,3,207,2,2,214,0,155,9,14,178,2,309,36,72,419,2,131,11,26,170,0,33,3,6,42,0,75,10,22,107,2,135,13,38,188,0,18,3,2,23,14,1066,93,191,1364
09,2018,6,8,5,9,28,1,194,5,4,204,2,191,2,10,205,1,320,36,63,420,1,147,15,17,180,0,44,4,4,52,0,94,11,18,123,1,198,21,43,263,0,34,2,6,42,12,1230,101,174,1517
09,2019,3,3,6,10,22,6,208,3,2,219,1,217,6,8,232,2,330,31,68,431,3,177,21,26,227,0,56,5,8,69,0,114,9,16,139,3,221,18,26,268,0,45,1,10,56,18,1371,100,174,1663
09,2020,6,6,1,20,33,5,183,3,7,198,0,190,5,13,208,0,360,37,80,477,1,186,22,23,232,1,62,8,10,81,4,126,12,17,159,2,284,12,44,342,0,36,1,11,48,19,1433,101,225,1778
09,2021,11,5,4,23,43,5,203,4,6,218,1,255,7,10,273,2,398,44,80,524,1,222,16,40,279,1,66,4,15,86,5,191,10,19,225,2,277,21,45,345,0,51,9,6,66,28,1668,119,244,2059
09,2022,9,7,8,19,43,4,214,5,7,230,0,265,5,16,286,0,376,45,81,502,1,178,16,32,227,2,52,4,26,84,0,205,8,20,233,7,330,21,48,406,0,56,0,7,63,23,1683,112,256,2074
09,2023,2,5,3,25,35,2,247,8,10,267,1,277,7,12,297,0,348,33,60,441,1,180,13,38,232,1,45,5,10,61,0,238,14,21,273,4,314,27,40,385,0,65,5,4,74,11,1719,115,220,2065
09,2024,3,8,8,33,52,0,220,7,6,233,2,256,4,10,272,5,363,51,67,486,1,177,20,29,227,0,35,7,13,55,0,260,8,23,291,1,318,19,38,376,0,73,3,5,81,12,1710,127,224,2073
10,2012,14,11,23,9,57,1,168,4,1,174,1,254,25,2,282,3,402,116,26,547,13,224,48,8,293,4,28,22,4,58,0,90,18,11,119,14,262,48,22,346,2,61,9,6,78,52,1500,313,89,1954
10,2013,11,11,17,10,49,3,173,7,4,187,0,213,21,1,235,3,497,126,40,666,11,183,55,16,265,5,19,7,6,37,0,93,17,8,118,13,239,41,19,312,2,54,9,2,67,48,1482,300,106,1936
10,2014,21,6,26,9,62,4,204,10,7,225,1,221,11,5,238,6,507,126,60,699,12,187,43,23,265,2,18,7,4,31,1,113,11,9,134,2,246,43,31,322,0,59,6,7,72,49,1561,283,155,2048
10,2015,24,9,23,12,68,2,187,9,2,200,1,172,17,8,198,10,472,99,73,654,8,114,37,27,186,2,18,10,7,37,1,44,13,12,70,5,196,28,41,270,1,38,3,5,47,54,1250,239,187,1730
10,2016,15,17,24,10,66,3,182,4,7,196,2,163,6,13,184,3,486,78,81,648,11,126,27,33,197,5,27,8,11,51,1,61,19,19,100,4,207,33,42,286,0,32,5,13,50,44,1301,204,229,1778
10,2017,28,14,19,19,80,4,173,11,11,199,2,156,13,8,179,4,578,61,110,753,5,129,36,32,202,2,40,8,9,59,0,75,15,15,105,10,231,32,57,330,0,32,7,7,46,55,1428,202,268,1953
10,2018,28,14,23,18,83,7,191,9,7,214,0,209,11,14,234,4,745,63,109,921,17,117,45,34,213,4,66,12,14,96,0,89,13,21,123,7,295,43,55,400,0,69,8,13,90,67,1795,227,285,2374
10,2019,32,15,13,15,75,5,199,9,6,219,2,239,11,19,271,4,907,86,103,1100,10,157,29,40,236,5,40,19,15,79,0,99,10,40,149,8,372,30,61,471,0,84,3,21,108,66,2112,210,320,2708
10,2020,25,21,15,25,86,2,200,6,6,214,0,236,8,24,268,3,1159,63,117,1342,11,148,33,50,242,4,47,18,27,96,2,107,8,25,142,4,383,27,67,481,0,86,3,15,104,51,2387,181,356,2975
10,2021,25,26,12,41,104,0,263,18,8,289,0,301,8,23,332,5,1243,91,161,1500,15,201,36,54,306,6,66,21,41,134,0,181,12,29,222,5,444,43,77,569,0,143,6,18,167,56,2868,247,452,3623
10,2022,27,20,18,54,119,3,227,12,11,253,0,355,21,26,402,7,822,77,126,1032,13,180,48,44,285,4,66,22,29,121,0,250,12,40,302,6,744,40,80,870,0,144,4,27,175,60,2808,254,437,3559
10,2023,32,25,6,41,104,4,257,13,13,287,0,388,13,21,422,2,803,58,132,995,10,161,42,42,255,5,85,18,22,130,0,296,16,23,335,13,725,34,77,849,0,147,7,20,174,66,2887,207,391,3551
10,2024,27,15,14,48,104,2,240,10,10,262,1,396,14,23,434,5,794,59,160,1018,15,191,37,39,282,2,77,16,24,119,1,287,15,25,328,12,592,59,89,752,0,146,4,22,172,65,2738,228,440,3471
11,2012,583,786,1322,1195,3886,148,10426,965,306,11845,50,11394,1722,376,13542,145,18453,10823,2737,32158,611,7788,8050,978,17427,372,1135,1193,651,3351,25,2774,1087,427,4313,1065,25570,7619,3913,38167,57,7368,2685,1819,11929,3056,85694,35466,12402,136618
11,2013,558,883,1144,1606,4191,182,11486,905,457,13030,53,10655,1592,575,12875,142,19847,10193,4249,34431,609,7256,7090,1699,16654,376,1099,987,722,3184,21,2845,920,564,4350,764,24441,6401,5493,37099,62,6915,2160,2230,11367,2767,85427,31392,17595,137181
11,2014,623,903,1099,1943,4568,188,11771,779,604,13342,56,10770,1481,891,13198,130,21858,9592,6390,37970,600,7565,6212,2494,16871,365,1341,1000,952,3658,24,3210,846,636,4716,756,26216,5857,7030,39859,69,6520,1984,2993,11566,2811,90154,28850,23933,145748
11,2015,701,900,1055,2315,4971,196,12480,681,812,14169,63,10623,1172,1170,13028,194,23567,8554,9711,42026,848,5634,4786,3195,14463,423,1501,855,1185,3964,43,2425,874,852,4194,662,26275,5000,8494,40431,56,6126,1727,3751,11660,3186,89531,24704,31485,148906
11,2016,653,918,1107,2642,5320,193,13824,725,1053,15795,65,11207,1049,1413,13734,165,31340,7348,13834,52687,804,4998,4018,4202,14022,349,1698,885,1385,4317,32,2257,678,1141,4108,1143,30056,4685,10445,46329,46,6523,1611,4558,12738,3450,102821,22106,40673,169050
11,2017,790,1041,1094,2962,5887,186,15114,714,1099,17113,68,12217,962,1709,14956,155,37062,6198,14272,57687,920,5034,3640,5007,14601,399,2102,972,1624,5097,34,2510,537,1204,4285,760,37205,4244,11908,54117,45,7099,1493,5251,13888,3357,119384,19854,45036,187631
11,2018,893,1206,1063,3243,6405,163,16436,693,1090,18382,62,14162,868,1791,16883,173,51147,5879,14381,71580,926,5951,3252,5247,15376,463,2758,1134,1956,6311,18,3153,490,1163,4824,1006,46384,3962,12717,64069,27,8724,1500,5654,15905,3731,149921,18841,47242,219735
11,2019,1000,1422,1035,4217,7674,152,18919,832,1230,21133,49,15987,805,2049,18890,158,58200,5560,14964,78882,979,7482,3317,6135,17913,525,3230,1195,2495,7445,11,4351,515,1446,6323,752,55075,4039,14312,74178,32,10572,1371,6266,18241,3658,175238,18669,53114,250679
11,2020,838,1354,831,4814,7837,176,17569,689,1334,19768,41,14267,681,1895,16884,116,76087,4605,15455,96263,851,7465,2987,6357,17660,482,3302,1112,2762,7658,20,4374,405,1430,6229,900,49892,3470,14735,68997,34,10580,1155,6409,18178,3458,184890,15935,55191,259474
11,2021,1218,1732,976,6486,10412,133,21817,890,2304,25144,45,18852,703,2188,21788,149,71292,5229,18782,95452,1068,6665,3006,7381,18120,540,3590,1321,3694,9145,9,4641,406,1799,6855,1155,55988,3891,16969,78003,33,13207,1147,7404,21791,4350,197784,17569,67007,286710
11,2022,1320,1469,1066,6955,10810,76,23619,947,2862,27504,31,21170,765,2687,24653,189,50956,6227,18480,75852,971,7954,3071,7936,19932,534,3319,1346,3974,9173,12,5497,422,1892,7823,1487,68717,4155,19291,93650,19,15386,1309,8155,24869,4639,198087,19308,72232,294266
11,2023,993,1085,852,6279,9209,72,22405,847,2048,25372,44,23610,702,2798,27154,190,58832,6754,18799,84575,871,8775,2219,7060,18925,372,3598,1076,2877,7923,18,6117,329,1821,8285,1769,65907,3975,19826,91477,29,18739,1117,8097,27982,4358,209068,17871,69605,300902
11,2024,1223,1258,957,6671,10109,59,23033,836,2233,26161,42,24727,774,3368,28911,169,68784,4345,20993,94291,783,9273,2095,8046,20197,345,3237,971,3266,7819,26,6617,372,1960,8975,1911,63693,4291,22243,92138,51,19783,1190,8570,29594,4609,220405,15831,77350,318195
12,2012,14,10,21,7,52,3,222,6,0,231,2,242,19,1,264,5,408,106,17,536,15,245,45,2,307,7,50,17,1,75,1,99,33,8,141,6,205,42,15,268,0,34,2,3,39,53,1515,291,54,1913
12,2013,7,9,15,10,41,10,200,3,6,219,4,208,12,5,229,3,410,115,35,563,12,222,40,5,279,6,49,10,5,70,1,102,34,21,158,7,188,41,17,253,0,35,6,5,46,50,1423,276,109,1858
12,2014,10,9,15,12,46,5,270,2,4,281,2,176,10,7,195,2,378,93,57,530,3,199,38,11,251,7,41,7,6,61,0,142,19,22,183,15,221,38,22,296,1,34,5,5,45,45,1470,227,146,1888
12,2015,16,9,18,13,56,3,252,4,3,262,3,210,5,7,225,2,317,77,60,456,6,146,18,17,187,4,49,13,10,76,4,96,22,24,146,7,187,28,17,239,0,33,7,8,48,45,1299,192,159,1695
12,2016,12,17,21,19,69,10,273,5,4,292,1,158,8,10,177,4,339,70,74,487,16,195,19,19,249,7,47,9,12,75,1,111,20,21,153,7,194,28,34,263,0,33,1,7,41,58,1367,181,200,1806
12,2017,13,5,14,7,39,3,247,3,3,256,0,186,11,10,207,2,424,70,89,585,7,151,18,17,193,3,53,7,11,74,3,125,22,36,186,15,214,24,37,290,0,32,4,9,45,46,1437,173,219,1875
12,2018,10,12,22,16,60,4,242,4,8,258,4,212,9,11,236,4,460,81,78,623,12,182,23,21,238,0,51,11,23,85,0,138,23,25,186,14,240,25,44,323,0,35,3,4,42,48,1572,201,230,2051
12,2019,17,11,19,18,65,3,269,6,4,282,0,269,10,15,294,3,512,70,84,669,11,229,30,29,299,2,84,11,20,117,3,158,29,42,232,7,305,40,47,399,1,47,1,8,57,47,1884,216,267,2414
12,2020,10,14,13,29,66,4,285,9,8,306,0,236,8,10,254,1,657,74,99,831,7,228,36,29,300,0,83,11,19,113,4,177,21,81,283,1,345,26,64,436,0,39,7,12,58,27,2064,205,351,2647
12,2021,15,6,10,39,70,7,356,32,8,403,1,309,10,13,333,3,590,96,130,819,5,238,50,44,337,2,74,16,41,133,4,250,30,80,364,9,388,58,79,534,0,68,3,10,81,46,2279,305,444,3074
12,2022,23,14,13,37,87,4,333,58,5,400,0,368,10,17,395,1,545,77,124,747,15,220,45,58,338,1,68,20,47,136,4,314,22,91,431,4,448,44,108,604,0,68,2,11,81,52,2378,291,498,3219
12,2023,15,18,10,56,99,2,335,38,11,386,2,374,11,19,406,5,639,68,114,826,22,209,36,47,314,2,87,16,44,149,1,313,21,118,453,4,500,35,86,625,0,85,3,14,102,53,2560,238,509,3360
12,2024,12,16,10,52,90,4,343,20,9,376,3,357,10,17,387,6,592,78,132,808,19,180,36,43,278,3,74,16,34,127,1,292,12,161,466,7,500,31,92,630,0,111,6,9,126,55,2465,219,549,3288
13,2012,45,93,229,137,504,41,2253,165,50,2509,8,2010,262,45,2325,55,3777,1749,454,6035,123,2451,1011,176,3761,46,246,265,67,624,0,869,226,86,1181,52,3187,839,365,4443,12,660,152,101,925,382,15546,4898,1481,22307
13,2013,83,84,220,184,571,44,2300,135,70,2549,16,1908,191,102,2217,54,3741,1639,718,6152,144,2072,810,321,3347,51,233,213,118,615,29,793,197,124,1143,46,3198,677,538,4459,9,578,129,112,828,476,14907,4211,2287,21881
13,2014,107,101,213,229,650,44,2222,130,78,2474,9,1691,175,141,2016,92,3691,1365,1045,6193,105,2013,655,510,3283,22,301,175,128,626,8,768,154,125,1055,42,3056,564,695,4357,6,555,109,184,854,435,14398,3540,3135,21508
13,2015,106,94,181,269,650,37,2503,134,96,2770,12,1583,170,200,1965,67,3408,1047,1421,5943,114,1610,490,618,2832,20,355,169,195,739,2,531,158,175,866,48,3055,507,798,4408,6,490,92,209,797,412,13629,2948,3981,20970
13,2016,83,90,204,264,641,42,2552,149,131,2874,11,1657,125,251,2044,31,4136,935,1805,6907,133,1358,440,729,2660,31,215,169,224,639,25,527,109,196,857,37,3206,472,1033,4748,9,489,70,252,820,402,14230,2673,4885,22190
13,2017,107,80,192,329,708,25,2620,112,160,2917,2,1928,119,331,2380,33,5009,781,1999,7822,143,1389,407,861,2800,24,256,200,240,720,32,532,120,218,902,36,3553,428,1141,5158,3,616,66,315,1000,405,15983,2425,5594,24407
13,2018,137,131,188,289,745,22,3024,142,148,3336,7,2297,124,322,2750,37,6970,817,1963,9787,149,1702,416,827,3094,41,359,220,298,918,3,660,92,187,942,41,4400,466,1200,6107,3,831,87,323,1244,440,20374,2552,5557,28923
13,2019,135,129,204,463,931,27,3276,198,163,3664,7,2874,124,299,3304,32,7756,727,2158,10673,151,2086,415,904,3556,29,384,238,377,1028,5,1026,106,238,1375,29,5519,456,1439,7443,8,988,60,324,1380,423,24038,2528,6365,33354
13,2020,105,141,126,566,938,38,3015,163,165,3381,5,2700,119,324,3148,39,8769,672,2119,11599,134,2258,373,913,3678,61,529,180,410,1180,1,1038,85,307,1431,35,5523,422,1518,7498,5,1091,58,363,1517,423,25064,2198,6685,34370
13,2021,162,143,204,821,1330,23,3867,203,293,4386,9,3602,138,353,4102,36,11976,784,2638,15434,173,2447,477,1050,4147,63,656,252,642,1613,3,1285,87,365,1740,42,6956,536,1951,9485,2,1362,100,406,1870,513,32294,2781,8519,44107
13,2022,159,156,196,849,1360,11,3903,265,401,4580,1,4484,147,420,5052,41,8954,740,2408,12143,145,2742,443,1110,4440,69,659,259,654,1641,1,1381,88,371,1841,36,8632,612,1991,11271,2,2645,82,439,3168,465,33556,2832,8643,45496
13,2023,122,121,161,780,1184,11,3820,230,264,4325,7,4093,134,321,4555,31,7481,763,2345,10620,125,2347,351,984,3807,44,786,232,492,1554,4,1444,86,333,1867,47,8092,525,1926,10590,2,1680,69,379,2130,393,29864,2551,7824,40632
13,2024,127,128,181,863,1299,15,3966,234,240,4455,3,4028,132,447,4610,27,8458,692,2653,11830,116,2259,357,1018,3750,35,633,216,528,1412,2,1385,91,404,1882,56,7795,572,1950,10373,7,1658,77,432,2174,388,30310,2552,8535,41785
14,2012,33,31,61,24,149,8,488,24,10,530,11,604,54,5,674,14,1161,346,61,1582,11,633,148,10,802,24,62,35,10,131,2,218,45,10,275,22,674,173,42,911,2,159,17,14,192,127,4030,903,186,5246
14,2013,49,29,66,28,172,8,545,28,10,591,9,535,46,9,599,11,1182,321,86,1600,17,557,111,22,707,7,63,33,8,111,2,181,32,16,231,41,578,139,66,824,1,128,22,26,177,145,3798,798,271,5012
14,2014,46,27,64,30,167,15,595,37,7,654,7,526,38,20,591,12,1165,305,125,1607,8,502,126,23,659,8,42,24,12,86,0,212,35,25,272,65,735,145,75,1020,2,117,23,23,165,163,3921,797,340,5221
14,2015,44,32,63,51,190,12,581,21,13,627,8,469,39,20,536,8,1065,259,171,1503,14,399,108,77,598,9,50,27,23,109,1,118,35,31,185,156,582,116,119,973,0,104,12,24,140,252,3400,680,529,4861
14,2016,45,27,54,42,168,17,584,24,19,644,9,453,34,29,525,16,1129,267,205,1617,11,382,106,69,568,4,60,22,28,114,4,151,33,67,255,19,634,98,155,906,2,118,14,29,163,127,3538,652,643,4960
14,2017,45,34,75,52,206,17,623,28,26,694,11,486,36,39,572,14,1313,225,260,1812,21,367,90,100,578,4,43,37,35,119,3,158,29,35,225,20,689,126,162,997,0,139,15,56,210,135,3852,661,765,5413
14,2018,51,42,74,42,209,12,599,39,17,667,13,607,30,33,683,4,1951,204,227,2386,22,396,97,84,599,7,70,30,45,152,2,195,34,39,270,20,802,116,159,1097,3,168,14,39,224,134,4830,638,685,6287
14,2019,65,65,80,69,279,3,653,32,26,714,11,771,27,38,847,13,2168,222,243,2646,27,494,116,115,752,14,110,40,54,218,1,303,30,61,395,28,1075,122,197,1422,1,209,17,54,281,163,5848,686,857,7554
14,2020,77,53,79,145,354,6,662,38,25,731,3,723,41,32,799,14,2326,198,256,2794,22,487,104,93,706,8,144,32,91,275,2,318,43,71,434,24,1064,124,222,1434,1,233,9,44,287,157,6010,668,979,7814
14,2021,93,60,82,157,392,7,783,51,33,874,11,969,31,55,1066,19,2573,267,313,3172,16,511,141,111,779,13,171,46,119,349,1,435,37,88,561,15,1244,156,257,1672,0,303,16,60,379,175,7049,827,1193,9244
14,2022,84,40,80,151,355,10,870,44,22,946,4,1048,58,59,1169,19,1542,269,319,2149,20,470,136,125,751,14,187,55,165,421,0,428,29,87,544,11,1411,184,263,1869,1,328,17,52,398,163,6324,872,1243,8602
14,2023,90,57,55,188,390,6,856,34,29,925,9,1059,52,65,1185,5,1538,207,297,2047,38,453,109,114,714,16,239,54,102,411,3,477,25,61,566,21,1501,180,288,1990,2,365,15,36,418,190,6545,731,1180,8646
14,2024,73,50,74,149,346,8,828,49,31,916,11,1110,32,67,1220,14,1734,234,321,2303,32,438,127,121,718,10,160,45,94,309,0,637,35,55,727,19,1541,135,271,1966,1,370,16,54,441,168,6868,747,1163,8946
15,2012,11,4,3,3,21,1,86,3,1,91,0,68,4,1,73,3,190,54,12,259,2,83,26,0,111,0,31,7,4,42,0,36,7,13,56,6,80,14,2,102,0,15,2,1,18,23,593,120,37,773
15,2013,22,3,11,6,42,0,81,1,4,86,1,66,6,2,75,2,146,49,17,214,2,82,13,4,101,0,21,8,1,30,0,39,14,18,71,7,70,16,10,103,0,12,4,1,17,34,520,122,63,739
15,2014,3,8,6,5,22,2,103,4,0,109,0,75,0,3,78,3,177,51,19,250,0,95,20,8,123,1,24,0,1,26,0,48,9,17,74,4,66,9,3,82,0,13,0,5,18,13,609,99,61,782
15,2015,8,10,4,8,30,1,116,4,4,125,1,64,6,3,74,4,166,48,33,251,1,63,11,11,86,4,27,3,0,34,0,48,7,12,67,4,67,8,12,91,0,17,1,2,20,23,578,92,85,778
15,2016,5,2,6,9,22,2,94,1,2,99,1,54,4,4,63,3,166,24,54,247,2,45,15,10,72,0,26,3,3,32,1,42,6,14,63,8,65,19,15,107,0,12,1,0,13,22,506,79,111,718
15,2017,7,1,5,6,19,3,103,2,0,108,0,65,3,6,74,4,157,29,36,226,0,44,16,11,71,0,25,7,6,38,0,47,12,18,77,5,85,14,18,122,0,7,4,5,16,19,534,92,106,751
15,2018,8,4,4,8,24,2,99,4,3,108,1,74,3,4,82,2,225,33,19,279,0,59,16,10,85,2,17,4,12,35,1,51,5,12,69,7,87,10,15,119,0,11,4,3,18,23,627,83,86,819
15,2019,2,6,6,12,26,3,104,6,1,114,0,88,7,5,100,7,245,40,36,328,2,71,10,11,94,2,22,3,9,36,1,42,7,18,68,2,91,9,15,117,0,10,1,6,17,19,679,89,113,900
15,2020,4,5,2,14,25,2,98,8,0,108,1,95,3,2,101,1,264,31,50,346,0,63,11,8,82,1,22,6,12,41,0,43,5,25,73,3,110,13,21,147,0,18,1,3,22,12,718,80,135,945
15,2021,5,2,1,16,24,1,131,7,2,141,2,94,3,8,107,2,298,36,62,398,0,50,24,17,91,3,25,6,14,48,0,102,8,36,146,4,121,26,22,173,0,32,2,5,39,17,855,113,182,1167
15,2022,6,3,5,24,38,3,135,13,1,152,0,127,6,8,141,3,229,47,48,327,0,70,19,14,103,2,27,8,20,57,0,135,11,40,186,4,164,11,32,211,0,44,1,6,51,18,934,121,193,1266
15,2023,2,7,2,20,31,1,119,3,2,125,1,131,2,8,142,2,212,30,44,288,2,65,19,17,103,2,25,2,17,46,0,138,5,58,201,1,172,9,32,214,0,35,0,2,37,11,904,72,200,1187
15,2024,1,0,10,18,29,2,119,11,1,133,0,153,4,8,165,1,218,49,49,317,0,76,12,18,106,1,39,9,23,72,1,170,8,72,251,0,244,11,32,287,0,28,0,3,31,6,1047,114,224,1391
16,2012,14,10,41,7,72,3,206,5,2,216,0,304,14,2,320,3,572,141,25,741,8,320,74,9,411,2,42,16,6,66,1,109,30,6,146,10,308,52,8,378,1,49,8,1,59,42,1920,381,66,2409
16,2013,28,14,32,22,96,2,221,5,8,236,0,299,14,3,316,6,634,130,31,801,1,301,64,13,379,1,38,11,5,55,1,148,28,7,184,11,333,50,18,412,0,53,8,11,72,50,2041,342,118,2551
16,2014,11,11,30,22,74,7,259,7,3,276,2,314,12,7,335,1,526,100,56,683,2,294,39,17,352,2,44,9,5,60,2,153,16,17,188,8,344,43,25,420,0,62,11,6,79,35,2007,267,158,2467
16,2015,15,15,32,14,76,3,245,6,8,262,0,250,17,1,268,2,604,101,59,766,1,199,50,16,266,1,58,11,4,74,0,129,18,12,159,8,301,34,31,374,1,39,8,7,55,31,1840,277,152,2300
16,2016,18,8,32,14,72,8,234,9,6,257,1,267,19,19,306,2,490,95,70,657,1,196,45,28,270,1,37,11,6,55,3,110,17,16,146,5,262,39,37,343,1,57,7,13,78,40,1661,274,209,2184
16,2017,35,9,46,18,108,3,272,10,9,294,5,259,11,18,293,3,617,86,96,802,2,205,30,36,273,0,54,11,8,73,1,128,16,21,166,8,330,46,41,425,0,55,7,16,78,57,1929,263,263,2512
16,2018,31,16,26,24,97,5,275,14,7,301,2,321,20,12,355,2,752,70,84,908,0,228,44,24,296,2,37,15,15,69,3,136,20,17,176,3,390,31,50,474,0,83,5,13,101,48,2238,245,246,2777
16,2019,26,26,39,35,126,5,318,12,8,343,1,376,13,19,409,6,826,93,69,994,2,232,40,31,305,0,45,18,22,85,0,159,20,21,200,11,461,60,67,599,1,103,3,13,120,52,2546,298,285,3181
16,2020,37,27,21,54,139,1,292,4,13,310,0,380,17,16,413,3,984,79,95,1161,4,233,51,38,326,2,53,11,29,95,0,212,23,19,254,2,537,33,69,641,0,106,4,21,131,49,2824,243,354,3470
16,2021,30,18,38,93,179,10,312,21,9,352,1,471,12,13,497,7,1044,85,122,1258,2,250,49,61,362,5,90,14,59,168,2,212,16,30,260,6,551,52,95,704,0,133,10,16,159,63,3081,297,498,3939
16,2022,25,23,31,72,151,2,318,18,13,351,0,515,12,28,555,4,804,80,113,1001,1,214,55,47,317,3,85,18,67,173,0,295,15,31,341,4,685,56,83,828,0,127,5,21,153,39,3066,290,475,3870
16,2023,23,14,28,78,143,4,298,15,7,324,0,507,11,24,542,5,878,87,157,1127,6,248,56,50,360,5,101,32,55,193,1,360,14,25,400,6,679,47,84,816,0,155,9,21,185,50,3240,299,501,4090
16,2024,20,13,17,66,116,1,325,13,14,353,1,561,22,31,615,4,892,70,130,1096,7,219,52,43,321,3,102,7,54,166,0,406,25,43,474,7,704,50,102,863,0,154,3,23,180,43,3376,259,506,4184
17,2012,22,25,96,9,152,10,599,25,2,636,4,744,69,2,819,9,1237,398,33,1677,11,657,193,8,869,8,156,85,16,265,2,263,60,10,335,11,737,199,39,986,1,125,28,9,163,78,4543,1153,128,5902
17,2013,44,31,81,23,179,12,626,19,6,663,3,659,56,14,732,17,1219,387,108,1731,12,636,174,30,852,9,104,60,19,192,3,255,58,22,338,7,689,157,76,929,0,123,27,14,164,107,4342,1019,312,5780
17,2014,27,32,99,28,186,13,672,28,10,723,2,698,53,6,759,17,1207,363,126,1713,12,559,156,55,782,7,91,53,29,180,1,319,57,23,400,9,745,138,75,967,3,111,17,24,155,91,4434,964,376,5865
17,2015,39,37,90,37,203,11,707,23,12,753,5,616,39,19,679,10,1254,296,149,1709,8,494,109,49,660,5,119,50,28,202,2,265,33,30,330,13,713,119,107,952,0,114,15,18,147,93,4319,774,449,5635
17,2016,39,38,87,48,212,14,634,24,23,695,2,582,45,24,653,20,1265,265,207,1757,14,440,115,74,643,3,98,41,51,193,0,275,48,33,356,7,666,117,149,939,0,97,14,30,141,99,4095,756,639,5589
17,2017,53,23,101,53,230,7,692,24,21,744,3,575,43,33,654,18,1509,264,237,2028,14,489,131,75,709,4,182,45,50,281,1,280,33,42,356,11,712,112,153,988,1,129,11,27,168,112,4591,764,691,6158
17,2018,48,24,96,33,201,10,750,21,29,810,3,718,36,36,793,12,1852,245,197,2306,18,539,122,84,763,7,129,69,57,262,1,292,31,30,354,13,926,130,170,1239,0,147,12,36,195,112,5377,762,672,6923
17,2019,55,39,97,82,273,11,822,31,19,883,4,902,36,33,975,16,1928,213,210,2367,19,624,121,79,843,10,245,71,86,412,0,374,38,40,452,13,1149,99,177,1438,0,195,10,45,250,128,6278,716,771,7893
17,2020,60,35,62,128,285,5,713,41,11,770,2,924,36,36,998,12,2115,215,214,2556,14,712,128,105,959,5,142,51,83,281,1,410,35,46,492,5,1206,106,205,1522,1,205,12,57,275,105,6462,686,885,8138
17,2021,48,46,75,174,343,6,818,38,37,899,3,1161,37,39,1240,14,2143,260,258,2675,25,766,179,118,1088,11,225,51,150,437,0,491,38,46,575,10,1482,146,227,1865,2,264,18,59,343,119,7396,842,1108,9465
17,2022,42,49,66,174,331,8,835,28,25,896,1,1288,39,49,1377,24,1667,224,246,2161,51,731,156,126,1064,5,209,69,141,424,1,581,47,51,680,6,1659,176,330,2171,1,261,12,47,321,139,7280,817,1189,9425
17,2023,56,45,64,128,293,6,780,34,18,838,2,1199,32,66,1299,9,1505,205,265,1984,70,654,154,106,984,8,274,48,109,439,2,619,45,45,711,12,1625,159,268,2064,0,283,18,40,341,165,6984,759,1045,8953
17,2024,43,47,70,140,300,5,821,39,30,895,4,1187,33,63,1287,12,1647,235,286,2180,34,644,153,108,939,5,263,58,121,447,3,798,29,51,881,9,1778,177,230,2194,2,310,16,45,373,117,7495,810,1074,9496
18,2012,3,15,20,3,41,5,139,10,2,156,0,237,14,2,253,2,413,109,18,542,2,239,52,4,297,5,48,9,1,63,0,100,20,10,130,12,196,37,11,256,0,39,7,5,51,29,1426,278,56,1789
18,2013,7,12,15,8,42,8,172,9,1,190,0,176,9,2,187,7,448,122,24,601,0,201,32,17,250,1,25,17,0,43,1,103,17,9,130,13,198,39,16,266,0,34,4,5,43,37,1369,264,82,1752
18,2014,5,15,14,13,47,7,144,10,2,163,2,207,10,7,226,3,444,86,40,573,2,262,39,12,315,4,34,8,8,54,0,114,17,7,138,15,221,25,18,279,0,27,3,3,33,38,1468,212,110,1828
18,2015,9,8,12,11,40,7,181,3,5,196,2,191,19,8,220,3,367,96,48,514,0,143,32,31,206,3,39,6,1,49,1,80,12,18,111,6,199,22,27,254,0,29,2,6,37,31,1237,204,155,1627
18,2016,8,8,18,13,47,6,169,7,7,189,0,153,15,8,176,1,460,71,56,588,1,129,23,26,179,4,30,8,6,48,0,71,16,13,100,15,190,26,25,256,0,24,3,8,35,35,1234,187,162,1618
18,2017,3,13,3,11,30,3,157,4,7,171,2,164,12,12,190,3,460,74,76,613,4,148,15,32,199,3,20,8,9,40,0,97,19,22,138,8,151,38,33,230,0,27,2,8,37,26,1237,175,210,1648
18,2018,15,5,14,10,44,3,154,8,3,168,0,227,9,11,247,3,533,56,74,666,1,135,26,27,189,3,22,9,13,47,1,82,18,20,121,6,220,24,23,273,1,48,2,7,58,33,1426,166,188,1813
18,2019,7,12,14,25,58,2,157,9,8,176,3,217,11,15,246,3,665,68,80,816,2,149,24,41,216,2,32,12,24,70,3,125,15,17,160,10,277,38,42,367,0,57,5,11,73,32,1691,196,263,2182
18,2020,13,4,7,24,48,7,171,9,4,191,0,193,4,9,206,1,904,48,96,1049,0,205,28,35,268,4,44,15,14,77,0,157,11,23,191,6,300,25,58,389,0,67,4,13,84,31,2045,151,276,2503
18,2021,16,12,15,26,69,4,240,15,10,269,1,308,14,8,331,2,956,75,115,1148,2,182,39,43,266,5,64,16,31,116,2,245,16,24,287,3,432,33,60,528,0,86,6,12,104,35,2525,229,329,3118
18,2022,15,21,15,40,91,4,231,8,20,263,1,367,11,12,391,2,639,64,128,833,5,182,41,49,277,5,59,18,24,106,0,249,11,25,285,6,477,26,62,571,0,110,2,15,127,38,2335,196,375,2944
18,2023,9,20,13,36,78,1,203,8,9,221,1,334,11,19,365,4,638,53,123,818,2,170,25,37,234,4,75,10,28,117,0,327,11,33,371,9,546,35,72,662,1,94,5,8,108,31,2407,171,365,2974
18,2024,12,15,14,43,84,3,221,11,6,241,4,326,10,21,361,3,632,60,115,810,1,176,25,38,240,1,80,15,23,119,2,317,11,39,369,2,523,37,61,623,1,104,4,6,115,29,2394,187,352,2962
19,2012,3,6,13,6,28,4,172,11,1,188,1,179,14,3,197,5,340,100,20,465,1,225,45,5,276,6,17,13,3,39,2,84,11,4,101,4,185,47,10,246,1,28,5,1,35,27,1236,259,53,1575
19,2013,10,8,10,3,31,4,179,4,2,189,4,174,12,6,196,4,355,73,39,471,4,211,23,16,254,4,15,6,3,28,0,84,19,24,127,9,183,31,29,252,0,27,4,5,36,39,1236,182,127,1584
19,2014,9,9,17,11,46,3,181,4,5,193,0,170,9,6,185,1,330,77,61,469,3,170,29,14,216,7,30,2,4,43,2,86,10,21,119,9,190,23,21,243,0,34,5,4,43,34,1200,176,147,1557
19,2015,3,11,20,13,47,4,205,5,2,216,0,155,11,10,176,3,311,60,60,434,3,144,26,17,190,4,16,11,6,37,1,96,14,18,129,5,173,24,17,219,1,22,1,3,27,24,1133,172,146,1475
19,2016,9,6,15,20,50,4,171,5,4,184,0,127,8,18,153,4,307,62,84,457,3,88,21,21,133,2,71,6,6,85,0,84,5,21,110,5,172,16,41,234,0,30,2,6,38,27,1056,140,221,1444
19,2017,3,6,21,11,41,4,209,12,6,231,0,160,9,17,186,1,368,58,85,512,3,128,27,27,185,4,67,7,6,84,1,74,11,15,101,7,200,16,45,268,0,25,2,8,35,23,1237,163,220,1643
19,2018,13,11,22,23,69,1,252,7,4,264,0,189,7,16,212,7,420,53,82,562,7,119,16,22,164,4,79,8,13,104,2,93,8,20,123,2,210,18,46,276,0,39,3,9,51,36,1412,142,235,1825
19,2019,10,11,9,21,51,3,211,9,7,230,0,225,11,13,249,3,536,51,87,677,14,167,31,35,247,10,41,6,11,68,1,118,11,30,160,3,267,21,46,337,0,42,2,14,58,44,1618,151,264,2077
19,2020,9,9,14,31,63,2,190,9,8,209,0,231,6,6,243,3,557,39,67,666,5,164,26,41,236,6,26,2,25,59,2,160,11,26,199,10,292,21,52,375,0,47,3,15,65,37,1676,131,271,2115
19,2021,4,11,14,52,81,1,249,6,12,268,0,268,10,10,288,7,667,63,123,860,5,191,36,37,269,3,49,14,21,87,0,212,10,31,253,0,329,28,69,426,0,70,6,16,92,20,2046,187,371,2624
19,2022,10,12,17,49,88,2,269,11,7,289,1,278,13,13,305,4,470,61,79,614,3,194,36,36,269,1,52,12,35,100,0,292,12,44,348,8,380,32,73,493,0,64,2,15,81,29,2011,196,351,2587
19,2023,6,16,16,29,67,4,239,13,10,266,2,297,10,9,318,2,487,69,75,633,6,170,33,29,238,5,64,6,24,99,2,286,8,44,340,4,420,30,59,513,0,92,3,10,105,31,2071,188,289,2579
19,2024,13,9,13,42,77,3,224,13,6,246,3,305,11,18,337,2,506,72,90,670,7,186,25,37,255,12,65,10,16,103,2,291,16,73,382,1,462,35,83,581,0,93,2,11,106,43,2141,197,376,2757
21,2012,28,26,31,11,96,9,405,26,6,446,6,431,35,4,476,3,802,299,41,1145,36,404,132,5,577,8,81,39,3,131,0,121,52,6,179,18,504,148,44,714,1,102,24,4,131,109,2876,786,124,3895
21,2013,43,12,55,19,129,9,430,28,6,473,8,361,36,10,415,6,921,265,75,1267,33,322,93,25,473,7,38,33,7,85,3,156,49,18,226,25,515,109,47,696,0,98,15,13,126,134,2853,683,220,3890
21,2014,30,26,53,18,127,8,509,27,8,552,1,344,32,15,392,6,1062,221,102,1391,23,342,109,24,498,11,43,30,22,106,5,161,31,23,220,16,562,110,51,739,2,89,9,12,112,102,3138,622,275,4137
21,2015,41,26,51,20,138,6,470,23,11,510,4,324,29,12,369,6,1050,237,118,1411,17,265,70,26,378,8,46,29,15,98,1,153,26,22,202,21,511,120,73,725,0,96,14,13,123,104,2941,599,310,3954
21,2016,27,33,33,20,113,14,520,18,12,564,8,320,31,26,385,6,1031,206,159,1402,23,243,79,51,396,4,39,35,21,99,3,104,35,30,172,25,447,108,113,693,1,86,14,22,123,111,2823,559,454,3947
21,2017,32,21,47,32,132,7,539,20,20,586,9,381,24,16,430,3,1283,177,178,1641,28,250,75,55,408,7,65,35,35,142,1,122,21,26,170,23,549,97,120,789,0,88,10,27,125,110,3298,506,509,4423
21,2018,52,26,45,30,153,4,537,25,22,588,2,448,35,19,504,11,1581,172,178,1942,33,303,87,47,470,6,63,44,31,144,0,153,25,35,213,10,643,86,126,865,0,118,12,30,160,118,3872,531,518,5039
21,2019,38,26,40,60,164,5,581,36,17,639,3,593,33,19,648,7,1811,176,232,2226,26,369,91,68,554,11,76,41,54,182,1,227,22,35,285,10,797,100,141,1048,0,155,17,28,200,101,4635,556,654,5946
21,2020,45,32,23,78,178,3,598,20,22,643,2,484,20,27,533,2,2170,163,210,2545,38,359,74,84,555,7,91,39,60,197,2,227,21,40,290,18,841,85,160,1104,0,176,5,30,211,117,4978,450,711,6256
21,2021,57,41,34,104,236,4,656,37,16,713,0,730,19,30,779,7,1938,196,271,2412,27,427,119,73,646,14,134,36,99,283,0,371,33,50,454,15,1008,133,199,1355,1,209,15,38,263,125,5514,622,880,7141
21,2022,63,49,43,150,305,6,694,36,22,758,3,778,43,42,866,12,1194,186,265,1657,24,360,130,67,581,8,130,54,113,305,1,395,34,52,482,11,1135,120,223,1489,2,268,12,33,315,130,5003,658,967,6758
21,2023,62,48,52,128,290,2,662,36,26,726,3,754,39,43,839,5,1337,152,216,1710,18,371,80,78,547,16,131,36,89,272,0,460,18,76,554,17,1177,122,207,1523,1,278,14,34,327,124,5218,549,897,6788
21,2024,42,53,46,157,298,6,707,35,22,770,2,809,46,55,912,10,1470,177,262,1919,16,340,88,76,520,8,123,40,76,247,0,520,22,68,610,15,1262,135,250,1662,0,307,12,31,350,99,5591,601,997,7288
22,2012,36,15,69,6,126,7,395,21,1,424,6,430,38,2,476,13,788,238,20,1059,26,384,133,7,550,4,56,33,3,96,2,205,56,4,267,26,432,147,25,630,1,108,15,8,132,121,2813,750,76,3760
22,2013,40,18,75,10,143,11,422,14,1,448,7,387,28,1,423,13,843,214,40,1110,18,342,102,10,472,7,48,24,7,86,1,185,43,8,237,17,439,95,23,574,1,86,15,6,108,115,2770,610,106,3601
22,2014,63,16,56,15,150,11,434,17,5,467,2,431,27,9,469,7,816,193,53,1069,37,374,103,20,534,3,48,20,2,73,3,219,31,15,268,26,436,108,35,605,3,88,14,15,120,155,2862,569,169,3755
22,2015,64,16,82,33,195,7,487,16,8,518,3,374,27,2,406,9,865,221,69,1164,50,279,98,21,448,3,47,19,4,73,1,161,39,16,217,24,435,92,44,595,0,87,11,20,118,161,2751,605,217,3734
22,2016,78,10,77,20,185,8,416,13,5,442,0,350,20,6,376,5,864,192,97,1158,54,271,85,28,438,5,56,25,6,92,1,169,69,12,251,14,411,97,75,597,1,95,12,26,134,166,2642,590,275,3673
22,2017,85,13,63,21,182,10,453,12,11,486,2,362,39,21,424,9,984,210,106,1309,55,259,89,32,435,11,69,31,13,124,0,174,55,23,252,19,423,111,93,646,0,72,6,27,105,191,2809,616,347,3963
22,2018,65,20,67,37,189,8,459,14,6,487,2,452,19,14,487,7,1156,195,72,1430,83,247,125,29,484,4,76,34,19,133,2,195,41,22,260,18,548,142,71,779,0,126,3,22,151,189,3279,640,292,4400
22,2019,43,23,67,39,172,9,447,32,11,499,1,594,31,27,653,12,1121,190,97,1420,86,337,120,28,571,11,63,45,26,145,1,252,57,26,336,39,564,153,97,853,1,123,10,25,159,203,3524,705,376,4808
22,2020,61,15,43,48,167,5,463,20,10,498,0,498,27,15,540,8,1161,219,120,1508,72,254,114,37,477,10,97,48,44,199,2,262,41,34,339,26,585,144,113,868,0,116,10,23,149,184,3451,666,444,4745
22,2021,74,31,58,85,248,4,519,24,8,555,2,668,41,22,733,16,1343,262,125,1746,100,369,157,53,679,11,131,70,69,281,0,371,52,52,475,24,767,165,139,1095,1,182,14,23,220,232,4381,843,576,6032
22,2022,62,30,65,103,260,5,530,29,15,579,0,773,56,42,871,14,1091,251,145,1501,83,354,193,61,691,19,187,102,84,392,0,484,62,51,597,29,925,209,154,1317,0,168,14,26,208,212,4542,981,681,6416
22,2023,67,27,62,137,293,7,509,34,18,568,2,830,53,25,910,11,1061,198,124,1394,105,378,151,64,698,9,175,70,60,314,1,618,52,65,736,18,1032,148,167,1365,1,225,10,19,255,221,4855,778,679,6533
22,2024,72,29,81,141,323,8,508,27,13,556,3,805,49,33,890,20,1205,261,144,1630,81,425,180,71,757,6,171,70,87,334,1,788,54,58,901,19,1025,198,187,1429,1,246,9,19,275,211,5202,929,753,7095
23,2012,3,4,7,1,15,2,76,2,0,80,0,106,3,1,110,3,166,28,12,209,0,105,14,4,123,1,19,1,0,21,0,77,29,8,114,5,82,7,5,99,0,14,1,0,15,14,649,92,31,786
23,2013,9,4,2,2,17,0,75,1,0,76,1,84,5,1,91,2,177,28,11,218,1,93,8,13,115,1,18,3,1,23,0,61,10,12,83,6,79,8,3,96,1,21,0,0,22,21,612,65,43,741
23,2014,5,2,5,8,20,1,88,3,0,92,1,99,3,1,104,2,156,25,20,203,0,83,10,5,98,2,12,1,1,16,0,64,2,12,78,3,98,9,7,117,0,18,1,1,20,14,620,59,55,748
23,2015,1,1,7,3,12,4,101,1,2,108,0,75,3,3,81,2,139,16,15,172,0,47,6,4,57,1,23,3,0,27,1,53,2,6,62,6,82,4,5,97,1,12,1,2,16,16,533,43,40,632
23,2016,5,3,1,3,12,0,77,0,5,82,0,62,5,3,70,0,129,22,37,188,0,60,1,10,71,3,13,3,0,19,1,55,2,8,66,6,86,5,5,102,0,11,0,2,13,15,496,39,73,623
23,2017,5,4,4,7,20,2,90,0,1,93,2,80,3,5,90,3,156,26,36,221,1,60,4,10,75,2,28,0,0,30,0,54,3,7,64,7,76,2,13,98,0,8,0,3,11,22,556,42,82,702
23,2018,2,3,4,6,15,0,76,1,6,83,2,89,1,3,95,1,148,11,29,189,3,66,9,9,87,3,20,0,0,23,1,53,7,5,66,6,92,5,9,112,0,19,0,3,22,18,566,38,70,692
23,2019,4,5,6,9,24,0,77,3,3,83,0,89,3,2,94,1,180,24,32,237,1,65,11,6,83,1,26,2,2,31,0,80,5,10,95,4,128,4,8,144,0,20,0,1,21,11,670,58,73,812
23,2020,7,4,3,16,30,2,75,2,2,81,0,96,1,3,100,0,175,16,33,224,1,71,6,5,83,2,36,2,5,45,0,98,4,10,112,3,134,4,13,154,0,26,1,3,30,15,715,39,90,859
23,2021,1,8,8,14,31,1,100,1,5,107,0,124,2,3,129,3,187,30,38,258,0,86,16,10,112,5,32,2,7,46,2,100,7,6,115,4,105,17,27,153,0,27,3,4,34,16,769,86,114,985
23,2022,6,6,1,13,26,0,83,2,3,88,1,118,3,1,123,3,188,22,28,241,0,72,8,15,95,3,47,3,8,61,1,145,5,17,168,1,160,5,25,191,0,21,1,0,22,15,840,50,110,1015
23,2023,0,3,3,14,20,2,92,5,3,102,0,125,2,3,130,3,199,23,22,247,0,81,5,9,95,1,37,2,8,48,3,155,4,25,187,4,192,9,26,231,0,29,1,3,33,13,913,54,113,1093
23,2024,0,1,3,16,20,0,99,4,2,105,0,123,3,5,131,1,211,26,35,273,0,60,8,13,81,1,29,3,18,51,5,166,1,29,201,2,189,11,15,217,1,37,1,4,43,10,915,60,137,1122
24,2012,88,134,239,64,525,45,1777,132,25,1979,8,2370,186,25,2589,32,4529,1354,193,6108,72,2283,761,66,3182,40,349,150,40,579,11,943,237,50,1241,75,2405,596,158,3234,3,541,113,37,694,374,15331,3768,658,20131
24,2013,128,129,220,89,566,52,2062,122,29,2265,13,2048,169,43,2273,31,4886,1180,368,6465,46,2025,575,153,2799,37,319,138,54,548,13,919,179,72,1183,88,2381,483,265,3217,2,475,94,70,641,410,15244,3160,1143,19957
24,2014,123,118,235,130,606,43,2064,117,44,2268,20,2246,156,64,2486,30,4784,1073,570,6457,41,2036,524,206,2807,27,342,115,58,542,4,1045,167,108,1324,92,2534,392,284,3302,2,466,76,89,633,382,15635,2855,1553,20425
24,2015,88,110,211,151,560,57,2082,115,62,2316,11,1930,151,107,2199,38,4571,1027,754,6390,63,1562,431,295,2351,39,379,97,65,580,8,804,146,137,1095,58,2453,375,416,3302,3,379,58,108,548,365,14270,2611,2095,19341
24,2016,99,113,210,169,591,43,2142,94,66,2345,13,1835,147,155,2150,48,4933,911,931,6823,48,1463,382,396,2289,31,375,116,93,615,11,758,143,149,1061,94,2477,385,488,3444,5,413,44,138,600,392,14509,2432,2585,19918
24,2017,112,120,188,146,566,50,2205,89,83,2427,10,1934,128,153,2225,41,5458,768,1032,7299,71,1475,369,467,2382,25,471,97,122,715,8,794,134,170,1106,67,2635,429,634,3765,3,463,45,161,672,387,15555,2247,2968,21157
24,2018,129,132,207,175,643,27,2353,109,89,2578,8,2302,145,147,2602,33,6950,745,972,8700,67,1532,339,434,2372,35,548,118,163,864,11,842,102,157,1112,78,3131,400,536,4145,4,586,62,121,773,392,18376,2227,2794,23789
24,2019,169,147,163,249,728,36,2549,116,90,2791,7,2664,141,171,2983,34,7349,789,1132,9304,83,1900,403,504,2890,50,690,164,205,1109,10,1271,130,173,1584,65,4089,427,635,5216,1,779,53,152,985,455,21438,2386,3311,27590
24,2020,159,121,132,324,736,30,2305,137,78,2550,12,2625,120,174,2931,37,8753,726,1116,10632,58,1931,385,504,2878,50,804,161,226,1241,6,1368,118,206,1698,48,4293,376,741,5458,5,866,39,177,1087,405,23066,2194,3546,29211
24,2021,186,164,209,475,1034,39,2946,172,128,3285,10,3504,146,203,3863,41,9541,904,1493,11979,78,2032,478,634,3222,55,925,206,378,1564,8,1973,133,243,2357,52,5115,444,837,6448,1,1114,56,207,1378,470,27314,2748,4598,35130
24,2022,205,189,188,577,1159,23,3006,162,160,3351,12,4071,177,219,4479,51,6988,807,1401,9247,97,2104,466,638,3305,61,824,227,426,1538,9,2445,153,256,2863,48,6187,460,973,7668,0,1206,58,217,1481,506,27020,2698,4867,35091
24,2023,185,163,182,507,1037,23,2885,137,115,3160,6,3886,136,205,4233,34,7078,706,1270,9088,96,2130,434,500,3160,30,856,157,329,1372,9,2946,108,263,3326,70,6509,442,1002,8023,3,1295,50,199,1547,456,27748,2352,4390,34946
24,2024,184,138,171,531,1024,21,2870,116,116,3123,10,4077,141,252,4480,37,7928,694,1472,10131,63,2002,366,581,3012,27,761,162,372,1322,11,3154,121,346,3632,48,6431,495,1090,8064,4,1444,58,182,1688,405,28805,2324,4942,36476
25,2012,16,23,47,9,95,5,438,18,2,463,3,403,30,1,437,7,818,250,40,1115,21,353,105,13,492,14,49,33,8,104,1,143,36,7,187,5,421,96,18,540,0,103,15,3,121,72,2751,630,101,3554
25,2013,14,21,47,17,99,12,424,31,3,470,4,404,30,9,447,4,996,232,64,1296,17,323,98,14,452,9,36,40,14,99,1,173,29,13,216,7,407,79,44,537,0,98,13,8,119,68,2882,599,186,3735
25,2014,12,21,38,17,88,11,487,18,3,519,3,367,36,11,417,5,915,208,88,1216,18,300,92,26,436,9,50,27,15,101,0,201,36,19,256,12,441,84,59,596,0,77,7,9,93,70,2859,546,247,3722
25,2015,13,17,55,22,107,5,415,26,8,454,5,353,34,10,402,3,851,214,116,1184,14,251,59,26,350,9,55,22,16,102,0,160,27,35,222,7,408,79,68,562,0,80,1,18,99,56,2590,517,319,3482
25,2016,15,22,33,25,95,81,436,6,11,534,1,381,26,20,428,7,991,183,137,1318,21,252,71,53,397,10,53,29,21,113,1,159,34,25,219,7,403,97,99,606,0,72,7,19,98,143,2769,486,410,3808
25,2017,17,19,36,25,97,7,479,16,21,523,7,321,29,21,378,2,1105,164,188,1459,30,194,49,59,332,6,97,25,37,165,0,167,31,29,227,7,419,83,76,585,1,79,8,12,100,77,2880,441,468,3866
25,2018,26,19,38,24,107,7,481,15,9,512,0,444,28,19,491,7,1349,120,170,1646,23,277,70,61,431,14,122,22,36,194,5,164,24,32,225,9,481,96,96,682,0,89,6,17,112,91,3426,419,464,4400
25,2019,30,37,34,29,130,12,547,27,12,598,2,554,28,25,609,5,1558,126,170,1859,18,272,67,52,409,11,150,29,53,243,3,215,23,23,264,8,551,75,98,732,1,125,5,23,154,90,4009,414,485,4998
25,2020,23,34,27,52,136,6,466,33,14,519,2,481,25,22,530,7,1868,119,180,2174,25,382,72,81,560,8,154,29,72,263,0,279,22,44,345,5,618,63,128,814,1,147,8,21,177,77,4429,398,614,5518
25,2021,19,36,26,97,178,8,619,37,20,684,1,661,29,35,726,12,1823,159,244,2238,24,350,78,80,532,10,155,42,116,323,1,360,28,40,429,8,737,71,159,975,1,174,11,26,212,84,4915,481,817,6297
25,2022,39,48,38,131,256,3,644,27,15,689,2,713,31,36,782,11,1298,155,214,1678,22,365,88,89,564,4,162,47,108,321,1,434,24,44,503,5,890,63,163,1121,1,188,6,31,226,88,4742,479,831,6140
25,2023,21,30,38,127,216,6,542,44,21,613,4,771,27,42,844,4,1383,149,224,1760,28,322,64,79,493,6,151,37,74,268,2,509,20,35,566,6,956,70,152,1184,1,199,4,24,228,78,4863,453,778,6172
25,2024,29,34,31,130,224,3,615,21,16,655,8,754,29,33,824,4,1584,226,289,2103,27,317,63,93,500,9,138,30,97,274,0,529,18,37,584,11,976,89,171,1247,1,242,9,20,272,92,5189,516,886,6683
26,2012,11,15,50,22,98,12,591,29,10,642,0,562,28,9,599,10,968,326,75,1379,10,644,181,29,864,17,53,50,14,134,2,212,52,20,286,14,524,134,40,712,4,110,23,10,147,80,3679,873,229,4861
26,2013,14,21,53,21,109,14,581,18,5,618,6,507,23,12,548,4,983,289,123,1399,20,570,139,51,780,8,34,31,10,83,1,235,45,25,306,7,522,133,71,733,2,120,15,8,145,76,3573,746,326,4721
26,2014,26,9,57,48,140,19,574,38,15,646,0,488,27,21,536,5,1018,235,189,1447,15,582,124,67,788,4,68,27,15,114,0,265,42,28,335,12,614,114,97,837,7,89,23,14,133,88,3707,687,494,4976
26,2015,28,16,50,46,140,15,646,16,11,688,1,468,31,20,520,12,930,184,206,1332,24,457,98,105,684,9,92,23,30,154,1,256,38,46,341,13,559,72,102,746,2,95,9,23,129,105,3519,521,589,4734
26,2016,13,15,45,35,108,11,553,20,22,606,1,429,28,35,493,11,1017,177,253,1458,21,470,91,109,691,6,109,24,28,167,2,224,29,46,301,9,593,83,148,833,2,99,11,26,138,76,3509,508,702,4795
26,2017,24,14,47,42,127,8,575,18,26,627,2,484,27,51,564,4,1058,129,268,1459,30,425,78,125,658,7,134,36,39,216,2,227,29,56,314,14,620,80,159,873,1,106,11,29,147,92,3643,455,795,4985
26,2018,34,20,53,37,144,10,618,12,25,665,5,592,19,39,655,4,1127,154,265,1550,17,458,65,129,669,12,175,32,53,272,3,258,35,47,343,16,696,100,164,976,2,120,11,17,150,103,4064,481,776,5424
26,2019,29,30,47,58,164,7,663,17,24,711,3,730,24,38,795,7,1337,179,268,1791,24,560,83,136,803,12,183,41,48,284,7,356,33,47,443,3,864,94,206,1167,3,155,9,27,194,95,4878,527,852,6352
26,2020,32,28,31,92,183,13,591,15,25,644,1,673,27,38,739,6,1496,146,329,1977,13,556,88,131,788,5,189,32,61,287,0,445,24,45,514,10,983,76,194,1263,1,174,13,32,220,81,5135,452,947,6615
26,2021,33,28,33,110,204,7,683,27,41,758,6,861,22,40,929,6,1537,166,389,2098,21,606,131,150,908,4,203,39,96,342,1,519,37,60,617,5,1082,119,235,1441,0,230,6,35,271,83,5749,580,1156,7568
26,2022,35,37,44,124,240,6,714,29,38,787,3,902,31,56,992,9,1181,172,301,1663,24,539,128,176,867,10,159,48,108,325,1,519,40,68,628,8,1214,108,298,1628,0,248,9,40,297,96,5513,609,1209,7427
26,2023,24,27,29,145,225,3,738,30,29,800,6,899,32,46,983,13,1248,143,296,1700,17,508,77,112,714,5,154,58,106,323,3,556,26,64,649,10,1325,100,249,1684,2,278,13,24,317,83,5733,508,1071,7395
26,2024,17,19,43,134,213,7,734,23,28,792,1,921,34,62,1018,7,1464,164,387,2022,13,504,89,151,757,1,152,36,64,253,2,622,36,63,723,11,1283,89,217,1600,1,257,15,41,314,60,5956,529,1147,7692
27,2012,135,144,224,50,553,46,2238,99,28,2411,16,2678,202,18,2914,35,4983,1533,255,6806,85,2473,801,79,3438,61,392,151,37,641,13,1006,228,61,1308,73,2677,651,165,3566,3,544,100,39,686,467,17135,3989,732,22323
27,2013,160,118,243,90,611,60,2241,121,25,2447,26,2498,190,46,2760,30,5745,1401,435,7611,78,2183,649,159,3069,42,272,157,41,512,11,991,193,104,1299,84,2628,513,290,3515,1,552,74,47,674,492,17228,3541,1237,22498
27,2014,152,134,229,111,626,55,2436,83,36,2610,16,2283,177,74,2550,46,5869,1280,605,7800,54,2165,573,212,3004,44,306,116,78,544,9,1302,195,124,1630,79,2768,465,316,3628,7,472,64,64,607,462,17735,3182,1620,22999
27,2015,142,130,245,134,651,39,2347,104,57,2547,16,2053,164,92,2325,33,5474,1128,793,7428,49,1794,455,255,2553,34,336,120,89,579,6,984,161,161,1312,77,2470,477,415,3439,2,452,52,90,596,398,16040,2906,2086,21430
27,2016,144,145,183,105,577,165,2497,95,86,2843,21,2036,164,141,2362,53,5866,998,1035,7952,74,1676,445,369,2564,31,380,133,112,656,8,848,173,178,1207,82,2407,487,558,3534,3,454,47,130,634,581,16309,2725,2714,22329
27,2017,179,125,219,151,674,36,2601,91,83,2811,22,2099,130,150,2401,40,6794,961,1164,8959,84,1580,416,452,2532,22,529,131,173,855,8,998,146,172,1324,80,2575,415,628,3698,4,506,47,120,677,475,17807,2556,3093,23931
27,2018,198,135,207,156,696,33,2681,96,85,2895,12,2610,152,147,2921,45,7767,872,1053,9737,83,1864,417,418,2782,49,691,157,186,1083,11,1131,145,182,1469,76,3036,442,596,4150,2,551,57,133,743,509,20466,2545,2956,26476
27,2019,231,177,179,268,855,62,2698,133,80,2973,12,3158,147,175,3492,58,8825,850,1215,10948,77,2219,517,441,3254,47,739,157,246,1189,10,1496,136,211,1853,57,3737,451,694,4939,1,770,46,179,996,555,23819,2616,3509,30499
27,2020,185,192,126,340,843,36,2519,111,88,2754,8,2930,122,159,3219,36,10749,776,1240,12801,85,2327,436,522,3370,40,777,160,295,1272,10,1777,128,231,2146,51,4040,405,849,5345,2,837,43,162,1044,453,26148,2307,3886,32794
27,2021,228,188,150,507,1073,30,3160,144,114,3448,7,3953,126,199,4285,55,10525,995,1531,13106,69,2478,588,595,3730,53,903,220,448,1624,3,2356,189,262,2810,60,4888,509,1055,6512,6,1005,66,176,1253,511,29456,2987,4887,37841
27,2022,262,192,182,653,1289,27,3236,154,125,3542,11,4480,200,240,4931,54,7590,918,1498,10060,71,2466,567,582,3686,32,787,221,490,1530,4,3047,174,313,3538,48,5773,466,1044,7331,6,1246,52,164,1468,515,28817,2934,5109,37375
27,2023,257,204,206,661,1328,26,3095,173,118,3412,16,4450,155,245,4866,33,7821,763,1357,9974,98,2487,451,550,3586,48,813,166,369,1396,6,3449,119,335,3909,72,6323,524,1042,7961,2,1327,49,157,1535,558,29969,2606,4834,37967
27,2024,242,173,217,693,1325,25,3362,129,114,3630,20,4571,171,267,5029,31,8733,916,1643,11323,70,2274,428,550,3322,39,794,159,376,1368,6,3824,125,342,4297,54,6470,541,1159,8224,2,1463,49,195,1709,489,31664,2735,5339,40227
28,2012,134,177,235,73,619,49,2027,99,27,2202,24,2805,239,25,3093,47,5064,1522,255,6888,58,2468,850,78,3454,73,333,159,42,607,14,956,226,53,1249,80,2805,706,200,3791,4,626,112,53,795,483,17261,4148,806,22698
28,2013,178,150,257,80,665,55,2234,103,29,2421,28,2529,209,39,2805,39,5273,1423,390,7125,60,2184,707,158,3109,28,317,140,62,547,18,857,194,86,1155,111,2649,630,304,3694,4,610,106,77,797,521,16803,3769,1225,22318
28,2014,205,140,271,113,729,71,2378,125,41,2615,18,2484,223,71,2796,46,5267,1405,604,7322,41,2313,671,207,3232,39,345,121,72,577,12,1083,186,105,1386,145,3027,609,367,4148,5,545,108,99,757,582,17582,3719,1679,23562
28,2015,195,149,274,169,787,51,2432,115,56,2654,24,2147,179,87,2437,42,4908,1206,835,6991,53,1796,564,304,2717,36,345,127,93,601,9,782,146,141,1078,221,2579,526,493,3819,2,498,72,121,693,633,15636,3209,2299,21777
28,2016,217,135,297,164,813,49,2573,119,91,2832,26,2120,180,157,2483,65,5403,1175,1073,7716,58,1647,527,387,2619,27,421,125,118,691,12,791,163,186,1152,83,2793,471,597,3944,4,501,62,157,724,541,16384,3119,2930,22974
28,2017,212,148,302,225,887,58,2562,117,98,2835,23,2181,164,185,2553,56,6042,1089,1279,8466,88,1527,529,482,2626,19,532,137,166,854,11,827,152,161,1151,99,3114,490,747,4450,3,613,75,210,901,569,17546,3055,3553,24723
28,2018,223,180,296,208,907,53,2694,123,84,2954,23,2711,168,184,3086,30,8519,952,1165,10666,98,1681,451,474,2704,39,583,143,197,962,14,972,151,189,1326,94,3524,505,703,4826,6,705,81,162,954,580,21569,2870,3366,28385
28,2019,280,272,296,335,1183,44,2801,137,96,3078,23,3280,160,218,3681,40,9217,1005,1270,11532,109,2149,504,541,3303,48,627,159,220,1054,6,1428,160,230,1824,104,4654,486,728,5972,5,916,60,221,1202,659,25344,2967,3859,32829
28,2020,297,308,217,500,1322,77,2851,132,71,3131,20,3176,170,182,3548,50,10853,880,1308,13091,75,2276,470,545,3366,44,821,139,319,1323,5,1759,145,204,2113,70,4723,501,924,6218,4,1046,60,220,1330,642,27813,2714,4273,35442
28,2021,326,258,262,661,1507,43,3397,172,146,3758,28,4138,174,246,4586,74,11431,1155,1681,14341,81,2420,666,650,3817,66,969,199,468,1702,12,2257,176,249,2694,63,5727,581,1087,7458,5,1177,68,257,1507,698,31774,3453,5445,41370
28,2022,331,203,262,653,1449,35,3554,167,176,3932,14,4624,218,279,5135,66,8050,1109,1642,10867,66,2373,619,682,3740,47,886,213,508,1654,5,2681,183,280,3149,51,6825,648,1191,8715,1,1449,62,244,1756,616,30645,3481,5655,40397
28,2023,363,246,249,709,1567,30,3472,165,148,3815,23,4790,179,288,5280,43,7982,902,1542,10469,126,2358,510,557,3551,35,934,160,387,1516,13,3077,139,256,3485,79,7143,646,1183,9051,3,1607,62,217,1889,715,31609,3012,5287,40623
28,2024,339,242,268,676,1525,36,3525,157,141,3859,30,4942,183,320,5475,52,8796,938,1718,11504,113,2255,516,561,3445,35,837,164,373,1409,12,3726,144,270,4152,81,7119,675,1251,9126,2,1729,80,232,2043,700,33171,3125,5542,42538
29,2012,18,18,84,19,139,10,765,21,3,799,1,661,37,4,703,6,1011,355,53,1425,22,556,158,14,750,14,62,50,6,132,5,302,60,22,389,19,672,160,39,890,1,151,23,10,185,96,4198,948,170,5412
29,2013,27,20,75,30,152,14,818,18,7,857,1,661,37,8,707,18,1027,304,81,1430,21,507,124,31,683,8,54,43,16,121,5,272,52,21,350,22,661,150,57,890,2,149,23,10,184,118,4169,826,261,5374
29,2014,48,28,73,42,191,10,863,28,5,906,1,665,45,24,735,15,1104,265,107,1491,21,509,116,44,690,7,62,44,11,124,1,298,54,27,380,18,724,136,85,963,1,132,23,19,175,122,4385,784,364,5655
29,2015,54,33,111,48,246,13,847,19,20,899,5,593,51,29,678,13,1140,283,147,1583,17,409,111,37,574,5,88,28,27,148,0,245,63,45,353,13,659,137,107,916,1,137,12,32,182,121,4151,815,492,5579
29,2016,34,25,98,34,191,7,837,29,21,894,5,535,46,28,614,8,1077,274,191,1550,26,441,98,72,637,8,95,45,24,172,1,277,51,50,379,28,640,101,123,892,1,139,10,41,191,118,4066,752,584,5520
29,2017,57,21,102,50,230,12,858,31,20,921,4,580,44,38,666,18,1175,241,198,1632,24,398,116,85,623,6,131,51,20,208,1,281,44,40,366,23,744,122,129,1018,2,152,11,40,205,147,4340,762,620,5869
29,2018,56,22,92,49,219,12,849,17,10,888,4,658,42,33,737,15,1559,204,159,1937,26,418,109,44,597,3,160,39,38,240,2,278,49,30,359,16,832,121,149,1118,2,184,30,36,252,136,4960,703,548,6347
29,2019,65,38,73,64,240,6,969,40,17,1032,3,848,39,31,921,12,1522,244,188,1966,38,479,158,53,728,5,257,63,48,373,0,404,57,56,517,13,1043,151,181,1388,0,247,9,32,288,142,5807,834,670,7453
29,2020,69,36,70,106,281,10,884,33,14,941,1,716,32,16,765,15,1713,227,167,2122,17,458,154,65,694,6,286,64,63,419,1,440,58,53,552,14,1086,132,206,1438,1,234,12,45,292,134,5853,782,735,7504
29,2021,68,53,73,135,329,6,1048,39,15,1108,1,998,50,28,1077,30,2108,305,254,2697,33,520,231,88,872,5,278,120,117,520,1,574,76,60,711,34,1283,181,283,1781,1,309,17,47,374,179,7171,1092,1027,9469
29,2022,75,31,76,145,327,7,1106,35,16,1164,0,1223,65,44,1332,23,1543,294,202,2062,36,493,215,83,827,4,183,131,132,450,1,644,54,65,764,25,1438,211,281,1955,0,362,18,41,421,171,7023,1099,1009,9302
29,2023,88,43,51,178,360,8,1065,24,20,1117,1,1196,45,46,1288,11,1538,266,192,2007,32,489,153,71,745,7,236,105,109,457,2,766,66,54,888,26,1602,130,259,2017,3,420,15,51,489,178,7355,855,980,9368
29,2024,70,47,69,207,393,7,1024,46,20,1097,0,1247,42,52,1341,19,1768,251,234,2272,25,562,160,75,822,6,238,77,133,454,4,957,44,60,1065,14,1640,202,248,2104,1,451,21,42,515,146,7934,912,1071,10063
2A,2012,7,2,21,5,35,5,174,11,2,192,1,148,19,3,171,3,333,165,15,516,16,363,118,14,511,4,14,21,3,42,0,75,19,5,99,0,280,68,16,364,0,31,8,3,42,36,1420,450,66,1972
2A,2013,9,3,20,7,39,2,181,9,6,198,0,171,18,9,198,8,339,149,54,550,15,340,65,31,451,5,10,21,8,44,0,72,20,9,101,3,239,42,29,313,0,27,8,5,40,42,1382,352,158,1934
2A,2014,17,8,24,6,55,0,186,7,4,197,1,156,13,7,177,3,333,117,75,528,19,339,61,47,466,3,12,22,7,44,2,95,10,10,117,1,253,43,43,340,0,25,6,3,34,46,1407,303,202,1958
2A,2015,20,10,18,9,57,1,172,7,8,188,1,194,14,26,235,6,330,116,111,563,19,239,56,48,362,1,16,25,19,61,0,78,9,15,102,4,240,47,51,342,0,22,4,9,35,52,1301,296,296,1945
2A,2016,26,3,13,25,67,5,188,4,12,209,0,175,10,27,212,4,301,78,135,518,15,222,38,71,346,3,15,29,23,70,0,74,7,27,108,2,266,35,78,381,0,25,1,13,39,55,1269,215,411,1950
2A,2017,32,4,17,21,74,0,199,6,11,216,2,165,8,25,200,5,323,92,186,606,13,230,41,80,364,3,20,36,27,86,1,83,11,21,116,5,285,33,89,412,0,29,2,16,47,61,1338,246,476,2121
2A,2018,23,3,16,17,59,3,211,9,15,238,2,192,7,41,242,4,380,85,156,625,12,258,38,90,398,9,18,41,24,92,0,60,8,32,100,7,363,32,99,501,0,35,3,13,51,60,1520,239,487,2306
2A,2019,28,7,18,39,92,1,228,10,9,248,1,259,6,29,295,7,425,87,193,712,23,327,36,96,482,2,19,34,42,97,0,106,8,30,144,8,456,19,111,594,1,55,3,11,70,71,1882,221,560,2734
2A,2020,34,8,4,56,102,0,177,7,10,194,0,205,7,28,240,8,451,56,169,684,11,336,32,93,472,6,42,20,38,106,0,108,3,24,135,7,428,25,105,565,0,49,4,21,74,66,1804,158,544,2572
2A,2021,20,6,5,57,88,2,200,6,11,219,0,245,7,38,290,6,491,40,216,753,15,292,30,117,454,4,39,34,50,127,0,179,8,30,217,5,527,39,133,704,0,49,2,22,73,52,2028,171,674,2925
2A,2022,21,4,6,66,97,0,240,3,16,259,0,296,9,41,346,6,425,62,213,706,22,373,29,109,533,6,37,54,65,162,0,194,3,37,234,6,604,27,157,794,0,71,4,20,95,61,2244,197,724,3226
2A,2023,16,9,10,62,97,3,237,12,14,266,0,307,7,41,355,6,377,43,230,656,12,357,19,100,488,2,58,36,55,151,0,195,5,25,225,5,696,28,158,887,0,56,4,18,78,44,2292,164,703,3203
2A,2024,18,10,6,69,103,1,226,7,14,248,0,316,16,25,357,6,544,48,243,841,12,307,20,102,441,1,44,28,47,120,1,228,9,33,271,10,698,31,171,910,0,67,1,21,89,49,2440,166,725,3380
2B,2012,8,6,17,5,36,4,151,7,1,163,0,181,22,1,204,4,385,126,24,539,24,363,96,12,495,2,30,21,5,58,1,86,20,7,114,0,309,60,13,382,0,48,4,1,53,43,1559,373,69,2044
2B,2013,6,4,13,6,29,6,170,6,3,185,1,168,17,10,196,2,355,150,51,558,25,313,76,26,440,4,17,18,9,48,0,109,20,13,142,3,237,66,28,334,0,30,9,4,43,47,1403,375,150,1975
2B,2014,17,6,11,15,49,5,172,6,6,189,1,189,24,12,226,2,336,126,68,532,18,292,56,52,418,3,22,20,9,54,0,126,16,25,167,5,243,45,57,350,1,32,6,3,42,52,1418,310,247,2027
2B,2015,9,4,16,18,47,6,150,4,5,165,2,188,15,24,229,1,332,68,112,513,10,258,27,56,351,2,18,11,8,39,2,101,31,22,156,2,232,28,51,313,0,21,5,12,38,34,1304,205,308,1851
2B,2016,20,3,20,27,70,2,191,3,5,201,0,213,12,34,259,4,339,74,166,583,33,222,29,87,371,3,30,19,25,77,0,69,12,26,107,3,265,35,51,354,0,28,7,10,45,65,1360,211,431,2067
2B,2017,14,8,15,32,69,0,192,4,12,208,1,189,12,33,235,0,327,56,201,584,25,251,36,125,437,2,38,12,28,80,0,100,11,29,140,3,243,24,82,352,1,26,5,21,53,46,1374,175,563,2158
2B,2018,26,12,9,23,70,2,182,4,10,198,0,210,7,27,244,2,371,67,146,586,32,265,34,100,431,1,47,17,25,90,3,125,16,29,173,10,316,43,94,463,1,31,2,15,49,77,1559,199,469,2304
2B,2019,21,7,5,36,69,1,210,7,8,226,2,264,8,28,302,2,360,59,186,607,30,273,26,95,424,2,45,19,28,94,0,135,17,32,184,2,402,25,104,533,1,38,2,11,52,61,1734,168,528,2491
2B,2020,19,6,6,43,74,0,176,4,6,186,0,224,4,19,247,7,412,44,154,617,15,275,20,93,403,7,58,17,22,104,1,139,10,33,183,6,361,38,97,502,1,38,1,17,57,56,1689,144,484,2373
2B,2021,19,10,11,65,105,1,233,4,10,248,1,269,13,35,318,3,436,61,197,697,24,282,28,115,449,7,52,19,52,130,0,188,14,55,257,4,451,35,115,605,0,55,6,19,80,59,1976,191,663,2889
2B,2022,14,12,9,50,85,4,221,11,5,241,0,284,6,28,318,5,401,66,174,646,26,266,25,97,414,4,47,21,50,122,1,159,4,57,221,7,550,28,136,721,0,73,5,15,93,61,2013,175,612,2861
2B,2023,21,9,14,50,94,2,226,11,12,251,2,335,11,39,387,5,375,61,184,625,44,270,33,91,438,4,74,28,34,140,1,167,9,57,234,12,576,32,124,744,0,55,3,15,73,91,2087,202,606,2986
2B,2024,18,5,5,57,85,5,236,14,13,268,1,308,6,43,358,6,503,55,166,730,13,267,28,89,397,2,51,20,49,122,0,229,12,60,301,11,609,45,130,795,0,73,2,11,86,56,2281,187,618,3142
30,2012,10,25,54,24,113,13,728,40,7,788,6,821,55,12,894,12,1704,587,78,2381,26,1119,285,36,1466,9,70,60,19,158,3,310,86,16,415,14,909,203,56,1182,5,173,38,20,236,98,5859,1408,268,7633
30,2013,22,41,72,37,172,14,687,44,13,758,2,729,51,24,806,6,1650,445,198,2299,24,977,202,83,1286,5,56,61,22,144,1,289,70,29,389,12,853,175,83,1123,2,146,27,15,190,88,5428,1147,504,7167
30,2014,32,28,62,43,165,15,817,38,13,883,3,718,64,32,817,7,1628,375,257,2267,14,955,183,125,1277,10,33,58,28,129,2,397,57,31,487,9,856,157,128,1150,1,144,22,35,202,93,5576,1016,692,7377
30,2015,54,48,68,38,208,12,767,31,21,831,3,664,53,27,747,15,1517,317,357,2206,23,839,142,163,1167,8,48,32,33,121,2,296,49,59,406,10,816,129,144,1099,2,116,29,28,175,129,5111,850,870,6960
30,2016,44,22,69,50,185,16,780,32,39,867,5,626,46,45,722,15,1552,308,442,2317,29,810,151,186,1176,8,40,50,49,147,3,251,56,54,364,13,827,143,221,1204,2,130,24,42,198,135,5038,879,1128,7180
30,2017,45,34,80,55,214,10,788,26,26,850,3,642,40,59,744,9,1619,290,485,2403,19,678,124,200,1021,10,41,38,47,136,2,265,43,76,386,17,844,148,218,1227,2,150,15,34,201,117,5061,804,1200,7182
30,2018,64,46,59,49,218,4,821,37,36,898,1,799,43,62,905,9,2128,248,435,2820,15,737,151,202,1105,6,42,49,49,146,2,276,44,64,386,16,1011,140,220,1387,1,172,12,39,224,118,6032,783,1156,8089
30,2019,63,51,66,85,265,12,882,34,25,953,2,996,36,59,1093,17,2282,269,436,3004,23,927,124,209,1283,9,53,59,88,209,2,420,35,56,513,13,1295,162,290,1760,0,224,15,42,281,141,7130,800,1290,9361
30,2020,48,38,40,133,259,14,796,48,35,893,2,952,40,61,1055,12,2467,268,444,3191,27,877,160,200,1264,9,93,57,95,254,1,428,34,66,529,16,1303,126,283,1728,1,196,15,45,257,130,7150,788,1362,9430
30,2021,66,51,72,199,388,17,985,62,47,1111,2,1244,53,84,1383,13,2732,262,587,3594,28,924,209,287,1448,15,154,70,116,355,3,532,48,114,697,7,1673,145,385,2210,2,323,21,59,405,153,8618,942,1878,11591
30,2022,40,41,42,227,350,10,1045,59,52,1166,4,1417,45,106,1572,20,2139,266,530,2955,29,999,180,255,1463,15,121,72,121,329,1,649,41,105,796,15,2001,154,442,2612,0,347,17,68,432,134,8759,876,1906,11675
30,2023,38,41,53,277,409,14,1071,48,50,1183,3,1433,41,95,1572,13,2160,253,504,2930,36,1017,168,236,1457,8,292,48,97,445,2,697,32,80,811,14,2225,164,419,2822,0,369,12,54,435,128,9305,819,1812,12064
30,2024,43,37,59,241,380,8,1042,61,47,1158,3,1404,48,103,1558,12,2524,209,571,3316,25,964,128,220,1337,4,224,67,113,408,7,779,46,98,930,13,2233,160,436,2842,0,379,16,60,455,115,9586,794,1889,12384
31,2012,30,66,142,58,296,19,1666,81,24,1790,5,1226,130,26,1387,10,1908,855,188,2961,165,1453,472,67,2157,22,257,145,40,464,9,402,97,44,552,27,2021,512,179,2739,6,502,113,64,685,293,9501,2547,690,13031
31,2013,22,65,164,87,338,31,1825,63,35,1954,3,1079,109,54,1245,12,1945,647,282,2886,211,1231,378,151,1971,18,239,126,55,438,5,450,82,66,603,31,2044,383,284,2742,9,512,62,68,651,342,9390,2014,1082,12828
31,2014,39,62,139,135,375,27,2028,82,45,2182,3,1100,99,48,1250,8,1898,634,476,3016,187,1283,310,219,1999,15,266,101,81,463,1,561,67,65,694,25,2134,384,393,2936,4,445,93,115,657,309,9777,1909,1577,13572
31,2015,61,71,133,170,435,31,1980,57,65,2133,2,1106,82,73,1263,14,1827,518,535,2894,266,871,251,251,1639,12,360,92,106,570,1,477,70,84,632,32,1958,351,450,2791,6,413,53,134,606,425,9063,1607,1868,12963
31,2016,51,68,134,170,423,28,2048,64,63,2203,6,1094,91,115,1306,13,2769,447,756,3985,287,856,224,378,1745,14,95,103,120,332,9,363,69,110,551,30,2045,315,602,2992,4,397,84,180,665,442,9735,1531,2494,14202
31,2017,65,74,129,119,387,26,2063,49,78,2216,5,1273,79,127,1484,10,3690,437,786,4923,294,870,208,460,1832,18,119,93,121,351,1,356,59,82,498,28,2386,328,666,3408,5,510,63,176,754,452,11341,1445,2615,15853
31,2018,71,92,119,148,430,19,2176,51,81,2327,8,1538,73,118,1737,9,5294,394,750,6447,260,1024,221,407,1912,34,127,105,159,425,4,419,66,79,568,36,2805,355,647,3843,2,621,64,202,889,443,14096,1448,2591,18578
31,2019,71,139,117,198,525,15,2563,75,83,2736,5,1905,60,119,2089,10,6365,418,814,7607,251,1262,224,459,2196,24,113,121,221,479,1,636,70,106,813,22,3879,319,784,5004,1,845,75,251,1172,400,17707,1479,3035,22621
31,2020,72,124,93,288,577,21,2317,96,92,2526,5,1732,63,111,1911,13,7349,379,871,8612,234,1401,185,495,2315,25,186,106,230,547,3,712,48,118,881,17,3788,264,783,4852,2,941,44,238,1225,392,18550,1278,3226,23446
31,2021,76,118,101,495,790,23,2763,122,131,3039,5,2436,73,169,2683,18,6604,419,1129,8170,243,1409,265,668,2585,21,320,137,312,790,10,974,72,183,1239,24,4670,366,1056,6116,4,1099,58,275,1436,424,20393,1613,4418,26848
31,2022,99,119,102,419,739,11,2702,116,148,2977,2,2749,79,207,3037,15,4415,441,992,5863,292,1375,276,563,2506,34,258,161,386,839,2,966,85,187,1240,19,4934,388,1094,6435,3,1221,71,268,1563,477,18739,1719,4264,25199
31,2023,60,122,105,484,771,18,2639,112,96,2865,1,2755,80,188,3024,16,4514,432,948,5910,204,1260,193,469,2126,20,486,125,234,865,4,1114,56,149,1323,23,5052,365,861,6301,1,1468,69,254,1792,347,19410,1537,3683,24977
31,2024,61,142,119,466,788,18,2977,101,99,3195,5,2796,92,182,3075,22,6677,435,977,8111,161,1297,195,480,2133,16,460,118,276,870,4,1277,53,180,1514,25,5127,401,994,6547,3,1540,87,294,1924,315,22293,1601,3948,28157
32,2012,185,245,351,139,920,47,3725,205,41,4018,18,4467,423,59,4967,33,7953,2826,534,11346,256,3776,1396,195,5623,119,509,305,57,990,5,1293,347,110,1755,118,4607,1291,349,6365,10,1121,234,108,1473,791,27696,7378,1592,37457
32,2013,240,225,308,140,913,74,3961,196,73,4304,17,4007,313,109,4446,48,8426,2528,876,11878,255,3530,1082,342,5209,58,473,280,96,907,17,1403,330,178,1928,144,4298,1018,557,6017,5,1034,219,120,1378,858,27357,6274,2491,36980
32,2014,255,216,304,186,961,69,3983,194,85,4331,15,3902,334,169,4420,54,8656,2420,1361,12491,256,3478,980,461,5175,64,572,222,137,995,19,1560,275,206,2060,139,4337,955,741,6172,6,938,186,184,1314,877,27642,5870,3530,37919
32,2015,320,215,336,242,1113,67,4261,155,137,4620,14,3405,289,207,3915,73,8363,2027,1776,12239,339,2754,693,635,4421,70,471,212,164,917,6,1241,270,251,1768,110,4070,839,866,5885,5,892,123,220,1240,1004,25672,4944,4498,36118
32,2016,284,212,318,259,1073,54,4381,181,169,4785,20,3137,233,288,3678,64,9331,1700,2360,13455,360,2292,657,789,4098,81,454,232,196,963,11,1462,214,272,1959,149,4401,878,1215,6643,11,921,132,270,1334,1034,26591,4545,5818,37988
32,2017,286,196,350,310,1142,53,4392,197,197,4839,21,3499,271,334,4125,63,10788,1526,2549,14926,313,2208,671,818,4010,74,596,259,235,1164,6,1223,224,300,1753,135,5004,868,1350,7357,7,947,118,346,1418,958,28853,4484,6439,40734
32,2018,328,235,393,311,1267,40,4712,179,147,5078,15,4057,232,346,4650,63,13928,1451,2349,17791,357,2570,606,756,4289,90,702,279,307,1378,16,1486,218,285,2005,134,6104,775,1284,8297,6,1307,180,326,1819,1049,35101,4313,6111,46574
32,2019,382,321,364,458,1525,68,5029,222,166,5485,10,5191,249,361,5811,47,16682,1587,2510,20826,308,3255,660,812,5035,80,1053,329,376,1838,8,2152,230,397,2787,120,7635,818,1316,9889,4,1632,176,391,2203,1027,42950,4635,6787,55399
32,2020,357,267,307,681,1612,54,4719,233,190,5196,14,4645,208,314,5181,61,20055,1370,2629,24115,207,3368,603,992,5170,92,1189,299,425,2005,27,2286,177,382,2872,96,7707,804,1530,10137,5,1747,154,453,2359,913,45983,4155,7596,58647
32,2021,427,318,414,855,2014,66,5915,310,289,6580,19,6248,211,416,6894,59,21963,1579,3341,26942,243,3645,734,1106,5728,134,1248,352,629,2363,12,3012,237,442,3703,119,9455,974,2054,12602,2,2318,181,507,3008,1081,54122,4992,9639,69834
32,2022,501,288,475,1098,2362,34,6246,312,344,6936,21,7447,266,461,8195,67,14894,1481,3184,19626,262,3621,764,1174,5821,115,1211,374,697,2397,0,3950,242,442,4634,115,11636,956,2084,14791,2,2868,198,512,3580,1117,52161,5068,9996,68342
32,2023,426,240,387,957,2010,42,6118,290,225,6675,11,7396,216,492,8115,64,14846,1355,3148,19413,242,3440,580,1005,5267,60,1363,281,508,2212,6,4478,211,478,5173,115,11654,912,1992,14673,2,3031,207,513,3753,968,52566,4439,9318,67291
32,2024,403,242,357,1024,2026,30,6174,275,248,6727,29,7743,244,553,8569,64,17372,1363,3501,22300,227,3410,574,1069,5280,55,1336,296,567,2254,7,5357,209,515,6088,109,11771,954,2268,15102,1,3275,176,548,4000,925,56680,4448,10293,72346
33,2012,62,83,209,62,416,23,1640,80,13,1756,5,1827,160,20,2012,12,2840,1209,209,4270,82,1725,600,85,2492,37,191,209,43,480,6,592,168,36,802,23,2187,650,207,3067,4,516,129,47,696,254,11601,3414,722,15991
33,2013,56,102,242,98,498,36,2014,81,30,2161,6,1842,163,47,2058,20,2961,1063,393,4437,132,1838,560,115,2645,22,188,185,56,451,8,745,147,36,936,30,2509,528,269,3336,4,572,103,76,755,314,12771,3072,1120,17277
33,2014,88,102,255,147,592,46,2058,91,47,2242,8,1878,149,62,2097,13,3235,932,499,4679,86,1749,500,222,2557,15,166,186,114,481,2,821,110,73,1006,35,2622,475,368,3500,5,489,85,99,678,298,13120,2783,1631,17832
33,2015,95,90,253,188,626,46,2188,76,57,2367,7,1676,118,98,1899,26,3219,848,659,4752,131,1495,360,302,2288,15,266,169,139,589,5,613,91,73,782,32,2705,438,497,3672,8,555,83,143,789,365,12807,2436,2156,17764
33,2016,84,105,276,209,674,38,2235,84,90,2447,11,1664,118,110,1903,25,4113,734,881,5753,156,1246,362,378,2142,26,306,140,162,634,3,471,116,104,694,31,2711,420,651,3813,5,507,69,198,779,379,13358,2319,2783,18839
33,2017,108,96,226,226,656,24,2321,95,113,2553,7,1882,100,169,2158,30,5231,670,1032,6963,145,1389,323,509,2366,42,247,199,237,725,2,557,119,123,801,52,3228,454,754,4488,3,554,74,221,852,413,15505,2260,3384,21562
33,2018,121,114,293,260,788,25,2572,91,93,2781,5,2250,109,169,2533,15,6583,665,915,8178,196,1589,377,461,2623,45,251,176,243,715,4,664,111,135,914,33,3967,406,764,5170,3,731,69,203,1006,447,18721,2297,3243,24708
33,2019,164,142,250,372,928,28,2532,105,108,2773,8,2803,107,122,3040,20,6559,620,905,8104,181,2108,358,522,3169,43,234,184,313,774,5,913,97,142,1157,28,5049,463,801,6341,1,873,55,185,1114,478,21213,2239,3470,27400
33,2020,98,132,193,458,881,16,2544,124,104,2788,3,2688,64,111,2866,23,7095,563,914,8595,141,1793,344,514,2792,43,416,148,317,924,1,938,73,177,1189,27,4643,435,867,5972,2,940,49,265,1256,354,21189,1993,3727,27263
33,2021,120,180,226,678,1204,10,2856,143,167,3176,6,3614,115,177,3912,32,8060,639,1224,9955,166,2007,441,585,3199,52,510,199,479,1240,2,1338,83,214,1637,47,5493,562,1119,7221,4,1176,72,280,1532,439,25234,2480,4923,33076
33,2022,109,171,221,733,1234,15,3150,151,211,3527,3,4272,119,186,4580,25,5199,628,1091,6943,162,2200,439,621,3422,81,462,218,545,1306,1,1552,91,221,1865,20,6590,516,1188,8314,0,1381,73,232,1686,416,24977,2456,5028,32877
33,2023,78,151,179,595,1003,11,3047,116,105,3279,7,3622,115,199,3943,29,5596,669,1048,7342,122,1993,343,560,3018,41,669,169,296,1175,2,1463,64,185,1714,37,6560,542,1144,8283,2,1525,94,277,1898,329,24626,2291,4409,31655
33,2024,107,182,222,599,1110,17,3244,108,132,3501,6,3715,129,240,4090,15,8030,562,1081,9688,73,1993,356,472,2894,25,612,157,293,1087,1,1633,98,189,1921,43,6818,560,1234,8655,0,1768,80,300,2148,287,27995,2272,4540,35094
34,2012,31,64,144,54,293,32,1514,86,17,1649,9,1315,128,21,1473,19,2653,1087,205,3964,89,1744,577,109,2519,35,183,176,36,430,4,368,132,78,582,29,1998,426,143,2596,1,474,88,48,611,249,10313,2844,711,14117
34,2013,43,51,132,85,311,36,1544,85,36,1701,9,1208,118,46,1381,12,2666,884,422,3984,91,1526,491,211,2319,19,146,119,65,349,1,393,127,103,624,25,1933,341,260,2559,5,429,81,62,577,241,9896,2378,1290,13805
34,2014,45,70,116,89,320,43,1701,76,50,1870,6,1207,94,58,1365,20,2752,746,526,4044,82,1456,380,279,2197,25,135,123,87,370,4,468,92,102,666,21,2013,341,362,2737,5,390,57,86,538,251,10192,2025,1639,14107
34,2015,56,54,155,124,389,25,1788,55,56,1924,5,1150,88,87,1330,22,2640,655,720,4037,102,1232,277,384,1995,16,117,97,98,328,8,384,149,166,707,20,1797,279,405,2501,2,359,51,135,547,256,9521,1806,2175,13758
34,2016,57,61,119,112,349,37,1763,70,70,1940,1,1168,82,133,1384,24,2797,594,935,4350,120,1067,283,490,1960,19,152,124,120,415,3,370,114,196,683,32,1865,261,476,2634,2,412,42,137,593,295,9655,1689,2669,14308
34,2017,66,73,114,115,368,26,1731,60,97,1914,12,1246,82,152,1492,39,3393,520,1021,4973,118,1111,206,500,1935,19,344,104,138,605,1,329,128,220,678,32,2103,283,525,2943,5,412,35,142,594,318,10742,1532,2910,15502
34,2018,60,75,111,122,368,19,1784,76,82,1961,5,1526,71,143,1745,21,3730,424,882,5057,132,1156,261,467,2016,17,582,112,132,843,3,405,88,261,757,36,2360,288,587,3271,1,527,40,168,736,294,12145,1471,2844,16754
34,2019,92,111,94,178,475,24,1927,61,81,2093,6,1917,77,156,2156,52,4124,424,969,5569,129,1544,266,568,2507,26,763,142,173,1104,2,522,80,393,997,37,2897,316,636,3886,5,635,37,145,822,373,14440,1497,3299,19609
34,2020,69,111,47,259,486,21,1975,86,85,2167,2,1744,62,134,1942,21,4833,397,929,6180,159,1582,224,531,2496,24,707,125,240,1096,1,568,62,275,906,24,3050,287,718,4079,5,681,49,170,905,326,15251,1339,3341,20257
34,2021,99,103,82,429,713,18,2222,109,119,2468,2,2189,75,151,2417,39,5599,488,1129,7255,120,1631,313,609,2673,46,862,159,330,1397,1,734,64,376,1175,33,3614,342,965,4954,6,819,56,217,1098,364,17773,1688,4325,24150
34,2022,100,113,95,473,781,13,2359,102,136,2610,3,2649,101,208,2961,27,4077,482,1017,5603,127,1628,305,552,2612,28,728,194,384,1334,2,863,66,386,1317,27,3991,352,937,5307,1,941,46,184,1172,328,17349,1743,4277,23697
34,2023,87,89,90,441,707,13,2277,108,117,2515,4,2659,92,169,2924,19,4365,496,1020,5900,150,1706,316,553,2725,22,570,150,259,1001,3,888,36,287,1214,28,4496,307,831,5662,3,1139,53,196,1391,329,18189,1648,3873,24039
34,2024,85,112,111,461,769,18,2381,94,84,2577,4,2738,107,230,3079,14,4871,502,1171,6558,107,1578,237,478,2400,15,503,117,267,902,2,938,66,264,1270,27,4652,334,994,6007,0,1242,54,215,1511,272,19015,1622,4164,25073
35,2012,77,30,183,30,320,9,833,58,7,907,5,730,59,4,798,18,1075,535,56,1684,61,458,265,14,798,27,149,74,3,253,3,313,72,31,419,23,949,357,56,1385,3,246,67,22,338,226,4783,1670,223,6902
35,2013,126,34,239,41,440,14,917,42,8,981,2,724,75,12,813,12,1342,468,68,1890,40,471,193,22,726,20,112,71,19,222,1,339,65,34,439,31,952,319,90,1392,3,281,57,43,384,249,5172,1529,337,7287
35,2014,144,35,187,57,423,27,953,52,10,1042,3,789,89,14,895,12,1202,507,100,1821,52,459,208,20,739,14,113,50,18,195,2,334,53,32,421,23,1039,280,158,1500,1,309,46,57,413,278,5233,1472,466,7449
35,2015,176,43,202,54,475,23,957,54,14,1048,4,709,69,17,799,14,1168,428,157,1767,55,338,158,54,605,14,131,51,24,220,3,231,72,48,354,35,1005,260,145,1445,1,271,35,57,364,325,4853,1329,570,7077
35,2016,154,47,217,83,501,15,1063,54,21,1153,8,693,67,25,793,14,1428,468,191,2101,66,304,188,51,609,14,171,57,27,269,2,247,67,42,358,24,1015,259,202,1500,2,261,49,77,389,299,5229,1426,719,7673
35,2017,194,34,209,72,509,16,1107,55,33,1211,4,706,72,37,819,23,1608,406,219,2256,79,290,155,75,599,23,217,82,42,364,4,256,66,40,366,30,1179,287,250,1746,2,280,49,94,425,375,5677,1381,862,8295
35,2018,165,57,198,97,517,19,1144,61,27,1251,4,914,59,33,1010,17,2231,326,218,2792,83,349,196,100,728,23,232,92,49,396,7,291,63,54,415,25,1350,331,277,1983,3,350,51,93,497,346,6918,1377,948,9589
35,2019,196,60,203,125,584,11,1284,70,26,1391,4,1110,76,37,1227,14,2299,373,238,2924,85,424,216,116,841,21,306,87,80,494,1,405,75,80,561,35,1634,371,341,2381,2,464,36,116,618,369,7986,1507,1159,11021
35,2020,176,56,130,227,589,14,1096,67,46,1223,5,988,68,47,1108,9,2772,345,275,3401,72,433,209,112,826,26,296,109,116,547,8,517,65,77,667,54,1711,346,409,2520,2,466,45,119,632,366,8335,1384,1428,11513
35,2021,192,66,168,331,757,13,1323,82,75,1493,6,1505,74,53,1638,22,3142,428,339,3931,112,533,266,174,1085,34,313,122,153,622,2,589,79,99,769,38,2122,386,500,3046,1,630,30,133,794,420,10223,1635,1857,14135
35,2022,175,90,146,313,724,10,1473,89,76,1648,3,1725,75,71,1874,16,2342,447,351,3156,126,580,280,198,1184,46,315,131,220,712,2,683,96,104,885,22,2412,401,562,3397,0,716,59,122,897,400,10336,1724,2017,14477
35,2023,171,89,175,359,794,8,1372,74,39,1493,4,1627,62,53,1746,11,2217,429,352,3009,103,540,222,179,1044,29,283,88,153,553,1,806,70,119,996,38,2515,339,468,3360,2,829,44,133,1008,367,10278,1503,1855,14003
35,2024,158,105,172,354,789,16,1467,65,48,1596,3,1709,83,98,1893,13,2564,399,387,3363,89,583,205,191,1068,35,239,82,168,524,2,1058,74,127,1261,46,2609,344,550,3549,0,849,53,123,1025,362,11183,1477,2046,15068
36,2012,2,8,17,5,32,3,117,9,1,130,0,159,7,2,168,3,311,72,12,398,4,165,31,4,204,4,19,6,1,30,1,79,27,4,111,7,143,30,11,191,0,31,5,1,37,24,1032,204,41,1301
36,2013,10,11,12,6,39,3,101,8,2,114,1,149,8,6,164,2,272,53,25,352,1,122,19,13,155,1,25,7,2,35,2,58,14,9,83,4,126,22,11,163,0,20,5,2,27,24,884,148,76,1132
36,2014,6,10,14,7,37,3,143,4,4,154,0,140,11,3,154,4,305,68,40,417,2,121,23,14,160,0,21,5,0,26,0,99,5,11,115,6,126,21,12,165,0,26,5,5,36,21,991,156,96,1264
36,2015,6,7,15,10,38,2,120,4,4,130,0,127,9,5,141,1,277,59,47,384,1,103,15,11,130,3,34,2,1,40,0,68,17,15,100,1,137,23,21,182,0,15,1,2,18,14,888,145,116,1163
36,2016,5,9,7,11,32,3,135,1,1,140,2,101,6,10,119,3,304,54,40,401,2,88,20,19,129,4,30,6,1,41,0,61,10,11,82,10,145,25,24,204,0,16,0,3,19,29,889,129,120,1167
36,2017,8,12,9,4,33,4,125,4,0,133,1,130,5,6,142,3,354,45,56,458,1,75,10,15,101,2,36,5,2,45,1,60,11,9,81,8,161,15,20,204,0,17,2,5,24,28,970,106,117,1221
36,2018,14,9,9,3,35,0,144,7,3,154,1,122,7,5,135,2,356,32,54,444,1,98,16,11,126,8,33,6,9,56,1,65,4,10,80,8,174,17,26,225,0,36,1,2,39,35,1037,99,123,1294
36,2019,6,16,9,6,37,2,147,3,4,156,0,137,6,7,150,5,441,44,52,542,1,105,14,10,130,3,47,6,8,64,2,79,9,15,105,6,207,15,30,258,0,32,0,8,40,25,1211,106,140,1482
36,2020,5,3,3,15,26,1,122,4,1,128,1,155,7,6,169,3,538,53,53,647,1,104,14,12,131,2,40,9,8,59,1,91,7,25,124,4,227,17,30,278,1,45,0,8,54,19,1325,114,158,1616
36,2021,4,6,8,21,39,4,144,3,8,159,2,186,8,6,202,4,590,59,76,729,4,126,24,30,184,5,37,16,17,75,0,140,10,14,164,8,304,17,30,359,0,55,3,7,65,31,1588,148,209,1976
36,2022,8,15,4,28,55,1,170,7,10,188,0,226,10,8,244,2,376,48,67,493,1,135,21,22,179,3,43,22,18,86,0,178,12,23,213,5,325,20,41,391,0,64,1,9,74,20,1532,145,226,1923
36,2023,10,14,6,22,52,2,156,4,6,168,0,220,11,9,240,1,430,50,54,535,3,99,25,21,148,5,39,18,21,83,2,206,4,23,235,5,346,19,34,404,0,54,1,8,63,28,1564,138,198,1928
36,2024,8,7,4,16,35,2,165,8,2,177,0,260,4,7,271,5,395,39,72,511,1,109,19,21,150,2,42,12,16,72,2,244,11,24,281,6,399,19,45,469,0,65,1,6,72,26,1686,117,209,2038
37,2012,15,30,67,9,121,14,460,38,7,519,0,474,35,5,514,8,896,269,51,1224,21,461,163,11,656,13,97,37,9,156,6,195,43,5,249,12,583,132,37,764,2,131,37,7,177,91,3327,821,141,4380
37,2013,16,30,50,27,123,11,538,38,6,593,2,403,39,9,453,3,986,229,67,1285,14,410,106,20,550,3,70,40,11,124,1,183,28,8,220,8,553,124,55,740,0,125,27,22,174,58,3298,681,225,4262
37,2014,18,23,70,22,133,16,549,38,8,611,2,477,41,11,531,6,886,258,117,1267,8,357,99,39,503,6,109,28,17,160,1,199,34,20,254,13,570,118,69,770,1,134,24,23,182,71,3304,710,326,4411
37,2015,12,27,62,40,141,19,502,37,17,575,0,400,41,17,458,12,858,215,131,1216,12,286,83,55,436,10,132,24,19,185,3,149,31,25,208,7,568,104,104,783,0,97,21,35,153,75,3019,618,443,4155
37,2016,20,30,54,41,145,10,567,37,12,626,2,395,35,32,464,9,899,206,192,1306,13,273,82,59,427,8,114,35,20,177,0,148,29,24,201,13,572,102,120,807,1,114,11,31,157,76,3112,591,531,4310
37,2017,17,26,65,25,133,15,587,33,20,655,3,438,33,34,508,11,1111,182,198,1502,17,275,85,59,436,4,183,28,28,243,1,173,21,36,231,9,625,117,148,899,2,137,9,54,202,79,3555,573,602,4809
37,2018,17,26,64,60,167,9,613,36,21,679,1,545,48,31,625,4,1617,186,165,1972,11,294,56,73,434,5,222,43,45,315,1,187,21,28,237,12,754,122,132,1020,0,174,14,31,219,60,4432,590,586,5668
37,2019,29,38,46,46,159,11,744,35,13,803,0,597,40,29,666,3,1596,190,214,2003,25,404,86,73,588,11,292,62,55,420,1,253,31,25,310,13,940,121,155,1229,0,223,25,34,282,93,5087,636,644,6460
37,2020,34,25,48,83,190,5,635,54,22,716,3,640,31,39,713,6,1842,176,197,2221,12,365,81,78,536,20,296,47,58,421,2,279,26,35,342,8,992,131,165,1296,0,216,11,44,271,90,5290,605,721,6706
37,2021,31,42,60,101,234,7,801,47,36,891,2,869,43,53,967,4,2159,212,304,2679,17,447,107,101,672,14,356,65,101,536,0,426,29,58,513,7,1182,138,214,1541,1,271,13,50,335,83,6553,714,1018,8368
37,2022,38,53,56,155,302,1,826,52,36,915,3,956,46,49,1054,2,1503,212,265,1982,23,415,109,102,649,16,257,70,131,474,1,486,35,57,579,6,1462,131,240,1839,0,299,16,56,371,90,6257,727,1091,8165
37,2023,39,47,64,127,277,8,774,32,17,831,2,918,32,42,994,8,1521,177,222,1928,17,401,90,84,592,7,165,47,86,305,2,472,26,41,541,7,1498,130,261,1896,1,359,13,50,423,91,6155,611,930,7787
37,2024,48,42,51,146,287,4,801,20,16,841,3,894,39,58,994,9,1699,185,282,2175,17,361,93,97,568,10,168,51,136,365,1,541,26,64,632,15,1474,148,267,1904,1,365,18,50,434,108,6345,631,1116,8200
38,2012,17,42,109,44,212,13,1331,79,12,1435,3,1060,125,12,1200,14,1816,702,132,2664,86,1306,475,56,1923,36,140,101,28,305,0,430,113,31,574,15,1562,396,129,2102,1,382,65,36,484,185,8069,2165,480,10899
38,2013,37,50,126,79,292,17,1423,49,26,1515,6,1022,76,32,1136,12,1934,636,254,2836,92,1295,412,157,1956,37,134,77,36,284,4,500,91,59,654,17,1590,313,181,2101,4,356,60,53,473,226,8304,1840,877,11247
38,2014,25,44,126,95,290,21,1425,54,31,1531,5,1032,97,49,1183,8,2024,528,350,2910,90,1242,310,219,1861,14,184,72,49,319,2,576,80,80,738,26,1733,260,289,2308,3,359,43,75,480,194,8619,1570,1237,11620
38,2015,36,54,99,76,265,21,1468,51,37,1577,6,922,62,57,1047,19,1897,431,490,2837,76,954,207,257,1494,26,249,65,65,405,1,374,77,97,549,23,1497,253,365,2138,1,302,31,87,421,209,7717,1276,1531,10733
38,2016,30,47,67,63,207,15,1428,62,51,1556,4,890,55,76,1025,12,2315,379,578,3284,122,802,200,295,1419,23,286,70,60,439,1,358,59,103,521,21,1539,278,399,2237,1,341,42,98,482,229,8006,1212,1723,11170
38,2017,26,48,83,77,234,15,1507,58,52,1632,4,997,55,83,1139,12,2722,358,666,3758,118,902,186,372,1578,33,331,84,79,527,4,368,50,80,502,25,1747,273,435,2480,2,332,37,89,460,239,8954,1184,1933,12310
38,2018,42,62,97,105,306,13,1535,56,51,1655,2,1184,56,103,1345,7,3384,344,572,4307,112,1083,219,330,1744,33,407,109,85,634,1,404,47,92,544,21,2172,255,416,2864,5,394,29,89,517,236,10625,1212,1843,13916
38,2019,47,60,83,148,338,15,1694,65,50,1824,4,1592,63,89,1748,6,3897,329,604,4836,130,1452,247,328,2157,28,525,92,113,758,1,733,57,109,900,13,2641,245,499,3398,2,511,31,109,653,246,13105,1212,2049,16612
38,2020,37,46,75,175,333,13,1532,50,54,1649,7,1482,66,79,1634,13,4302,320,637,5272,101,1470,217,342,2130,24,568,100,156,848,3,716,52,114,885,7,2736,241,539,3523,4,522,32,96,654,209,13374,1153,2192,16928
38,2021,52,68,74,260,454,17,1730,72,81,1900,5,1907,73,103,2088,19,4215,377,811,5422,118,1413,305,420,2256,21,613,149,210,993,1,958,87,126,1172,9,3136,298,678,4121,5,682,48,141,876,247,14722,1483,2830,19282
38,2022,57,61,97,287,502,10,1886,81,88,2065,3,2205,87,135,2430,24,3174,382,753,4333,136,1458,328,414,2336,18,555,135,216,924,3,1013,84,166,1266,14,3545,351,658,4568,1,787,33,116,937,266,14684,1578,2833,19361
38,2023,42,73,108,292,515,12,1815,64,56,1947,4,2095,74,101,2274,16,3388,325,655,4384,105,1296,244,323,1968,8,385,125,174,692,1,1028,54,95,1178,10,3655,314,622,4601,1,921,47,127,1096,199,14656,1355,2445,18655
38,2024,49,54,140,343,586,12,1842,69,73,1996,7,2161,81,139,2388,8,3870,381,761,5020,72,1289,290,369,2020,4,380,120,167,671,1,1171,63,128,1363,15,3793,350,681,4839,1,934,42,139,1116,169,15494,1536,2800,19999
39,2012,8,10,24,2,44,5,204,7,4,220,1,221,16,1,239,6,402,119,34,561,11,224,59,12,306,1,38,7,6,52,1,112,25,11,149,4,187,45,11,247,0,34,2,6,42,37,1432,304,87,1860
39,2013,3,9,20,10,42,2,190,10,1,203,2,201,16,4,223,4,482,109,34,629,10,185,46,18,259,4,22,8,5,39,0,111,13,15,139,6,172,31,27,236,0,46,9,1,56,31,1418,262,115,1826
39,2014,10,14,30,11,65,5,185,3,6,199,1,187,8,7,203,5,434,78,48,565,4,150,35,27,216,2,35,5,8,50,0,157,13,19,189,3,166,23,20,212,0,31,4,4,39,30,1359,199,150,1738
39,2015,2,11,20,11,44,6,202,4,3,215,1,167,11,7,186,4,388,78,67,537,2,120,25,31,178,1,36,7,15,59,3,106,11,17,137,7,152,26,24,209,0,28,1,8,37,26,1210,183,183,1602
39,2016,7,21,20,7,55,2,199,6,9,216,2,188,13,8,211,5,397,60,91,553,11,141,31,31,214,1,38,8,11,58,1,88,18,25,132,7,146,21,42,216,0,26,2,12,40,36,1244,179,236,1695
39,2017,6,16,12,10,44,3,222,1,5,231,0,181,8,10,199,4,462,76,109,651,3,156,23,48,230,1,48,13,22,84,1,86,22,16,125,7,165,29,39,240,1,42,1,14,58,26,1378,185,273,1862
39,2018,13,9,24,24,70,3,215,4,7,229,3,222,16,18,259,4,547,82,73,706,5,161,33,37,236,3,66,14,26,109,0,124,19,21,164,6,193,33,41,273,1,45,1,3,50,38,1582,226,250,2096
39,2019,12,12,15,22,61,2,198,10,6,216,0,253,8,19,280,4,590,66,101,761,7,219,48,33,307,3,60,13,24,100,3,146,10,21,180,3,240,30,50,323,0,45,3,8,56,34,1763,203,284,2284
39,2020,6,12,10,39,67,5,175,8,5,193,0,256,13,12,281,6,756,67,100,929,5,188,35,43,271,2,21,7,32,62,0,157,9,24,190,3,267,29,57,356,0,60,3,10,73,27,1892,181,322,2422
39,2021,17,14,7,47,85,3,235,5,6,249,1,329,9,14,353,8,672,74,124,878,5,196,52,54,307,3,35,21,53,112,0,213,15,21,249,4,314,36,95,449,0,66,7,9,82,41,2074,226,423,2764
39,2022,13,16,8,70,107,0,214,9,11,234,0,390,11,14,415,6,539,68,115,728,8,207,42,46,303,4,35,24,39,102,0,287,21,36,344,5,365,15,77,462,1,76,4,5,86,37,2129,202,413,2781
39,2023,15,24,13,70,122,3,238,6,4,251,1,357,7,13,378,1,534,55,103,693,11,211,42,58,322,3,61,19,43,126,1,297,13,50,361,1,399,31,82,513,0,79,3,9,91,36,2200,189,432,2857
39,2024,18,6,14,62,100,2,278,7,9,296,1,369,9,15,394,2,594,56,122,774,7,189,30,44,270,0,51,22,45,118,3,328,5,38,374,0,427,33,105,565,0,99,3,6,108,33,2341,179,446,2999
40,2012,10,27,41,7,85,2,425,16,1,444,2,446,31,5,484,6,779,234,33,1052,10,405,105,8,528,5,60,29,3,97,2,154,48,14,218,13,429,89,10,541,1,79,10,4,94,51,2804,603,85,3543
40,2013,16,28,40,14,98,6,435,16,4,461,1,397,24,5,427,3,811,232,56,1102,10,368,83,21,482,4,66,27,14,111,2,166,40,12,220,18,477,72,33,600,0,84,9,3,96,60,2832,543,162,3597
40,2014,11,18,30,23,82,9,462,17,8,496,1,438,32,10,481,10,880,213,80,1183,9,370,84,18,481,2,31,26,14,73,1,233,35,12,281,8,426,69,56,559,1,62,9,16,88,52,2920,515,237,3724
40,2015,10,26,26,29,91,8,504,13,17,542,3,357,20,15,395,9,804,178,102,1093,11,293,68,39,411,12,54,20,21,107,1,179,27,18,225,10,464,53,49,576,0,65,8,12,85,64,2746,413,302,3525
40,2016,17,17,34,28,96,6,495,18,22,541,2,362,19,22,405,12,775,191,160,1138,10,286,69,66,431,4,111,39,27,181,1,237,23,24,285,14,440,60,85,599,0,54,12,20,86,66,2777,465,454,3762
40,2017,15,21,40,34,110,8,540,19,10,577,2,407,27,33,469,7,777,168,176,1128,15,265,74,62,416,2,102,36,36,176,2,201,28,24,255,7,513,52,108,680,0,59,4,22,85,58,2885,448,505,3896
40,2018,23,22,31,28,104,7,571,14,12,604,2,498,25,21,546,3,942,159,158,1262,14,310,70,47,441,4,141,49,34,228,2,190,26,31,249,5,640,83,87,815,1,71,8,8,88,61,3385,465,426,4337
40,2019,28,27,29,61,145,12,634,13,18,677,4,655,19,23,701,9,1288,158,175,1630,16,379,88,52,535,5,121,31,59,216,1,235,30,29,295,10,779,69,110,968,1,119,10,21,151,86,4237,447,548,5318
40,2020,9,34,29,68,140,4,520,16,13,553,0,502,13,21,536,11,1413,155,193,1772,14,346,83,66,509,9,88,36,73,206,0,306,23,37,366,4,834,70,107,1015,0,136,6,24,166,51,4179,431,602,5263
40,2021,19,32,28,123,202,4,659,21,15,699,1,678,38,33,750,2,1392,207,229,1830,13,412,107,69,601,7,133,53,109,302,1,380,36,37,454,4,976,86,171,1237,0,144,15,23,182,51,4806,591,809,6257
40,2022,20,40,34,139,233,1,653,25,29,708,1,891,49,41,982,9,1049,168,187,1413,11,405,91,83,590,12,138,53,117,320,0,407,36,61,504,11,1113,100,170,1394,0,185,5,19,209,65,4881,561,846,6353
40,2023,25,22,25,123,195,4,603,27,26,660,2,854,30,39,925,8,1067,152,148,1375,20,413,105,66,604,7,208,31,90,336,1,491,25,61,578,7,1195,94,156,1452,1,203,9,15,228,75,5056,498,724,6353
40,2024,13,29,39,102,183,2,600,39,23,664,3,870,30,52,955,5,1139,157,205,1506,11,432,93,52,588,2,224,37,90,353,1,518,35,58,612,3,1269,117,195,1584,0,199,8,24,231,40,5280,555,801,6676
41,2012,7,10,23,11,51,5,175,10,0,190,0,242,17,3,262,2,490,163,23,678,5,228,123,4,360,4,31,19,0,54,0,117,36,7,160,13,186,82,17,298,0,46,7,3,56,36,1525,480,68,2109
41,2013,5,12,31,9,57,9,224,9,2,244,2,204,22,2,230,6,534,121,27,688,1,197,84,8,290,7,27,15,8,57,1,94,25,15,135,14,232,35,19,300,0,52,6,6,64,45,1576,348,96,2065
41,2014,15,12,32,15,74,2,189,9,6,206,1,216,15,7,239,3,565,116,50,734,3,182,67,22,274,3,36,6,6,51,1,85,22,18,126,5,220,32,19,276,0,30,8,6,44,33,1535,307,149,2024
41,2015,10,9,27,8,54,9,209,18,3,239,1,188,13,9,211,4,614,109,82,809,1,162,56,25,244,11,30,11,8,60,2,78,18,17,115,6,245,40,29,320,1,36,6,5,48,45,1571,298,186,2100
41,2016,12,13,27,12,64,8,219,8,8,243,3,189,15,12,219,4,602,100,87,793,3,157,54,49,263,5,52,10,6,73,1,73,18,18,110,14,231,45,54,344,0,27,6,9,42,50,1563,283,255,2151
41,2017,10,15,14,19,58,9,219,6,11,245,2,188,13,13,216,2,615,86,88,791,7,135,51,69,262,4,63,11,18,96,2,76,26,17,121,5,225,63,66,359,1,44,4,14,63,42,1580,274,315,2211
41,2018,14,14,25,15,68,2,224,11,12,249,3,241,8,8,260,7,721,91,90,909,3,133,45,58,239,5,60,13,18,96,1,79,12,14,106,9,291,44,62,406,0,42,8,10,60,44,1805,257,287,2393
41,2019,34,9,19,20,82,2,222,14,13,251,1,244,18,16,279,2,774,115,97,988,6,176,57,75,314,13,84,11,21,129,2,143,17,17,179,9,369,55,57,490,1,61,0,19,81,70,2082,306,335,2793
41,2020,24,13,15,23,75,3,214,16,3,236,1,249,15,20,285,6,922,95,104,1127,2,170,53,68,293,5,91,7,26,129,1,125,19,18,163,11,385,40,98,534,1,94,3,9,107,54,2263,263,369,2949
41,2021,23,15,19,47,104,3,294,20,11,328,0,314,23,16,353,8,810,120,164,1102,5,197,50,89,341,11,102,26,37,176,1,194,17,30,242,8,439,55,81,583,0,104,8,15,127,59,2469,338,490,3356
41,2022,33,19,23,63,138,5,298,20,13,336,3,441,18,16,478,3,740,89,152,984,6,199,68,83,356,6,101,15,53,175,0,254,22,25,301,7,512,65,94,678,0,114,4,21,139,63,2678,324,520,3585
41,2023,19,19,23,52,113,2,273,17,12,304,0,370,15,15,400,5,722,87,141,955,11,225,56,77,369,6,85,13,39,143,1,334,13,33,381,9,609,57,101,776,0,102,2,14,118,53,2739,283,484,3559
41,2024,18,10,19,53,100,1,261,14,16,292,0,411,20,24,455,3,775,79,137,994,7,208,50,82,347,4,69,14,45,132,2,378,13,52,445,6,556,59,118,739,1,123,2,15,141,42,2791,270,542,3645
42,2012,20,39,106,39,204,18,628,22,7,675,3,619,49,14,685,5,1009,348,111,1473,21,605,229,38,893,14,122,73,35,244,2,247,73,33,355,24,613,154,51,842,2,127,22,12,163,109,4009,1076,340,5534
42,2013,21,17,115,53,206,7,619,27,13,666,4,541,49,17,611,4,1143,318,173,1638,20,654,165,69,908,14,113,70,43,240,7,244,49,41,341,13,584,124,74,795,3,111,18,10,142,93,4026,935,493,5547
42,2014,16,30,101,53,200,8,626,29,16,679,0,533,30,24,587,12,1185,263,227,1687,12,664,129,98,903,8,102,48,46,204,1,279,41,46,367,13,689,125,103,930,2,97,11,24,134,72,4205,777,637,5691
42,2015,24,28,76,59,187,13,654,28,19,714,1,447,27,32,507,11,1132,230,274,1647,16,497,118,107,738,8,115,55,61,239,1,212,42,55,310,17,599,99,145,860,1,102,16,21,140,92,3786,691,773,5342
42,2016,22,21,62,65,170,7,675,26,26,734,1,417,36,50,504,3,1203,208,324,1738,22,486,97,171,776,4,128,51,74,257,2,214,33,52,301,13,557,127,166,863,1,96,11,30,138,75,3797,651,958,5481
42,2017,20,24,65,88,197,8,740,25,34,807,1,481,37,37,556,8,1291,175,359,1833,22,482,72,188,764,6,153,53,95,307,17,228,36,64,345,11,672,107,190,980,0,112,15,40,167,93,4183,585,1095,5956
42,2018,40,37,74,67,218,6,757,32,23,818,0,550,35,41,626,7,1754,165,325,2251,27,577,83,157,844,4,176,42,92,314,1,228,24,55,308,2,828,125,185,1140,3,162,9,40,214,90,5069,589,985,6733
42,2019,30,36,51,117,234,11,854,31,28,924,0,708,22,46,776,5,2146,158,355,2664,17,749,103,150,1019,8,249,48,127,432,7,349,33,74,463,7,1044,130,295,1476,0,202,7,37,246,85,6337,583,1229,8234
42,2020,21,27,56,143,247,15,809,37,28,889,1,666,19,41,727,9,2663,170,363,3205,21,752,132,189,1094,8,277,45,182,512,14,386,23,85,508,8,1134,110,248,1500,0,196,7,47,250,97,6910,599,1326,8932
42,2021,42,47,84,200,373,6,933,43,30,1012,0,905,34,66,1005,11,2417,214,484,3126,34,828,126,246,1234,14,279,51,230,574,0,507,34,87,628,2,1340,144,368,1854,1,285,21,48,355,110,7541,751,1759,10161
42,2022,33,51,73,196,353,9,1037,49,49,1144,0,1007,40,76,1123,7,1938,168,441,2554,32,772,118,230,1152,18,278,77,275,648,0,636,44,102,782,6,1569,137,324,2036,1,295,8,59,363,106,7583,714,1752,10155
42,2023,25,34,52,225,336,11,917,32,40,1000,1,1035,28,72,1136,11,2010,149,407,2577,35,706,99,166,1006,19,194,45,209,467,1,588,27,88,704,9,1684,131,326,2150,0,341,18,61,420,112,7509,581,1594,9796
42,2024,34,39,98,213,384,10,958,30,45,1043,1,1064,40,81,1186,13,2189,183,520,2905,32,789,110,210,1141,12,169,56,217,454,0,614,41,105,760,9,1858,130,331,2328,1,378,8,56,443,112,8058,696,1778,10644
43,2012,11,6,32,9,58,3,159,10,1,173,1,158,13,3,175,7,299,84,20,410,3,187,29,6,225,3,22,18,3,46,1,50,32,7,90,9,125,35,13,182,0,35,4,1,40,38,1041,257,63,1399
43,2013,17,7,30,8,62,3,171,6,2,182,0,164,8,3,175,3,298,83,25,409,2,182,44,11,239,1,25,8,4,38,1,90,23,12,126,12,140,24,13,189,0,47,1,3,51,39,1124,227,81,1471
43,2014,10,6,23,10,49,4,196,3,1,204,22,159,8,3,192,2,302,70,33,407,1,154,30,16,201,1,23,5,2,31,1,93,18,11,123,6,143,19,13,181,0,23,1,5,29,47,1099,177,94,1417
43,2015,23,6,21,8,58,2,208,5,2,217,1,130,6,4,141,5,283,48,54,390,2,146,21,19,188,0,29,11,5,45,0,86,13,14,113,7,123,25,26,181,0,34,1,6,41,40,1045,151,138,1374
43,2016,11,3,19,16,49,4,175,9,3,191,1,98,5,15,119,3,298,51,69,421,1,84,23,28,136,1,22,10,9,42,1,60,15,14,90,6,141,34,26,207,0,34,2,5,41,28,915,168,185,1296
43,2017,4,5,20,16,45,6,213,3,7,229,0,125,9,9,143,1,335,41,66,443,1,80,37,25,143,3,42,7,16,68,1,69,14,17,101,12,145,39,37,233,0,33,4,9,46,28,1047,174,202,1451
43,2018,5,6,21,18,50,1,165,5,6,177,0,160,10,13,183,3,357,56,57,473,6,127,23,23,179,1,41,13,25,80,0,89,9,19,117,10,191,25,27,253,0,37,2,10,49,26,1173,164,198,1561
43,2019,15,9,17,16,57,6,225,3,3,237,2,205,12,13,232,1,343,61,68,473,3,149,29,24,205,1,55,12,26,94,1,110,9,20,140,13,208,30,46,297,0,49,1,9,59,42,1353,174,225,1794
43,2020,12,11,9,22,54,4,224,38,8,274,0,180,1,7,188,2,405,75,76,558,0,144,27,31,202,4,49,6,34,93,1,123,20,29,173,5,245,34,49,333,0,44,4,5,53,28,1425,214,261,1928
43,2021,17,7,17,44,85,4,221,45,3,273,3,222,11,12,248,3,461,59,96,619,1,137,53,35,226,1,51,13,53,118,0,214,31,44,289,11,257,38,80,386,0,58,3,4,65,40,1628,270,371,2309
43,2022,12,8,15,53,88,4,237,10,8,259,0,279,17,8,304,8,434,81,62,585,3,186,46,40,275,1,38,21,68,128,0,289,18,52,359,7,338,38,78,461,0,64,1,13,78,35,1873,247,382,2537
43,2023,2,10,22,44,78,2,249,12,8,271,0,288,10,18,316,2,438,47,104,591,3,140,31,39,213,5,40,13,62,120,1,256,18,37,312,2,369,40,61,472,0,81,4,14,99,17,1871,197,387,2472
43,2024,4,9,15,49,77,2,267,22,10,301,4,303,10,13,330,2,444,54,100,600,4,160,40,22,226,1,44,9,56,110,0,246,29,56,331,13,386,48,91,538,1,88,2,7,98,31,1947,229,404,2611
44,2012,270,283,585,236,1374,89,4929,276,46,5340,27,5480,530,66,6103,46,8919,3391,685,13041,328,4878,1802,239,7247,102,752,434,98,1386,19,1988,502,177,2686,140,5983,1621,450,8194,11,1423,287,128,1849,1032,34635,9428,2125,47220
44,2013,270,277,583,250,1380,89,5143,280,81,5593,32,4888,452,145,5517,60,10526,3118,1138,14842,252,4520,1495,443,6710,85,690,379,146,1300,15,2177,444,301,2937,146,6077,1303,704,8230,9,1493,259,164,1925,958,35791,8313,3372,48434
44,2014,333,308,571,299,1511,98,5425,272,136,5931,23,5085,421,184,5713,59,10502,2751,1546,14858,226,4198,1206,596,6226,64,620,310,197,1191,18,2572,385,289,3264,130,6273,1328,887,8618,9,1360,228,247,1844,960,36343,7472,4381,49156
44,2015,348,293,586,319,1546,85,5503,264,172,6024,35,4157,328,268,4788,57,9915,2374,1850,14196,266,2712,987,730,4695,47,707,342,262,1358,11,1852,406,337,2606,124,5590,1116,1101,7931,16,1158,195,303,1672,989,31887,6598,5342,44816
44,2016,340,244,603,437,1624,92,5669,225,199,6185,27,4218,367,340,4952,53,11710,2130,2332,16225,321,2653,878,1002,4854,62,762,338,297,1459,14,1710,364,384,2472,126,5826,979,1349,8280,13,1227,154,356,1750,1048,34019,6038,6696,47801
44,2017,421,327,647,495,1890,87,5865,270,263,6485,22,4398,317,401,5138,57,13362,2006,2632,18057,371,2516,822,1113,4822,68,936,431,370,1805,12,1766,333,453,2564,121,6407,1038,1581,9147,11,1297,160,369,1837,1170,36874,6024,7677,51745
44,2018,411,317,525,471,1724,71,5982,275,212,6540,18,5079,329,386,5812,46,15963,1706,2451,20166,394,3065,933,1036,5428,58,1237,440,456,2191,21,1876,327,411,2635,120,7378,1146,1623,10267,3,1543,151,380,2077,1142,42440,5832,7426,56840
44,2019,416,413,512,634,1975,73,6814,382,223,7492,24,6528,325,422,7299,55,16865,1809,2705,21434,389,3916,979,1220,6504,74,1404,480,611,2569,27,2384,350,518,3279,125,9525,1196,1844,12690,2,2029,163,402,2596,1185,49878,6196,8579,65838
44,2020,398,366,412,870,2046,59,6491,365,224,7139,12,6014,270,397,6693,60,20072,1667,2800,24599,354,4441,887,1286,6968,79,1641,469,756,2945,13,2919,296,554,3782,126,9941,1111,2101,13279,6,2236,146,481,2869,1107,54121,5623,9469,70320
44,2021,475,449,507,1306,2737,48,8087,397,317,8849,16,8115,351,502,8984,76,22751,2112,3400,28339,521,4817,1169,1585,8092,107,1977,614,1139,3837,16,3942,337,688,4983,129,12232,1390,2507,16258,10,3027,207,519,3763,1398,65397,7084,11963,85842
44,2022,444,444,534,1376,2798,52,8520,412,410,9394,13,9416,411,600,10440,89,15865,1898,3224,21076,535,4833,1183,1515,8066,106,1917,585,1238,3846,8,4756,376,650,5790,118,14307,1430,2731,18586,4,3577,179,560,4320,1369,63635,7008,12304,84316
44,2023,412,415,520,1355,2702,49,7777,443,263,8532,10,9469,343,527,10349,53,15717,1489,3117,20376,525,4759,896,1284,7464,96,1754,470,938,3258,14,5732,282,626,6654,124,14997,1231,2524,18876,3,3634,192,503,4332,1286,64254,5866,11137,82543
44,2024,396,413,586,1348,2743,52,7813,384,337,8586,28,9785,373,626,10812,55,18057,1671,3530,23313,375,4616,930,1298,7219,56,1594,431,870,2951,16,6540,312,752,7620,115,15258,1412,2672,19457,7,3916,189,554,4666,1100,67992,6288,11987,87367
45,2012,22,37,48,13,120,6,368,35,5,414,3,518,59,5,585,5,951,355,37,1348,25,457,206,21,709,4,75,37,11,127,3,163,49,9,224,12,532,157,32,733,0,135,29,10,174,80,3236,975,143,4434
45,2013,22,22,54,16,114,9,452,37,8,506,4,472,46,10,532,1,1140,301,85,1527,19,420,169,31,639,8,68,25,14,115,1,186,41,16,244,25,549,129,67,770,1,113,28,20,162,90,3422,830,267,4609
45,2014,25,24,51,24,124,6,422,22,11,461,14,504,29,21,568,6,1091,237,143,1477,16,437,162,45,660,3,64,36,11,114,0,191,29,19,239,20,615,100,68,803,0,122,16,24,162,90,3470,682,366,4608
45,2015,21,23,40,41,125,11,422,26,16,475,5,431,37,37,510,6,1087,239,201,1533,42,326,116,84,568,4,41,35,18,98,0,150,33,24,207,22,571,80,117,790,1,89,18,26,134,112,3140,624,564,4440
45,2016,21,20,45,34,120,6,413,22,17,458,5,410,35,49,499,14,1210,236,258,1718,25,301,106,138,570,7,27,31,30,95,1,143,28,30,202,19,528,88,139,774,2,107,15,40,164,100,3159,606,735,4600
45,2017,37,22,33,35,127,13,469,20,27,529,1,420,33,43,497,7,1273,167,235,1682,34,310,103,156,603,8,20,21,20,69,0,127,19,33,179,17,585,104,175,881,0,124,17,41,182,117,3350,517,765,4749
45,2018,34,38,36,41,149,6,499,22,27,554,2,492,37,43,574,8,1844,175,256,2283,37,367,92,137,633,6,35,23,44,108,2,152,18,33,205,16,744,98,148,1006,2,129,18,38,187,113,4300,519,767,5699
45,2019,38,29,22,41,130,7,551,20,27,605,2,602,30,44,678,10,1844,174,322,2350,38,413,95,165,711,10,31,29,38,108,2,233,18,37,290,8,970,91,184,1253,0,197,11,36,244,115,4870,490,894,6369
45,2020,31,43,29,59,162,4,502,29,28,563,1,587,34,49,671,10,2196,165,308,2679,35,417,91,168,711,9,25,43,47,124,0,225,18,44,287,9,982,78,179,1248,1,219,12,46,278,100,5196,499,928,6723
45,2021,40,36,56,108,240,10,625,29,27,691,3,775,26,58,862,7,2585,190,376,3158,42,420,118,210,790,6,31,46,82,165,0,318,20,43,381,10,1153,111,216,1490,0,278,14,54,346,118,6221,610,1174,8123
45,2022,41,42,32,102,217,5,691,34,40,770,2,907,40,56,1005,13,1900,162,355,2430,52,473,91,219,835,11,27,59,95,192,4,474,28,59,565,12,1519,118,248,1897,0,282,17,66,365,140,6315,581,1240,8276
45,2023,46,32,33,121,232,3,675,30,32,740,0,851,33,55,939,6,1820,134,361,2321,38,519,107,153,817,5,180,41,64,290,2,589,23,50,664,14,1532,94,255,1895,1,363,13,62,439,115,6561,508,1153,8337
45,2024,47,32,41,126,246,4,684,31,34,753,1,959,32,65,1057,5,2344,137,383,2869,19,470,78,193,760,1,152,29,70,252,2,669,28,71,770,6,1611,102,288,2007,1,397,15,57,470,86,7318,493,1287,9184
46,2012,3,4,11,4,22,1,147,3,1,152,0,186,5,3,194,1,321,73,18,413,1,176,31,10,218,3,33,12,3,51,0,87,13,6,106,5,178,19,10,212,0,27,6,1,34,14,1159,173,56,1402
46,2013,5,9,8,6,28,1,131,0,2,134,0,153,5,2,160,2,338,53,40,433,2,182,15,12,211,2,28,4,2,36,0,81,10,11,102,7,159,18,12,196,1,32,4,1,38,20,1113,117,88,1338
46,2014,6,8,11,5,30,3,163,5,5,176,1,159,8,6,174,5,308,67,38,418,3,187,19,13,222,1,20,2,4,27,2,98,10,19,129,2,181,13,19,215,1,37,1,3,42,24,1161,136,112,1433
46,2015,9,7,12,3,31,6,169,2,1,178,2,144,8,8,162,2,262,61,64,389,1,122,23,17,163,2,20,1,3,26,2,81,5,12,100,5,163,11,16,195,1,34,3,3,41,30,1002,126,127,1285
46,2016,2,3,14,6,25,1,159,2,4,166,1,153,9,9,172,2,320,61,68,451,2,134,20,17,173,1,17,3,6,27,0,68,9,11,88,4,177,11,27,219,0,17,1,6,24,13,1048,130,154,1345
46,2017,1,5,8,7,21,2,175,1,3,181,0,135,10,4,149,3,335,44,68,450,1,101,23,16,141,1,29,4,3,37,0,85,8,20,113,5,167,16,26,214,3,13,4,7,27,16,1045,118,154,1333
46,2018,5,4,7,6,22,2,176,4,0,182,0,200,14,7,221,2,388,37,56,483,3,116,22,17,158,2,23,2,4,31,1,104,11,17,133,3,203,27,32,265,0,42,1,5,48,18,1256,125,144,1543
46,2019,8,7,10,13,38,8,177,3,3,191,1,210,7,10,228,0,412,51,52,515,1,132,23,21,177,0,24,2,12,38,1,127,16,22,166,2,255,16,23,296,0,47,1,10,58,21,1391,129,166,1707
46,2020,7,6,6,11,30,2,167,4,2,175,1,188,9,3,201,3,399,52,61,515,5,160,30,32,227,1,26,6,19,52,3,132,13,25,173,5,325,12,42,384,0,43,1,10,54,27,1446,133,205,1811
46,2021,8,9,8,20,45,2,204,5,3,214,0,252,6,7,265,3,429,61,67,560,1,159,44,29,233,3,40,15,18,76,2,172,15,47,236,2,353,28,44,427,0,45,2,12,59,21,1663,184,247,2115
46,2022,5,10,3,20,38,1,191,6,7,205,0,274,11,15,300,0,403,51,92,546,1,164,24,21,210,1,41,5,19,66,3,199,13,31,246,1,354,13,66,434,1,62,1,8,72,13,1698,127,279,2117
46,2023,5,8,2,21,36,2,157,9,7,175,0,285,6,16,307,2,347,49,68,466,2,130,25,17,174,1,48,9,15,73,0,214,7,25,246,4,396,15,47,462,1,52,3,5,61,17,1637,125,221,2000
46,2024,5,8,4,21,38,0,179,19,8,206,0,270,6,9,285,2,402,42,63,509,1,150,22,19,192,2,52,6,15,75,0,230,11,32,273,2,416,30,50,498,0,72,2,10,84,12,1779,142,227,2160
47,2012,11,16,42,9,78,2,215,7,1,225,4,306,36,2,348,7,526,197,35,765,11,275,74,6,366,4,38,21,1,64,6,120,29,35,190,9,293,59,14,375,0,42,9,1,52,54,1831,474,104,2463
47,2013,8,15,39,20,82,10,262,7,1,280,1,251,20,10,282,6,598,151,55,810,6,323,65,15,409,4,31,18,2,55,0,160,19,27,206,10,261,43,32,346,0,48,8,4,60,45,1949,370,166,2530
47,2014,9,15,36,18,78,9,252,7,5,273,1,248,17,10,276,7,559,169,66,801,6,254,53,26,339,3,27,12,9,51,3,160,20,16,199,8,272,45,31,356,1,35,5,7,48,47,1822,364,188,2421
47,2015,13,13,26,18,70,10,313,16,5,344,1,180,17,13,211,3,531,128,95,757,5,193,44,29,271,2,44,6,9,61,3,107,19,29,158,9,282,40,31,362,0,33,4,8,45,46,1696,300,237,2279
47,2016,15,8,42,17,82,7,296,11,6,320,0,210,15,11,236,4,594,100,135,833,4,194,46,38,282,3,38,10,11,62,0,95,21,20,136,9,293,37,39,378,0,41,4,12,57,42,1769,286,289,2386
47,2017,36,10,46,24,116,7,265,11,7,290,1,224,14,20,259,4,663,83,134,884,4,194,31,53,282,4,49,5,10,68,0,112,24,24,160,13,315,34,62,424,3,41,5,11,60,72,1873,253,345,2543
47,2018,15,11,45,30,101,6,284,19,12,321,0,270,12,25,307,6,703,87,111,907,6,203,47,38,294,3,57,11,15,86,0,126,16,35,177,9,383,41,70,503,1,53,1,4,59,46,2090,279,340,2755
47,2019,49,14,44,57,164,4,287,8,7,306,1,369,17,18,405,5,766,79,131,981,7,243,46,55,351,2,98,25,32,157,3,181,18,38,240,10,462,41,82,595,0,57,2,17,76,81,2477,280,437,3275
47,2020,7,20,19,68,114,5,301,12,9,327,1,290,10,17,318,9,1025,74,123,1231,4,255,27,50,336,4,76,16,37,133,1,168,16,23,208,4,492,41,85,622,0,77,3,21,101,35,2704,218,433,3390
47,2021,17,16,21,101,155,5,361,13,18,397,0,393,8,22,423,5,965,99,176,1245,3,297,62,68,430,4,88,28,58,178,1,248,13,51,313,11,611,50,115,787,0,97,5,14,116,46,3076,299,623,4044
47,2022,18,11,24,81,134,3,347,16,19,385,1,511,18,18,548,11,749,83,149,992,4,329,62,67,462,7,109,31,58,205,1,310,15,48,374,6,749,53,112,920,0,142,2,15,159,51,3257,304,567,4179
47,2023,16,19,15,73,123,5,346,19,13,383,0,472,12,26,510,6,768,83,156,1013,5,291,50,73,419,5,117,16,40,178,0,349,15,47,411,10,723,61,97,891,0,114,1,17,132,47,3199,272,542,4060
47,2024,17,9,20,68,114,3,349,17,14,383,1,497,18,26,542,1,847,84,151,1083,8,242,47,55,352,3,95,20,57,175,0,378,14,64,456,9,708,52,118,887,0,138,5,16,159,42,3263,277,569,4151
48,2012,2,0,3,1,6,3,58,2,0,63,0,84,2,0,86,0,97,42,7,146,1,63,15,3,82,1,9,1,2,13,0,26,11,2,39,3,48,7,3,61,0,7,0,1,8,10,392,83,19,504
48,2013,1,0,5,2,8,1,51,0,0,52,0,51,1,2,54,4,105,31,15,155,1,44,6,4,55,0,6,1,1,8,0,30,4,5,39,3,48,11,2,64,0,9,1,1,11,10,344,60,32,446
48,2014,3,0,3,2,8,4,74,2,0,80,2,63,2,3,70,2,110,27,10,149,1,54,6,5,66,0,8,2,1,11,1,38,9,8,56,8,51,3,7,69,0,7,2,4,13,21,405,56,40,522
48,2015,7,2,6,1,16,2,68,1,2,73,0,45,4,3,52,3,96,32,29,160,0,36,5,4,45,1,7,2,1,11,1,31,9,4,45,11,31,3,3,48,0,8,1,1,10,25,324,63,48,460
48,2016,2,1,7,4,14,0,63,1,0,64,0,44,1,4,49,2,72,21,18,113,0,44,5,4,53,1,14,1,1,17,1,29,1,3,34,3,43,5,9,60,0,6,1,2,9,9,316,43,45,413
48,2017,0,3,3,1,7,5,74,0,2,81,0,48,0,2,50,3,106,20,39,168,0,37,3,6,46,1,9,1,1,12,0,34,3,19,56,3,40,7,8,58,0,8,0,0,8,12,359,37,78,486
48,2018,1,0,2,2,5,5,62,2,3,72,0,51,0,4,55,1,123,22,27,173,1,30,7,6,44,0,7,2,0,9,0,25,6,12,43,5,65,5,5,80,0,11,1,1,13,13,374,47,60,494
48,2019,2,1,1,1,5,2,63,3,2,70,1,69,2,2,74,5,102,22,14,143,0,41,6,1,48,1,15,1,3,20,0,37,5,17,59,2,67,6,9,84,0,14,2,0,16,13,409,48,49,519
48,2020,0,0,2,6,8,2,61,3,2,68,0,53,1,3,57,2,118,26,32,178,1,49,6,6,62,0,14,3,1,18,0,46,2,20,68,1,75,16,8,100,1,15,1,3,20,7,431,60,81,579
48,2021,4,1,1,14,20,1,96,4,0,101,1,86,2,2,91,2,109,26,49,186,0,47,4,10,61,2,13,5,11,31,0,97,4,47,148,2,94,5,11,112,0,21,1,5,27,12,564,52,149,777
48,2022,1,5,0,8,14,0,76,4,2,82,1,83,1,2,87,1,123,21,20,165,0,44,7,9,60,1,12,3,5,21,1,81,9,32,123,3,106,10,26,145,0,19,3,2,24,8,549,58,106,721
48,2023,3,1,3,12,19,5,75,6,2,88,1,110,5,4,120,1,104,19,19,143,0,54,8,4,66,0,16,4,3,23,2,90,7,30,129,3,131,5,18,157,0,26,1,1,28,15,607,58,93,773
48,2024,0,1,3,6,10,0,85,1,3,89,0,92,5,5,102,1,104,18,36,159,1,53,16,6,76,2,14,3,3,22,1,80,4,39,124,1,139,5,19,164,0,27,1,3,31,6,595,56,120,777
49,2012,19,30,109,19,177,12,551,20,2,585,3,532,57,4,596,11,954,367,42,1374,21,436,177,15,649,16,118,56,8,198,1,284,73,21,379,19,619,187,51,876,0,130,30,3,163,102,3654,1076,165,4997
49,2013,32,47,97,21,197,9,629,23,10,671,5,481,33,4,523,10,1115,316,61,1502,20,426,150,20,616,9,85,41,11,146,3,246,51,22,322,18,628,175,49,870,2,129,23,10,164,108,3786,909,208,5011
49,2014,48,29,86,27,190,10,673,30,3,716,5,513,49,10,577,8,1069,279,104,1460,22,414,146,27,609,8,109,38,15,170,0,252,58,21,331,23,679,155,68,925,2,133,28,15,178,126,3871,869,290,5156
49,2015,59,34,113,42,248,11,715,29,10,765,3,499,39,20,561,6,1129,265,122,1522,19,311,110,43,483,13,142,27,19,201,2,228,46,23,299,13,604,132,90,839,2,114,14,19,149,128,3776,775,388,5067
49,2016,40,21,117,39,217,8,638,29,16,691,4,486,45,16,551,7,1124,270,152,1553,13,277,108,71,469,9,146,37,25,217,4,209,49,41,303,10,587,140,108,845,0,105,22,37,164,95,3593,817,505,5010
49,2017,40,37,112,46,235,48,705,40,23,816,5,464,43,32,544,9,1301,211,149,1670,10,297,127,77,511,15,173,39,32,259,0,193,45,35,273,18,608,156,145,927,1,150,14,37,202,146,3928,787,576,5437
49,2018,56,34,104,34,228,12,694,40,11,757,3,599,43,26,671,4,1717,220,142,2083,10,310,133,66,519,16,138,44,44,242,2,268,49,36,355,24,830,196,169,1219,0,135,19,39,193,127,4725,848,567,6267
49,2019,59,40,87,84,270,11,840,47,26,924,3,745,41,37,826,6,1861,257,178,2302,54,395,129,86,664,13,168,53,69,303,2,332,40,43,417,11,1017,236,161,1425,2,196,18,29,245,161,5594,908,713,7376
49,2020,41,36,71,97,245,8,672,45,17,742,5,708,30,32,775,6,2214,178,199,2597,22,392,127,93,634,8,206,56,79,349,1,419,43,54,517,17,1052,225,173,1467,0,227,17,38,282,108,5926,792,782,7608
49,2021,60,40,93,127,320,11,877,60,33,981,7,918,43,43,1011,5,2588,261,236,3090,31,425,182,121,759,12,249,88,151,500,1,536,55,51,643,12,1283,227,276,1798,0,304,20,54,378,139,7220,1029,1092,9480
49,2022,89,38,97,160,384,7,933,51,27,1018,5,1201,64,49,1319,9,1746,220,216,2191,34,476,192,126,828,9,233,118,154,514,1,572,58,63,694,9,1550,267,293,2119,1,374,29,44,448,164,7123,1096,1132,9515
49,2023,70,34,115,191,410,5,819,55,26,905,2,1051,42,38,1133,4,1717,231,265,2217,53,433,142,111,739,7,209,61,125,402,0,647,39,79,765,18,1612,208,280,2118,1,375,30,51,457,160,6897,923,1166,9146
49,2024,55,41,113,188,397,3,914,40,24,981,2,1082,55,60,1199,7,1954,198,273,2432,18,457,135,115,725,5,221,50,139,415,1,817,42,67,927,7,1765,229,301,2302,2,416,21,43,482,100,7667,883,1210,9860
50,2012,16,14,31,5,66,8,250,4,1,263,3,376,18,3,400,6,642,142,24,814,2,234,67,7,310,5,51,18,4,78,1,121,19,4,145,11,305,68,17,401,1,78,3,5,87,53,2071,370,70,2564
50,2013,20,11,36,7,74,12,268,8,0,288,4,308,21,7,340,5,659,136,36,836,5,194,39,12,250,2,32,10,3,47,2,119,21,10,152,11,281,65,20,377,0,70,8,4,82,61,1942,344,99,2446
50,2014,22,12,48,11,93,10,321,13,2,346,2,268,28,3,301,5,641,168,53,867,1,195,47,13,256,1,35,15,6,57,3,138,27,8,176,11,320,73,41,445,2,60,4,4,70,57,1990,423,141,2611
50,2015,19,11,42,15,87,9,318,10,6,343,6,250,17,4,277,5,612,145,52,814,1,129,45,15,190,3,45,12,11,71,1,140,17,22,180,11,263,64,35,373,0,47,7,11,65,55,1815,359,171,2400
50,2016,24,8,60,17,109,5,324,11,3,343,2,273,20,15,310,14,674,152,78,918,5,160,48,14,227,5,36,25,8,74,0,123,28,19,170,9,266,55,43,373,1,49,9,13,72,65,1913,408,210,2596
50,2017,26,15,52,22,115,14,302,11,11,338,4,243,17,17,281,11,738,162,91,1002,4,129,70,25,228,2,38,15,16,71,0,130,18,15,163,12,307,65,39,423,1,51,6,12,70,74,1953,416,248,2691
50,2018,27,15,53,20,115,11,317,10,8,346,2,286,22,11,321,7,896,141,73,1117,6,140,59,20,225,2,42,29,30,103,2,147,23,24,196,10,330,64,49,453,0,58,5,11,74,67,2231,406,246,2950
50,2019,34,21,43,36,134,9,345,8,5,367,1,388,27,13,429,5,994,152,61,1212,7,188,71,17,283,4,48,20,24,96,1,197,25,19,242,13,452,53,56,574,1,93,6,11,111,75,2726,405,242,3448
50,2020,55,25,32,59,171,7,336,7,6,356,2,334,29,9,374,10,1096,139,77,1322,4,198,69,22,293,3,74,21,36,134,0,257,23,20,300,4,450,72,67,593,0,107,9,17,133,85,2877,401,313,3676
50,2021,42,21,47,78,188,9,336,8,9,362,4,460,28,15,507,11,1095,203,125,1434,12,204,101,38,355,5,110,30,62,207,4,299,30,14,347,5,541,89,69,704,2,121,9,12,144,94,3187,545,422,4248
50,2022,50,19,41,88,198,6,401,10,11,428,3,527,35,24,589,7,787,195,122,1111,5,206,100,42,353,4,99,36,65,204,0,345,36,25,406,7,614,97,118,836,0,95,6,18,119,82,3093,556,513,4244
50,2023,57,14,45,85,201,8,375,17,15,415,1,535,35,32,603,6,783,144,113,1046,9,191,77,38,315,3,84,19,53,159,1,399,31,28,459,8,652,83,95,838,0,119,4,24,147,93,3152,455,483,4183
50,2024,41,25,41,92,199,8,381,27,17,433,5,580,22,30,637,6,918,150,123,1197,9,224,61,37,331,4,93,30,48,175,2,546,29,24,601,9,700,103,123,935,0,140,5,18,163,84,3607,468,512,4671
51,2012,47,22,56,24,149,11,318,20,2,351,2,453,46,4,505,8,657,268,52,985,22,360,102,10,494,14,96,23,3,136,3,134,42,10,189,13,463,110,32,618,0,120,23,7,150,120,2623,690,144,3577
51,2013,64,26,53,15,158,10,371,19,4,404,4,391,40,6,441,12,802,229,75,1118,12,387,104,13,516,11,95,31,11,148,2,140,35,13,190,17,449,78,47,591,0,106,13,6,125,132,2767,602,190,3691
51,2014,70,21,52,24,167,6,381,27,6,420,1,406,33,14,454,6,778,226,95,1105,8,350,100,32,490,3,82,22,10,117,0,168,34,19,221,17,457,87,57,618,0,113,7,19,139,111,2756,588,276,3731
51,2015,68,34,47,35,184,5,387,18,9,419,1,322,36,10,369,8,651,223,135,1017,12,197,80,48,337,8,73,17,13,111,3,116,43,21,183,17,404,101,75,597,2,62,10,20,94,124,2246,575,366,3311
51,2016,53,22,52,40,167,6,427,21,8,462,3,293,32,31,359,3,819,225,183,1230,13,226,73,63,375,5,42,26,8,81,1,100,40,29,170,18,432,85,99,634,0,82,10,25,117,102,2443,564,486,3595
51,2017,63,26,57,37,183,6,429,20,9,464,3,359,39,26,427,5,1190,184,227,1606,25,198,60,71,354,7,62,44,23,136,3,126,44,42,215,24,493,77,127,721,0,81,11,23,115,136,2964,536,585,4221
51,2018,78,24,41,28,171,5,473,29,22,529,1,374,39,35,449,6,1502,177,185,1870,24,249,66,60,399,2,112,34,35,183,2,147,24,21,194,17,615,87,123,842,1,116,8,30,155,136,3612,505,539,4792
51,2019,70,40,52,54,216,4,513,25,20,562,2,476,31,29,538,7,1538,159,230,1934,23,329,76,57,485,6,160,40,53,259,0,170,30,49,249,13,788,75,135,1011,0,119,11,41,171,125,4133,499,668,5425
51,2020,68,30,34,67,199,5,471,25,14,515,1,400,29,32,462,2,2025,151,210,2388,20,345,75,84,524,4,182,27,43,256,2,233,35,38,308,10,796,83,141,1030,0,160,7,44,211,112,4642,466,673,5893
51,2021,86,38,60,141,325,6,616,33,29,684,2,627,22,25,676,7,2540,205,314,3066,18,364,93,110,585,12,184,68,82,346,3,267,33,56,359,10,1184,87,164,1445,1,225,8,34,268,145,6045,609,955,7754
51,2022,73,36,33,113,255,3,664,39,45,751,2,731,30,41,804,8,1914,186,293,2401,24,331,97,96,548,11,198,66,83,358,2,356,31,50,439,17,1254,95,209,1575,0,275,12,35,322,140,5759,589,965,7453
51,2023,75,34,38,126,273,3,598,29,18,648,0,692,25,35,752,6,1656,135,321,2118,14,385,63,84,546,9,219,52,72,352,1,437,27,67,532,18,1264,88,180,1550,0,357,11,38,406,126,5642,468,941,7177
51,2024,49,34,47,128,258,1,623,26,35,685,3,714,30,55,802,3,2076,167,348,2594,12,351,83,82,528,8,164,51,55,278,0,492,23,79,594,18,1295,114,247,1674,0,311,7,33,351,94,6060,548,1062,7764
52,2012,114,167,456,113,850,46,2682,127,22,2877,17,2793,279,22,3111,34,4721,1685,218,6658,136,2204,994,69,3403,77,512,272,52,913,37,1334,311,91,1773,94,3346,1095,223,4758,3,759,180,69,1011,558,18518,5399,879,25354
52,2013,189,177,453,155,974,62,2916,161,40,3179,21,2529,221,32,2803,46,5086,1571,384,7087,116,2075,841,115,3147,51,483,252,81,867,23,1177,240,152,1592,137,3239,899,318,4593,6,813,172,91,1082,651,18495,4810,1368,25324
52,2014,223,152,443,173,991,61,3115,149,36,3361,19,2797,227,62,3105,37,5499,1454,529,7519,111,1899,727,162,2899,33,431,203,99,766,10,1418,232,130,1790,181,3529,882,409,5001,6,749,158,126,1039,681,19589,4475,1726,26471
52,2015,265,180,520,217,1182,48,3196,139,60,3443,27,2460,182,99,2768,43,5428,1377,626,7474,120,1479,619,193,2411,36,610,189,134,969,6,1237,233,167,1643,87,3340,769,559,4755,8,703,123,163,997,640,18633,4151,2218,25642
52,2016,236,139,532,270,1177,68,3285,132,91,3576,20,2447,224,136,2827,51,5993,1284,817,8145,149,1353,609,320,2431,48,718,217,172,1155,12,1052,210,192,1466,149,3306,728,666,4849,6,682,126,235,1049,739,18975,4062,2899,26675
52,2017,235,151,516,262,1164,101,3370,153,139,3763,20,2542,197,181,2940,64,7083,1203,1011,9361,151,1305,628,436,2520,52,891,230,220,1393,10,1069,220,222,1521,210,3613,863,873,5559,5,782,107,221,1115,848,20806,4117,3565,29336
52,2018,283,179,445,253,1160,45,3356,167,84,3652,20,3005,194,143,3362,30,8113,1071,835,10049,142,1496,657,356,2651,65,996,296,268,1625,18,1231,230,202,1681,169,4249,945,916,6279,1,854,113,228,1196,773,23479,4118,3285,31655
52,2019,293,203,412,397,1305,50,3907,237,109,4303,17,3995,214,169,4395,47,8530,1162,1017,10756,210,1890,712,425,3237,47,1256,316,375,1994,19,1637,263,264,2183,99,5495,1117,1043,7754,5,1198,111,241,1555,787,28111,4544,4040,37482
52,2020,255,200,353,477,1285,35,3516,194,104,3849,13,3608,148,178,3947,61,10162,1046,1067,12336,160,1988,667,509,3324,50,1367,299,501,2217,3,1968,212,269,2452,308,5659,1013,1152,8132,2,1346,115,282,1745,887,29814,4047,4539,39287
52,2021,302,231,427,682,1642,44,4061,225,161,4491,19,4790,219,225,5253,54,11659,1348,1295,14356,272,2186,941,610,4009,60,1548,384,808,2800,13,2650,273,323,3259,162,6778,1252,1566,9758,9,1768,134,346,2257,935,35671,5203,6016,47825
52,2022,324,232,469,751,1776,26,4403,233,187,4849,14,5939,303,284,6540,79,7843,1237,1194,10353,256,2198,952,665,4071,48,1326,446,897,2717,1,2938,302,354,3595,509,8053,1355,1656,11573,4,2088,150,324,2566,1261,35020,5447,6312,48040
52,2023,279,243,567,930,2019,57,4254,260,137,4708,10,5556,221,243,6030,48,8061,1053,1272,10434,292,2018,764,486,3560,45,1043,308,616,2012,8,3475,215,414,4112,215,8190,1078,1453,10936,2,2008,158,314,2482,956,34848,4624,5865,46293
52,2024,285,232,571,874,1962,28,4237,221,138,4624,18,5702,282,280,6282,53,9021,1128,1472,11674,172,2177,728,546,3623,38,969,273,648,1928,8,3910,247,414,4579,95,8556,1138,1547,11336,5,2252,134,319,2710,702,37056,4722,6238,48718
53,2012,175,98,432,70,775,43,2800,134,19,2996,17,2648,213,16,2894,45,4124,1562,207,5938,135,2056,775,56,3022,63,417,225,27,732,13,1213,252,85,1563,90,2857,959,171,4077,7,695,141,60,903,588,16908,4693,711,22900
53,2013,255,106,503,110,974,69,3008,110,32,3219,14,2490,197,31,2732,56,4494,1412,296,6258,91,1933,604,103,2731,42,355,178,64,639,10,1195,241,91,1537,115,2880,788,242,4025,8,709,123,79,919,660,17170,4156,1048,23034
53,2014,335,116,439,151,1041,65,3192,121,29,3407,11,2587,215,60,2873,48,4511,1363,397,6319,127,1924,612,140,2803,32,350,156,61,599,12,1243,220,109,1584,189,3071,699,376,4335,7,694,102,116,919,826,17688,3927,1439,23880
53,2015,380,139,516,193,1228,57,3211,128,57,3453,22,2321,201,67,2611,50,4494,1322,525,6391,141,1515,501,177,2334,26,427,154,81,688,7,995,241,143,1386,105,2919,679,440,4143,4,659,82,139,884,792,16680,3824,1822,23118
53,2016,365,125,524,184,1198,43,3231,133,69,3476,26,2246,180,86,2538,41,4864,1266,691,6862,172,1438,512,235,2357,44,522,170,80,816,5,996,259,155,1415,141,2865,653,570,4229,4,659,90,187,940,841,16946,3787,2257,23831
53,2017,407,100,509,204,1220,51,3339,133,95,3618,14,2368,205,142,2729,76,5400,1181,765,7422,183,1379,513,285,2360,56,642,226,109,1033,12,1033,221,151,1417,206,3203,731,668,4808,5,669,87,210,971,1010,18133,3806,2629,25578
53,2018,386,141,469,233,1229,54,3399,133,67,3653,18,2904,176,122,3220,50,6817,1014,646,8527,220,1437,644,268,2569,41,693,228,156,1118,17,1158,199,176,1550,178,3823,809,707,5517,5,878,101,203,1187,969,21250,3773,2578,28570
53,2019,420,169,467,319,1375,44,3726,191,81,4042,13,3582,219,140,3954,58,6950,1143,717,8868,233,1744,702,310,2989,45,933,258,227,1463,3,1587,262,239,2091,135,4538,949,850,6472,5,1109,70,217,1401,956,24338,4261,3100,32655
53,2020,415,168,318,491,1392,51,3357,162,86,3656,11,3120,179,123,3433,58,7929,1132,817,9936,188,1658,677,348,2871,53,1061,290,328,1732,14,1781,238,237,2270,336,4667,865,997,6865,4,1082,76,239,1401,1130,24823,3937,3666,33556
53,2021,459,221,414,740,1834,41,3902,205,138,4286,14,4451,239,168,4872,94,8977,1407,1004,11482,292,1960,958,473,3683,63,1072,431,486,2052,4,2244,294,288,2830,193,5850,1030,1272,8345,9,1486,87,263,1845,1169,30163,5065,4832,41229
53,2022,437,212,392,759,1800,31,4202,217,152,4602,8,5175,270,226,5679,79,6748,1396,950,9173,300,2022,983,517,3822,80,1023,493,624,2220,7,2690,309,307,3313,548,6619,1155,1374,9696,0,1644,125,261,2030,1490,30335,5340,5170,42335
53,2023,454,208,413,944,2019,31,4016,171,113,4331,10,5067,224,181,5482,63,6647,1190,963,8863,287,1973,763,448,3471,66,950,371,445,1832,12,3193,249,356,3810,258,7133,882,1217,9490,9,1921,90,255,2275,1190,31108,4353,4922,41573
53,2024,445,242,444,992,2123,46,4085,195,111,4437,15,5149,261,252,5677,76,7639,1279,1084,10078,227,2170,799,500,3696,61,890,336,524,1811,11,4048,261,352,4672,143,7346,1030,1370,9889,3,2016,111,242,2372,1027,33585,4716,5427,44755
54,2012,13,28,49,21,111,10,506,29,7,552,5,508,33,7,553,5,893,297,54,1249,18,600,170,17,805,7,36,29,9,81,2,173,36,6,217,17,581,119,37,754,1,122,21,17,161,78,3447,783,175,4483
54,2013,12,30,46,27,115,10,501,25,4,540,4,432,32,11,479,3,1019,287,92,1401,7,520,151,43,721,7,35,23,12,77,1,180,38,18,237,9,586,79,46,720,2,161,14,16,193,55,3464,695,269,4483
54,2014,26,34,39,21,120,9,578,13,15,615,3,461,45,18,527,3,1080,263,138,1484,10,550,122,56,738,3,30,26,20,79,0,250,34,17,301,7,581,94,62,744,3,149,10,15,177,64,3713,646,362,4785
54,2015,23,31,51,28,133,10,578,30,18,636,7,448,31,19,505,4,1130,185,147,1466,5,334,91,61,491,4,44,25,30,103,0,302,26,24,352,10,503,85,78,676,0,108,15,23,146,63,3478,539,428,4508
54,2016,13,26,43,25,107,10,543,18,13,584,7,371,33,25,436,3,1271,176,196,1646,9,321,65,75,470,5,47,31,27,110,3,269,33,30,335,12,474,68,87,641,1,136,11,20,168,63,3458,478,498,4497
54,2017,29,24,65,42,160,4,613,31,17,665,6,383,21,43,453,4,1248,155,220,1627,8,256,73,71,408,9,26,53,30,118,1,171,24,39,235,11,591,74,94,770,2,157,15,34,208,74,3469,511,590,4644
54,2018,19,52,43,58,172,9,622,27,19,677,7,427,29,40,503,8,1928,141,204,2281,13,351,63,77,504,4,39,37,36,116,0,184,36,39,259,14,662,118,123,917,1,143,6,23,173,75,4408,500,619,5602
54,2019,24,50,36,50,160,8,763,32,25,828,5,563,21,37,626,4,2142,151,247,2544,12,394,78,95,579,5,37,57,63,162,2,197,32,31,262,9,808,76,133,1026,0,228,9,37,274,69,5182,492,718,6461
54,2020,27,43,23,104,197,5,744,32,17,798,3,606,23,30,662,9,2276,153,288,2726,13,556,96,104,769,7,38,45,67,157,2,270,22,41,335,11,938,80,159,1188,3,229,11,48,291,80,5700,485,858,7123
54,2021,41,44,36,133,254,3,958,34,21,1016,2,878,27,55,962,5,2245,183,308,2741,24,498,99,148,769,9,122,63,118,312,1,339,23,50,413,6,1081,76,178,1341,2,301,18,31,352,93,6466,559,1042,8160
54,2022,26,55,50,168,299,9,1004,49,39,1101,2,851,28,67,948,5,1482,165,318,1970,19,477,96,115,707,13,186,43,164,406,1,394,30,55,480,4,1218,95,243,1560,0,335,12,45,392,79,6002,568,1214,7863
54,2023,35,45,31,146,257,10,857,44,35,946,2,948,33,51,1034,0,1639,133,272,2044,23,521,81,122,747,9,169,53,105,336,3,620,17,47,687,15,1528,89,219,1851,0,376,11,51,438,97,6703,492,1048,8340
54,2024,30,27,47,139,243,6,878,24,32,940,0,966,29,64,1059,5,1763,138,319,2225,21,544,62,122,749,6,171,36,98,311,3,741,26,53,823,10,1595,114,235,1954,2,421,8,63,494,83,7106,484,1125,8798
55,2012,1,7,8,3,19,3,91,4,1,99,0,151,8,2,161,1,257,51,10,319,1,163,32,4,200,3,8,1,1,13,2,81,13,2,98,3,100,14,4,121,0,23,4,0,27,14,881,135,27,1057
55,2013,2,11,8,3,24,3,72,4,2,81,0,117,5,1,123,3,295,41,21,360,0,146,28,10,184,1,9,3,2,15,0,58,9,3,70,5,108,8,8,129,0,16,2,2,20,14,832,108,52,1006
55,2014,1,10,6,3,20,5,83,3,1,92,1,89,7,2,99,1,266,47,27,341,0,111,16,5,132,3,16,5,4,28,0,68,5,6,79,4,105,17,12,138,0,15,1,3,19,15,763,107,63,948
55,2015,4,11,6,2,23,1,96,4,2,103,4,90,4,3,101,0,264,35,34,333,0,83,20,14,117,2,17,1,3,23,1,53,14,8,76,5,66,9,17,97,0,9,1,1,11,17,689,94,84,884
55,2016,1,7,9,7,24,1,83,3,1,88,0,91,2,7,100,2,284,32,40,358,1,85,15,15,116,3,13,2,1,19,0,47,6,5,58,1,90,8,16,115,0,19,1,2,22,9,719,78,94,900
55,2017,4,5,11,6,26,3,91,1,6,101,1,92,8,7,108,3,297,37,36,373,0,60,7,16,83,0,7,3,2,12,0,52,6,8,66,0,70,10,15,95,1,13,1,3,18,12,687,84,99,882
55,2018,4,4,7,9,24,1,93,2,2,98,0,128,4,7,139,1,390,19,44,454,0,88,20,15,123,1,24,2,3,30,0,65,13,11,89,0,104,13,18,135,0,21,2,5,28,7,917,82,114,1120
55,2019,7,8,3,16,34,3,91,4,7,105,0,163,1,4,168,0,354,30,40,424,0,101,19,13,133,1,37,2,7,47,0,50,3,10,63,5,125,11,17,158,0,19,1,2,22,16,948,74,116,1154
55,2020,5,7,1,24,37,1,91,8,5,105,0,123,2,5,130,0,396,26,52,474,0,93,14,20,127,1,29,3,10,43,2,60,6,17,85,1,140,7,17,165,0,18,0,6,24,10,957,67,156,1190
55,2021,4,6,5,20,35,1,123,2,2,128,1,159,8,9,177,2,456,31,73,562,0,103,17,21,141,1,32,3,9,45,1,94,6,12,113,0,162,8,35,205,0,30,4,4,38,10,1165,84,185,1444
55,2022,11,7,5,18,41,3,97,3,8,111,0,171,4,11,186,1,332,30,52,415,0,112,10,30,152,0,33,7,15,55,0,162,12,18,192,2,208,18,40,268,0,50,0,7,57,17,1172,89,199,1477
55,2023,5,9,5,32,51,1,119,17,3,140,0,174,1,8,183,2,330,15,72,419,5,109,13,26,153,2,41,7,15,65,0,206,4,23,233,5,253,14,34,306,0,50,3,3,56,20,1291,79,216,1606
55,2024,4,9,9,21,43,0,139,22,3,164,1,198,1,6,206,0,364,26,47,437,2,101,17,26,146,2,43,7,16,68,0,254,10,30,294,3,254,9,34,300,0,53,2,1,56,12,1415,103,184,1714
56,2012,34,22,66,12,134,13,663,30,6,712,1,654,71,5,731,6,937,340,57,1340,19,517,167,16,719,12,123,48,10,193,1,294,50,21,366,20,631,219,40,910,2,160,26,15,203,108,4001,1017,182,5308
56,2013,40,29,86,17,172,22,708,24,13,767,2,563,46,9,620,11,965,335,85,1396,10,480,133,32,655,5,110,27,19,161,0,310,64,20,394,10,649,166,51,876,1,156,24,14,195,101,3970,905,260,5236
56,2014,63,25,97,30,215,12,757,18,8,795,3,522,37,8,570,13,1044,304,107,1468,14,464,147,48,673,6,110,36,26,178,5,295,68,19,387,18,684,135,80,917,2,133,12,19,166,136,4034,854,345,5369
56,2015,57,30,90,44,221,10,776,27,13,826,4,515,42,15,576,11,924,312,130,1377,15,390,102,59,566,2,133,43,18,196,2,265,53,24,344,19,633,154,104,910,2,121,19,19,161,122,3787,842,426,5177
56,2016,67,32,101,34,234,9,754,29,18,810,7,530,36,21,594,10,1035,278,176,1499,20,334,107,69,530,12,163,35,16,226,1,234,58,39,332,10,644,151,131,936,0,125,13,33,171,136,3851,808,537,5332
56,2017,48,24,92,39,203,11,736,31,24,802,1,558,38,30,627,12,1129,246,190,1577,25,336,117,80,558,12,200,53,25,290,4,256,43,32,335,15,693,160,145,1013,1,135,14,39,189,129,4067,794,604,5594
56,2018,61,29,84,34,208,11,791,35,19,856,3,712,48,31,794,10,1308,231,163,1712,22,350,181,81,634,3,201,44,36,284,4,319,35,52,410,30,880,156,150,1216,0,175,12,40,227,144,4765,826,606,6341
56,2019,86,39,95,61,281,13,845,29,22,909,1,804,61,40,906,17,1360,261,151,1789,19,400,158,105,682,5,270,51,62,388,1,400,57,62,520,22,979,220,169,1390,1,211,9,32,253,165,5308,941,704,7118
56,2020,80,49,55,78,262,18,728,32,12,790,2,684,47,35,768,18,1371,258,199,1846,22,404,158,114,698,7,314,58,86,465,3,435,58,56,552,21,995,183,217,1416,1,200,8,34,243,172,5180,857,831,7040
56,2021,90,50,88,148,376,12,818,45,32,907,2,1002,62,53,1119,20,1546,309,210,2085,40,404,248,131,823,10,246,99,122,477,0,497,59,57,613,16,1298,235,270,1819,1,266,24,44,335,191,6127,1169,1067,8554
56,2022,92,42,75,148,357,8,857,52,35,952,2,1142,54,51,1249,20,1217,308,186,1731,49,469,239,136,893,11,258,111,153,533,4,674,79,62,819,15,1417,253,293,1978,0,305,27,60,392,201,6381,1198,1124,8904
56,2023,95,35,92,202,424,5,839,30,29,903,1,1085,53,41,1180,14,1283,240,220,1757,36,453,177,106,772,15,196,92,97,400,5,694,43,81,823,23,1539,213,248,2023,2,338,17,43,400,196,6462,957,1067,8682
56,2024,103,47,83,212,445,11,836,42,20,909,2,1057,69,52,1180,18,1463,286,250,2017,25,518,210,144,897,9,197,92,107,405,3,904,66,77,1050,20,1595,221,281,2117,0,339,22,46,407,191,6956,1091,1189,9427
57,2012,11,33,45,37,126,12,679,41,4,736,5,825,70,14,914,2,1411,448,138,1999,42,832,279,76,1229,2,55,57,16,130,2,249,66,34,351,18,782,158,61,1019,0,166,18,7,191,94,5032,1182,387,6695
57,2013,18,36,51,28,133,10,670,38,13,731,4,685,61,46,796,4,1663,419,250,2336,34,814,198,119,1165,8,47,44,17,116,3,261,57,47,368,23,736,122,107,988,1,176,11,17,205,105,5088,1001,644,6838
57,2014,26,63,54,39,182,8,764,33,24,829,3,774,53,38,868,8,1500,342,326,2176,29,688,140,154,1011,5,56,32,20,113,2,254,50,54,360,27,745,126,139,1037,2,147,14,29,192,110,4991,844,823,6768
57,2015,31,45,40,30,146,11,726,26,24,787,1,605,47,56,709,5,1527,268,362,2162,34,490,119,174,817,6,42,46,38,132,0,198,54,52,304,9,644,96,165,914,3,133,18,41,195,100,4410,714,942,6166
57,2016,29,39,71,52,191,14,719,27,40,800,4,578,39,58,679,3,1684,209,422,2318,46,429,93,219,787,2,38,40,29,109,1,218,34,63,316,12,613,89,193,907,6,139,8,34,187,117,4457,610,1110,6294
57,2017,45,47,61,60,213,7,765,25,42,839,1,633,36,86,756,4,1825,175,455,2459,37,419,109,215,780,6,26,33,40,105,2,191,30,74,297,11,708,86,199,1004,2,145,7,36,190,115,4759,562,1207,6643
57,2018,40,47,45,42,174,5,761,31,40,837,1,658,39,62,760,4,2281,188,418,2891,54,513,106,202,875,3,35,60,54,152,3,207,30,62,302,11,790,80,191,1072,0,166,10,30,206,121,5458,589,1101,7269
57,2019,38,54,34,66,192,10,857,31,37,935,0,888,31,90,1009,5,2245,190,472,2912,40,614,91,251,996,5,42,49,77,173,14,306,32,62,414,13,1117,77,222,1429,0,224,13,31,268,125,6347,548,1308,8328
57,2020,28,54,32,114,228,6,834,42,30,912,2,836,39,61,938,4,2613,174,462,3253,30,730,81,222,1063,2,125,56,82,265,1,371,30,76,478,7,1228,91,245,1571,1,231,7,46,285,81,7022,552,1338,8993
57,2021,32,64,37,182,315,3,1054,58,42,1157,1,1076,44,81,1202,6,3156,225,576,3963,66,768,102,309,1245,8,200,68,137,413,2,515,29,89,635,10,1471,110,303,1894,1,354,25,51,431,129,8658,698,1770,11255
57,2022,41,70,63,181,355,10,1093,45,54,1202,0,1252,55,99,1406,5,2326,234,568,3133,54,807,129,285,1275,9,221,61,161,452,1,659,31,98,789,19,1699,112,306,2136,0,403,18,64,485,139,8530,748,1816,11233
57,2023,39,50,41,140,270,5,975,45,31,1056,2,1307,48,89,1446,1,2452,160,531,3144,69,833,83,259,1244,23,267,54,134,478,2,892,29,112,1035,9,1971,92,314,2386,1,447,14,42,504,151,9194,566,1652,11563
57,2024,35,58,43,197,333,8,974,48,50,1080,2,1340,52,107,1501,6,2745,195,553,3499,52,772,115,236,1175,3,260,38,106,407,5,995,41,123,1164,9,1947,113,307,2376,1,468,19,56,544,121,9559,664,1735,12079
58,2012,6,7,7,2,22,2,112,2,2,118,2,185,17,1,205,1,290,71,9,371,1,132,25,1,159,2,31,9,0,42,4,61,11,4,80,4,121,18,4,147,0,26,1,2,29,22,965,161,25,1173
58,2013,3,7,9,1,20,6,120,1,2,129,0,139,9,1,149,2,309,61,28,400,0,144,29,8,181,3,22,3,1,29,0,51,3,1,55,2,132,16,6,156,0,26,4,1,31,16,950,135,49,1150
58,2014,6,8,10,8,32,2,107,4,1,114,1,140,7,2,150,4,320,68,35,427,1,110,19,7,137,1,17,8,0,26,0,80,10,6,96,10,139,13,14,176,1,22,2,1,26,26,943,141,74,1184
58,2015,2,7,11,7,27,2,134,5,3,144,1,90,9,4,104,2,303,54,38,397,0,108,17,11,136,3,14,1,2,20,0,53,11,9,73,4,128,13,21,166,0,24,7,7,38,14,861,128,102,1105
58,2016,4,5,4,4,17,5,129,5,4,143,0,121,6,9,136,6,299,61,55,421,0,95,16,17,128,2,10,8,3,23,0,53,7,10,70,6,119,16,22,163,0,21,1,5,27,23,852,124,129,1128
58,2017,4,5,11,7,27,2,125,4,1,132,1,119,5,15,140,2,370,42,54,468,1,77,23,17,118,1,18,8,6,33,1,63,7,8,79,2,132,14,26,174,0,21,3,7,31,14,930,117,141,1202
58,2018,6,6,5,6,23,3,131,5,1,140,2,146,6,6,160,2,359,49,49,459,0,93,19,22,134,4,31,13,8,56,1,70,5,4,80,7,160,16,19,202,0,24,0,7,31,25,1020,118,122,1285
58,2019,6,5,10,8,29,3,101,0,6,110,0,146,4,7,157,5,434,40,51,530,3,119,13,23,158,2,52,8,11,73,0,83,6,16,105,4,182,19,45,250,0,32,1,12,45,23,1154,101,179,1457
58,2020,4,6,4,7,21,3,96,5,5,109,1,151,6,8,166,2,477,40,42,561,1,112,13,20,146,2,52,11,6,71,1,87,4,14,106,2,232,13,33,280,0,34,2,10,46,16,1247,98,145,1506
58,2021,2,6,4,20,32,2,159,2,2,165,1,198,13,11,223,2,482,40,55,579,0,134,30,23,187,3,66,18,17,104,0,136,9,18,163,1,257,12,40,310,1,51,5,6,63,12,1489,133,192,1826
58,2022,4,8,4,25,41,3,140,6,2,151,0,210,14,16,240,4,380,57,80,521,1,129,19,32,181,2,72,16,27,117,1,179,8,22,210,0,288,19,46,353,0,52,1,9,62,15,1458,144,259,1876
58,2023,5,6,8,23,42,2,143,8,5,158,0,220,12,12,244,2,349,38,70,459,2,147,20,26,195,3,58,13,23,97,0,192,4,29,225,3,313,17,51,384,0,63,1,6,70,17,1491,121,245,1874
58,2024,2,8,5,24,39,1,159,10,7,177,1,237,6,14,258,1,425,35,68,529,0,129,14,35,178,0,40,3,20,63,1,232,6,54,293,1,333,14,39,387,1,76,2,12,91,8,1639,95,273,2015
59,2012,120,91,197,67,475,23,1710,102,22,1857,8,1785,210,24,2027,10,3219,1408,265,4902,186,1352,597,104,2239,63,154,150,26,393,1,483,161,55,700,53,2215,741,174,3183,7,585,155,69,816,471,11594,3721,806,16592
59,2013,123,89,165,69,446,26,1946,105,35,2112,7,1653,142,61,1863,18,3477,1221,444,5160,192,1282,454,162,2090,35,173,157,49,414,2,560,157,81,800,42,2078,579,271,2970,1,571,136,68,776,446,11829,3116,1240,16631
59,2014,129,81,162,92,464,32,1918,101,34,2085,8,1594,152,82,1836,22,3490,1171,744,5427,201,1299,435,211,2146,38,251,119,73,481,7,663,131,91,892,54,2102,500,362,3018,2,532,121,111,766,493,11930,2892,1800,17115
59,2015,131,94,173,130,528,25,2024,69,71,2189,5,1400,136,93,1634,23,3696,953,889,5561,251,997,272,255,1775,31,147,117,91,386,1,536,136,101,774,45,1976,446,444,2911,3,464,75,139,681,515,11334,2377,2213,16439
59,2016,135,92,152,144,523,20,2152,87,80,2339,10,1314,115,142,1581,22,4372,804,1189,6387,233,795,269,357,1654,42,130,131,102,405,3,792,90,114,999,56,2227,479,594,3356,4,529,92,162,787,525,12403,2219,2884,18031
59,2017,130,72,167,145,514,20,2157,102,94,2373,12,1552,121,138,1823,18,5233,733,1316,7300,153,759,247,332,1491,40,176,126,118,460,3,548,89,131,771,50,2550,466,699,3765,4,539,78,209,830,430,13586,2129,3182,19327
59,2018,151,101,206,164,622,20,2316,82,76,2494,7,1806,116,188,2117,18,6521,723,1210,8472,155,954,255,328,1692,60,223,160,167,610,1,636,98,121,856,49,3159,432,669,4309,3,738,135,208,1084,464,16454,2207,3131,22256
59,2019,163,113,200,252,728,31,2524,108,79,2742,3,2333,118,164,2618,16,8315,753,1270,10354,145,1401,280,376,2202,44,406,178,203,831,3,910,117,165,1195,43,4017,463,706,5229,1,910,120,256,1287,449,20929,2337,3471,27186
59,2020,141,108,176,351,776,17,2428,99,88,2632,6,2104,98,147,2355,22,10125,666,1317,12130,114,1561,257,423,2355,50,491,167,222,930,2,1012,79,163,1256,44,3943,497,763,5247,3,1006,115,273,1397,399,22778,2154,3747,29078
59,2021,202,146,232,429,1009,26,3101,143,151,3421,8,2828,98,181,3115,20,11137,743,1666,13566,145,1469,293,506,2413,75,415,206,315,1011,1,1183,99,196,1479,52,4808,542,1111,6513,2,1324,120,315,1761,531,26411,2476,4870,34288
59,2022,200,108,265,533,1106,15,3237,155,187,3594,3,3371,126,207,3707,16,6876,719,1586,9197,142,1520,334,495,2491,64,383,196,349,992,0,1448,96,198,1742,47,6001,539,1075,7662,0,1730,148,319,2197,487,24674,2578,4949,32688
59,2023,178,93,229,473,973,22,3236,144,119,3521,4,3358,106,245,3713,33,6800,650,1618,9101,119,1379,253,435,2186,32,527,130,258,947,2,1659,120,191,1972,41,5734,515,1077,7367,2,1676,145,340,2163,433,24462,2292,4756,31943
59,2024,190,98,212,509,1009,17,3285,139,119,3560,6,3472,118,248,3844,26,8435,622,1712,10795,120,1372,218,457,2167,36,546,151,304,1037,2,1929,87,218,2236,47,5869,526,1134,7576,0,1850,131,353,2334,444,26856,2204,5054,34558
60,2012,11,34,29,13,87,9,496,25,5,535,2,622,61,12,697,4,1136,385,80,1605,18,574,229,32,853,14,78,50,13,155,1,186,64,13,264,15,661,174,56,906,0,176,34,12,222,74,3963,1051,236,5324
60,2013,22,31,31,18,102,18,475,22,10,525,4,558,57,19,638,2,1188,377,119,1686,14,574,166,48,802,4,64,36,10,114,0,202,38,19,259,18,679,143,109,949,0,132,37,17,186,82,3903,907,369,5261
60,2014,19,41,33,30,123,7,460,24,16,507,3,523,57,25,608,6,1303,374,183,1866,10,571,160,79,820,5,84,35,27,151,0,205,45,29,279,15,663,120,133,931,3,136,21,31,191,68,3986,869,553,5476
60,2015,43,39,41,22,145,8,507,29,27,571,2,470,45,42,559,12,1166,288,260,1726,30,470,127,126,753,7,108,27,20,162,0,167,44,31,242,13,667,122,145,947,0,124,17,30,171,115,3718,740,703,5276
60,2016,16,32,49,37,134,11,512,21,28,572,3,449,28,47,527,11,1305,267,430,2013,13,372,110,144,639,4,103,32,26,165,2,157,29,33,221,16,685,127,196,1024,2,138,10,45,195,78,3753,673,986,5490
60,2017,28,40,40,39,147,4,530,28,27,589,5,506,45,68,624,11,1424,229,433,2097,24,359,111,171,665,5,116,38,35,194,0,165,39,51,255,11,751,114,234,1110,2,127,19,46,194,90,4018,663,1104,5875
60,2018,39,28,49,40,156,5,570,24,25,624,3,586,32,62,683,17,1792,203,410,2422,24,401,93,134,652,8,139,31,45,223,1,201,30,46,278,20,940,98,202,1260,0,170,16,41,227,117,4827,576,1005,6525
60,2019,57,64,34,58,213,11,581,24,35,651,4,720,37,71,832,9,1996,224,412,2641,7,481,96,153,737,8,158,47,40,253,1,263,29,78,371,16,1120,105,222,1463,0,187,21,47,255,113,5570,617,1116,7416
60,2020,39,56,39,90,224,7,540,34,33,614,3,672,31,54,760,11,2228,192,436,2867,20,433,95,229,777,4,220,32,71,327,5,256,15,57,333,12,1058,85,285,1440,0,233,15,68,316,101,5696,538,1323,7658
60,2021,42,43,41,112,238,4,685,39,62,790,3,893,35,92,1023,11,2383,210,595,3199,7,590,115,239,951,10,289,31,86,416,0,465,33,68,566,18,1397,116,333,1864,0,319,16,91,426,95,7064,636,1678,9473
60,2022,52,56,61,140,309,4,741,43,72,860,5,1053,36,95,1189,13,1920,196,531,2660,21,513,103,265,902,15,273,46,100,434,0,537,31,55,623,11,1727,125,373,2236,0,379,11,86,476,121,7199,652,1717,9689
60,2023,50,43,47,151,291,5,697,34,43,779,3,1024,33,84,1144,12,2093,162,548,2815,21,535,82,207,845,8,205,34,75,322,1,623,23,76,723,15,1776,132,368,2291,0,421,20,82,523,115,7417,567,1634,9733
60,2024,33,44,31,141,249,2,715,35,50,802,4,1069,34,104,1211,13,2433,182,662,3290,20,500,83,232,835,1,173,26,69,269,1,737,20,74,832,10,1796,108,405,2319,1,458,16,84,559,85,7925,535,1821,10366
61,2012,10,8,13,5,36,5,114,5,0,124,3,192,9,3,207,6,341,84,9,440,3,207,46,5,261,12,19,10,3,44,2,91,19,4,116,3,159,28,8,198,0,21,3,3,27,44,1152,217,40,1453
61,2013,10,6,7,3,26,4,133,4,1,142,3,183,8,3,197,3,390,79,21,493,3,183,52,9,247,2,30,11,2,45,4,81,11,12,108,4,152,32,15,203,1,43,5,5,54,34,1201,209,71,1515
61,2014,13,6,11,11,41,8,141,4,1,154,1,181,14,5,201,4,371,78,29,482,5,190,44,12,251,5,28,5,5,43,2,80,18,4,104,6,167,23,17,213,0,28,3,4,35,44,1192,200,88,1524
61,2015,9,12,22,6,49,2,142,7,2,153,3,156,7,7,173,5,343,81,45,474,2,165,35,20,222,5,30,6,2,43,3,71,16,9,99,5,150,30,35,220,0,27,2,4,33,34,1096,206,130,1466
61,2016,18,10,18,5,51,4,178,4,4,190,3,146,7,8,164,5,415,49,52,521,9,126,38,29,202,3,29,6,7,45,0,69,16,12,97,8,180,22,28,238,1,19,0,6,26,51,1172,160,151,1534
61,2017,18,8,20,14,60,2,148,6,5,161,4,147,8,10,169,4,427,53,72,556,8,133,26,32,199,4,40,7,6,57,1,66,15,14,96,15,205,18,39,277,0,35,1,8,44,56,1209,154,200,1619
61,2018,12,12,16,12,52,6,155,7,4,172,2,181,6,12,201,3,515,61,55,634,2,132,28,28,190,4,30,5,4,43,2,76,10,19,107,1,208,26,33,268,0,46,4,6,56,32,1355,163,173,1723
61,2019,9,12,14,21,56,2,155,8,12,177,3,204,7,11,225,4,539,49,59,651,4,168,35,38,245,6,42,8,8,64,1,97,13,20,131,8,256,27,38,329,0,52,2,10,64,37,1525,163,217,1942
61,2020,15,15,14,25,69,4,152,5,4,165,2,180,7,13,202,3,611,79,67,760,3,154,37,29,223,4,43,6,10,63,0,114,12,15,141,6,299,22,47,374,0,45,1,22,68,37,1613,183,232,2065
61,2021,23,11,7,31,72,6,195,8,10,219,3,263,10,18,294,9,648,75,94,826,2,176,57,28,263,10,60,13,14,97,3,163,18,17,201,10,342,28,59,439,0,63,4,10,77,66,1921,220,281,2488
61,2022,25,12,17,32,86,2,179,11,8,200,2,278,16,18,314,4,543,77,86,710,1,158,40,38,237,4,59,10,13,86,2,226,13,16,257,3,390,33,53,479,0,90,4,11,105,43,1935,221,275,2474
61,2023,32,11,18,29,90,2,186,4,6,198,3,277,5,6,291,3,490,72,87,652,3,168,37,36,244,2,44,12,14,72,2,246,11,14,273,4,422,24,43,493,0,91,3,15,109,51,1935,186,250,2422
61,2024,26,16,9,35,86,0,162,3,7,172,4,293,14,17,328,5,552,61,82,700,4,166,35,22,227,9,57,5,10,81,5,311,13,21,350,8,431,46,64,549,0,115,3,8,126,61,2103,189,266,2619
62,2012,27,71,66,29,193,12,805,41,9,867,4,1028,83,11,1126,10,1962,575,98,2645,13,896,292,42,1243,26,118,57,10,211,0,297,67,18,382,13,892,191,60,1156,1,199,22,7,229,106,6268,1394,284,8052
62,2013,43,51,63,29,186,12,804,36,14,866,1,917,61,11,990,11,2023,527,151,2712,18,834,253,72,1177,10,96,52,20,178,8,322,61,37,428,32,791,142,90,1055,3,170,20,15,208,138,6008,1215,439,7800
62,2014,50,57,53,44,204,12,817,41,13,883,3,890,74,34,1001,13,2156,466,238,2873,17,789,205,97,1108,10,102,38,19,169,3,286,59,42,390,26,787,173,128,1114,0,139,21,17,177,134,6023,1130,632,7919
62,2015,78,40,66,60,244,13,858,24,21,916,2,783,54,38,877,22,1892,402,335,2651,8,589,151,127,875,14,97,42,23,176,1,233,48,58,340,27,670,147,164,1008,1,137,10,17,165,166,5299,944,843,7252
62,2016,64,44,65,45,218,12,856,44,27,939,5,672,55,42,774,16,1872,337,413,2638,11,479,142,151,783,9,69,31,31,140,5,225,47,63,340,32,687,153,219,1091,1,125,13,23,162,155,5029,887,1014,7085
62,2017,59,41,73,65,238,11,878,35,43,967,2,722,52,69,845,22,2111,299,434,2866,8,526,162,179,875,13,89,48,44,194,1,226,53,63,343,26,797,137,232,1192,0,146,12,46,204,142,5536,871,1175,7724
62,2018,67,35,80,64,246,9,921,42,14,986,1,827,53,52,933,15,2712,281,377,3385,30,558,134,130,852,11,97,38,43,189,3,307,50,45,405,19,990,126,199,1334,1,197,17,31,246,156,6644,821,955,8576
62,2019,60,60,85,72,277,14,971,53,20,1058,2,1097,62,70,1231,9,3450,347,436,4242,13,631,156,159,959,13,166,45,55,279,1,528,46,47,622,24,1183,144,180,1531,2,267,22,37,328,138,8353,960,1076,10527
62,2020,67,45,52,124,288,12,854,56,34,956,2,923,52,54,1031,10,4225,289,451,4975,13,657,115,178,963,15,213,47,63,338,1,517,36,71,625,17,1271,124,235,1647,1,276,14,49,340,138,8981,785,1259,11163
62,2021,77,60,84,150,371,13,1064,80,37,1194,5,1258,44,83,1390,15,4721,344,555,5635,18,805,168,176,1167,25,288,62,103,478,1,610,51,63,725,24,1511,168,292,1995,0,352,16,53,421,178,10669,1017,1512,13376
62,2022,92,61,97,205,455,6,1115,77,46,1244,6,1571,61,76,1714,12,3426,326,524,4288,30,811,184,196,1221,17,323,72,137,549,0,936,62,89,1087,20,1792,171,318,2301,1,383,25,39,448,184,10418,1075,1630,13307
62,2023,80,43,77,176,376,7,1120,67,27,1221,2,1522,46,80,1650,4,3275,322,507,4108,28,725,134,179,1066,10,332,62,78,482,0,1026,33,75,1134,19,1940,150,262,2371,0,457,28,36,521,150,10440,919,1420,12929
62,2024,92,39,75,192,398,6,1088,67,29,1190,12,1637,56,114,1819,8,3604,328,582,4522,14,743,152,214,1123,7,339,75,86,507,1,1293,55,104,1453,22,1949,197,396,2564,0,507,18,50,575,162,11199,1023,1767,14151
63,2012,23,28,48,11,110,12,466,23,5,506,5,557,51,9,622,8,784,311,45,1148,9,516,173,19,717,6,62,42,8,118,3,186,70,15,274,9,569,109,37,724,2,117,29,17,165,77,3285,856,166,4384
63,2013,41,25,70,25,161,15,552,32,5,604,4,478,39,13,534,8,836,266,109,1219,6,554,149,41,750,1,44,31,13,89,1,213,49,35,298,8,591,104,72,775,1,134,19,16,170,85,3427,759,329,4600
63,2014,27,15,67,30,139,16,574,22,9,621,2,521,40,21,584,6,885,251,124,1266,6,453,120,65,644,2,71,19,17,109,1,234,37,24,296,10,613,77,71,771,0,120,14,22,156,70,3486,647,383,4586
63,2015,31,22,57,36,146,10,627,23,10,670,4,447,40,22,513,9,743,206,165,1123,9,316,85,75,485,7,101,35,30,173,2,184,40,33,259,11,534,96,106,747,2,111,15,22,150,85,3085,597,499,4266
63,2016,27,15,53,36,131,10,620,14,15,659,1,400,34,26,461,4,776,217,193,1190,12,270,93,81,456,3,140,34,32,209,1,169,37,35,242,13,545,93,127,778,2,117,17,40,176,73,3052,592,585,4302
63,2017,24,29,53,31,137,9,617,23,23,672,0,495,44,21,560,4,1040,201,211,1456,11,323,91,85,510,1,121,50,36,208,2,172,37,34,245,9,622,116,166,913,0,120,14,35,169,60,3539,629,642,4870
63,2018,28,34,74,53,189,7,680,32,26,745,2,573,31,32,638,5,1510,159,183,1857,9,361,106,95,571,5,105,22,42,174,1,189,30,35,255,6,666,109,165,946,1,142,8,36,187,64,4260,571,667,5562
63,2019,28,34,48,62,172,8,765,23,28,824,1,656,47,34,738,0,1557,192,201,1950,18,387,122,76,603,10,108,37,77,232,2,268,30,48,348,6,750,105,160,1021,2,146,6,32,186,75,4671,610,718,6074
63,2020,19,28,45,92,184,5,737,32,19,793,3,685,37,46,771,5,1746,147,245,2143,7,462,105,106,680,6,154,30,89,279,3,317,25,47,392,3,882,76,190,1151,0,192,10,44,246,51,5203,507,878,6639
63,2021,28,27,51,119,225,5,830,35,30,900,4,873,46,52,975,8,2203,191,295,2697,10,438,136,138,722,13,161,46,141,361,2,491,23,89,605,3,1037,111,219,1370,0,290,15,53,358,73,6350,654,1136,8213
63,2022,27,35,58,157,277,4,870,56,31,961,1,979,40,56,1076,14,1473,202,295,1984,10,504,142,149,805,11,225,57,168,461,0,664,49,90,803,5,1368,113,285,1771,0,323,20,46,389,72,6441,737,1277,8527
63,2023,18,30,56,156,260,5,837,54,21,917,6,868,29,55,958,10,1396,147,268,1821,11,453,83,100,647,15,169,46,126,356,0,564,28,74,666,5,1366,105,212,1688,0,353,18,41,412,70,6036,566,1053,7725
63,2024,16,32,56,143,247,4,878,46,23,951,2,964,47,55,1068,3,1469,185,317,1974,3,441,132,121,697,7,169,46,126,348,1,607,31,73,712,6,1445,138,284,1873,1,358,17,53,429,43,6363,698,1195,8299
64,2012,25,30,79,23,157,15,835,44,6,900,1,735,60,6,802,6,965,363,79,1413,36,590,163,14,803,7,127,65,9,208,2,235,65,19,321,20,870,193,51,1134,2,156,40,15,213,114,4543,1072,222,5951
64,2013,36,31,78,47,192,15,882,39,13,949,5,680,52,15,752,9,908,395,142,1454,41,585,145,41,812,2,121,62,22,207,8,244,53,28,333,13,859,147,87,1106,2,179,29,24,234,131,4489,1000,419,6039
64,2014,27,30,74,53,184,24,967,34,15,1040,1,571,38,27,637,8,941,315,184,1448,47,500,105,52,704,12,134,56,48,250,0,325,53,35,413,13,840,171,118,1142,2,158,26,38,224,134,4466,872,570,6042
64,2015,24,27,95,58,204,12,998,33,24,1067,6,648,37,35,726,8,850,299,198,1355,48,458,103,60,669,4,184,59,57,304,3,228,49,39,319,22,925,122,171,1240,6,128,23,33,190,133,4446,820,675,6074
64,2016,29,27,89,56,201,17,1033,23,33,1106,2,550,36,42,630,11,962,278,280,1531,75,366,110,79,630,4,202,62,68,336,2,267,38,48,355,12,867,133,166,1178,1,124,16,53,194,153,4398,785,825,6161
64,2017,19,43,84,78,224,18,1080,48,32,1178,3,683,42,55,783,8,1022,263,281,1574,65,391,88,92,636,6,211,56,89,362,2,252,48,50,352,13,897,129,255,1294,2,123,17,52,194,136,4702,775,984,6597
64,2018,24,42,83,73,222,9,1106,36,33,1184,2,780,42,46,870,6,1608,233,248,2095,74,481,99,88,742,10,245,76,87,418,5,274,26,52,357,19,1132,146,241,1538,2,185,17,46,250,151,5853,758,914,7676
64,2019,23,53,82,130,288,6,1039,36,39,1120,5,943,31,60,1039,9,1857,250,268,2384,75,519,117,94,805,13,359,76,103,551,1,352,28,51,432,13,1431,122,253,1819,1,225,19,51,296,146,6778,761,1049,8734
64,2020,31,44,56,187,318,6,965,39,44,1054,2,887,44,46,979,8,2199,233,278,2718,45,535,104,119,803,9,391,65,135,600,0,341,35,53,429,9,1428,155,242,1834,0,258,15,71,344,110,7048,746,1175,9079
64,2021,27,46,72,210,355,9,1135,65,39,1248,2,1222,42,49,1315,9,2236,270,333,2848,86,616,137,126,965,12,372,90,177,651,0,523,64,75,662,10,1721,172,345,2248,1,333,18,60,412,156,8204,930,1414,10704
64,2022,37,58,79,266,440,5,1154,65,41,1265,0,1412,56,67,1535,11,1528,272,315,2126,63,633,145,124,965,14,341,90,165,610,1,673,53,92,819,8,1943,190,372,2513,2,349,26,58,435,141,8091,976,1500,10708
64,2023,39,48,62,184,333,7,1142,60,27,1236,3,1339,37,57,1436,14,1579,241,347,2181,113,628,134,116,991,8,335,47,121,511,4,577,38,87,706,19,1859,186,367,2431,0,406,19,70,495,207,7913,824,1376,10320
64,2024,23,59,62,199,343,4,1113,61,40,1218,5,1308,47,70,1430,7,1650,228,308,2193,36,548,124,120,828,7,261,50,120,438,3,703,49,100,855,10,1959,217,390,2576,2,470,22,63,557,97,8071,860,1410,10438
65,2012,5,12,26,4,47,3,268,8,3,282,1,269,15,2,287,1,360,124,19,504,3,282,67,3,355,2,48,18,6,74,0,80,20,10,110,5,211,40,12,268,0,36,1,1,38,20,1566,319,60,1965
65,2013,3,12,18,7,40,6,304,7,1,318,4,203,10,0,217,3,378,103,29,513,7,261,34,9,311,7,32,12,3,54,0,90,19,13,122,7,204,26,14,251,0,30,4,2,36,37,1514,233,78,1862
65,2014,6,16,16,4,42,7,269,8,2,286,1,175,10,5,191,3,388,91,43,525,6,226,26,12,270,3,47,11,6,67,0,114,17,6,137,7,179,22,24,232,0,21,5,3,29,33,1435,206,105,1779
65,2015,6,10,10,12,38,5,286,8,3,302,1,190,7,7,205,5,338,73,66,482,3,198,31,21,253,2,34,13,6,55,2,81,19,11,113,4,204,25,18,251,0,21,4,3,28,28,1362,190,147,1727
65,2016,8,7,15,8,38,2,278,5,9,294,2,197,9,4,212,5,402,76,70,553,4,167,27,15,213,4,38,18,11,71,0,103,12,11,126,2,218,29,30,279,0,25,4,9,38,27,1435,195,167,1824
65,2017,8,17,14,9,48,5,268,6,5,284,0,183,12,16,211,7,386,81,96,570,8,184,34,18,244,2,70,9,9,90,0,88,15,20,123,9,225,28,37,299,0,32,4,6,42,39,1453,203,216,1911
65,2018,2,11,13,11,37,2,277,11,3,293,4,215,9,18,246,0,457,63,87,607,3,182,25,19,229,1,63,9,11,84,0,77,16,15,108,7,241,20,43,311,0,42,2,7,51,19,1565,168,214,1966
65,2019,11,12,27,20,70,1,319,6,15,341,0,306,14,20,340,2,590,79,84,755,3,255,22,15,295,2,100,15,17,134,0,121,17,14,152,6,292,22,42,362,0,39,1,5,45,25,2034,203,232,2494
65,2020,8,9,9,17,43,6,264,8,13,291,1,263,18,13,295,8,743,65,85,901,5,237,36,25,303,1,89,17,12,119,7,145,11,22,185,8,352,22,53,435,0,51,1,5,57,44,2153,187,245,2629
65,2021,11,12,12,21,56,5,323,14,4,346,3,358,11,13,385,4,660,73,78,815,8,249,40,25,322,1,90,22,35,148,0,157,18,28,203,3,406,35,57,501,0,61,2,9,72,35,2316,227,270,2848
65,2022,8,7,13,25,53,4,329,8,8,349,0,397,18,21,436,6,560,85,94,745,14,233,37,41,325,4,79,29,49,161,2,258,14,23,297,6,428,34,73,541,0,68,1,10,79,44,2359,239,344,2986
65,2023,6,12,7,33,58,4,310,7,6,327,1,353,9,28,391,4,504,69,78,655,13,293,40,38,384,1,58,16,33,108,1,251,7,33,292,4,462,31,59,556,0,83,2,10,95,34,2326,188,318,2866
65,2024,6,15,10,42,73,3,320,15,16,354,5,347,13,20,385,4,601,63,97,765,6,223,43,22,294,2,62,13,42,119,1,260,5,42,308,2,516,29,85,632,0,77,5,12,94,29,2421,196,378,3024
66,2012,14,22,40,19,95,8,553,22,5,588,3,598,43,11,655,12,1144,367,85,1608,15,705,172,29,921,6,79,58,14,157,0,194,64,9,267,11,536,116,39,702,1,91,21,9,122,70,3922,903,220,5115
66,2013,12,26,27,32,97,6,542,19,9,576,4,562,47,14,627,10,1292,334,143,1779,15,679,144,57,895,4,64,38,26,132,0,204,40,21,265,17,546,105,57,725,0,126,15,16,157,68,4041,769,375,5253
66,2014,19,22,30,25,96,6,650,16,13,685,5,537,33,21,596,14,1251,297,213,1775,9,628,106,79,822,3,89,39,23,154,5,222,31,17,275,20,549,78,74,721,0,103,12,29,144,81,4051,642,494,5268
66,2015,22,31,37,27,117,9,604,17,19,649,1,497,32,29,559,7,1109,228,278,1622,11,509,105,89,714,4,151,41,26,222,3,175,34,34,246,13,517,72,113,715,0,72,14,22,108,70,3665,580,637,4952
66,2016,16,22,29,37,104,8,580,12,26,626,2,410,32,41,485,9,1080,189,340,1618,12,499,121,112,744,2,180,47,54,283,4,168,37,27,236,6,493,77,113,689,0,97,9,32,138,59,3529,553,782,4923
66,2017,27,23,36,22,108,9,588,14,35,646,3,489,38,42,572,4,1088,161,392,1645,12,426,100,143,681,7,238,37,49,331,0,151,34,38,223,13,555,83,148,799,1,89,12,27,129,76,3647,515,896,5134
66,2018,27,29,31,31,118,4,638,24,22,688,1,594,25,48,668,6,1356,172,338,1872,14,523,78,115,730,7,275,39,53,374,2,165,18,32,217,11,671,69,128,879,1,105,5,39,150,73,4356,461,806,5696
66,2019,34,27,29,43,133,6,579,20,20,625,5,634,23,53,715,6,1464,158,361,1989,13,580,79,141,813,4,413,45,68,530,2,215,28,42,287,15,779,93,160,1047,1,129,5,39,174,86,4820,480,927,6313
66,2020,41,27,20,61,149,3,577,26,16,622,1,619,19,70,709,7,1525,134,316,1982,23,552,54,127,756,4,345,22,90,461,1,256,18,51,326,14,898,49,169,1130,0,130,8,43,181,94,4929,350,943,6316
66,2021,38,25,16,119,198,9,709,24,32,774,3,784,28,68,883,13,1896,159,404,2472,12,657,95,173,937,8,334,61,120,523,3,405,30,63,501,22,1074,69,227,1392,0,214,9,38,261,108,6098,491,1244,7941
66,2022,34,27,41,110,212,6,851,32,33,922,8,920,27,61,1016,7,1566,154,391,2118,16,619,97,185,917,7,341,70,128,546,1,447,38,57,543,9,1152,83,241,1485,1,239,12,23,275,89,6162,554,1229,8034
66,2023,42,32,13,116,203,6,723,22,36,787,2,864,30,57,953,6,1539,174,360,2079,13,632,110,134,889,6,253,36,76,371,1,508,18,49,576,15,1316,72,210,1613,0,246,8,43,297,91,6113,483,1081,7768
66,2024,40,36,31,129,236,3,780,24,23,830,1,1005,35,66,1107,4,1755,171,417,2347,17,615,76,127,835,2,225,37,91,355,0,591,22,57,670,12,1364,95,230,1701,0,289,10,55,354,79,6660,501,1195,8435
67,2012,67,44,110,46,267,7,970,79,7,1063,7,869,103,12,991,4,1399,705,150,2258,95,642,338,46,1121,18,166,89,23,296,1,317,93,28,439,9,1042,349,107,1507,2,287,63,35,387,210,5736,1929,454,8329
67,2013,59,43,102,49,253,20,1021,63,28,1132,6,817,95,26,944,6,1791,634,238,2669,71,674,279,85,1109,11,163,77,25,276,2,386,77,60,525,19,1321,278,160,1778,1,301,69,48,419,195,6517,1674,719,9105
67,2014,48,48,94,70,260,22,1082,68,36,1208,5,827,90,39,961,0,1630,560,317,2507,71,640,236,133,1080,13,119,70,39,241,3,473,73,64,613,23,1198,286,201,1708,0,271,59,65,395,185,6288,1536,964,8973
67,2015,59,38,97,54,248,17,1094,79,51,1241,4,648,65,67,784,4,1542,489,396,2431,85,344,192,173,794,5,130,86,54,275,0,264,86,61,411,29,1008,235,229,1501,2,228,45,56,331,205,5296,1374,1141,8016
67,2016,72,26,95,94,287,14,1098,55,42,1209,3,722,68,82,875,7,1974,418,457,2856,95,338,166,243,842,6,174,62,74,316,1,263,68,86,418,26,1221,190,318,1755,2,250,31,76,359,226,6066,1153,1472,8917
67,2017,85,100,98,112,395,14,1201,70,58,1343,3,752,57,69,881,5,2333,365,531,3234,131,362,139,250,882,12,220,104,83,419,1,273,71,81,426,14,1306,193,367,1880,2,244,44,87,377,267,6791,1141,1638,9837
67,2018,85,61,90,94,330,15,1219,64,56,1354,0,886,53,91,1030,3,2681,313,561,3558,130,396,160,251,937,12,258,91,88,449,4,304,56,72,436,25,1518,211,358,2112,0,322,33,98,453,274,7645,1071,1669,10659
67,2019,84,96,91,111,382,9,1336,112,46,1503,6,1087,66,79,1238,6,2932,354,579,3871,128,564,183,274,1149,9,290,107,107,513,3,377,62,93,535,25,1839,219,418,2501,1,408,33,75,517,271,8929,1227,1782,12209
67,2020,74,83,68,173,398,11,1330,120,53,1514,1,1047,49,81,1178,5,3453,299,590,4347,131,662,139,257,1189,19,322,110,141,592,2,489,53,87,631,26,1875,193,461,2555,0,411,34,95,540,269,9672,1065,1938,12944
67,2021,101,103,88,248,540,6,1824,95,88,2013,5,1346,72,102,1525,9,3877,390,711,4987,145,816,198,311,1470,17,330,116,186,649,1,684,59,155,899,28,2323,235,517,3103,0,568,35,119,722,312,11871,1288,2437,15908
67,2022,86,91,84,241,502,6,1893,103,100,2102,3,1643,84,106,1836,5,2780,322,647,3754,179,791,190,303,1463,19,315,124,217,675,4,751,57,119,931,28,2830,217,545,3620,1,689,24,115,829,331,11783,1205,2393,15712
67,2023,79,68,94,243,484,7,1629,111,52,1799,3,1654,61,100,1818,11,2333,266,604,3214,160,768,133,262,1323,17,273,79,164,533,2,792,54,103,951,17,2741,228,516,3502,1,657,29,99,786,297,10915,1055,2143,14410
67,2024,67,95,97,235,494,8,1696,91,85,1880,15,1718,70,124,1927,13,3142,302,691,4148,97,705,150,277,1229,9,233,94,146,482,1,915,44,147,1107,18,2878,260,576,3732,2,781,42,126,951,230,12163,1150,2407,15950
68,2012,41,30,54,24,149,13,525,26,6,570,1,627,71,9,708,7,1073,444,97,1621,33,508,209,33,783,14,75,67,10,166,3,209,61,22,295,9,584,177,44,814,1,122,28,7,158,122,3753,1137,252,5264
68,2013,28,21,51,25,125,7,616,23,6,652,4,569,60,23,656,4,1233,400,142,1779,34,421,172,44,671,8,46,54,25,133,2,277,52,37,368,11,632,132,82,857,0,121,14,12,147,98,3936,958,396,5388
68,2014,24,22,54,36,136,12,505,30,13,560,1,539,58,32,630,7,1202,339,231,1779,25,380,115,74,594,10,50,26,34,120,6,268,38,28,340,11,681,134,115,941,0,113,22,24,159,96,3760,816,587,5259
68,2015,23,27,42,29,121,12,542,21,20,595,3,405,33,41,482,6,1096,290,259,1651,36,224,73,80,413,3,65,32,26,126,3,193,40,32,268,11,640,117,136,904,3,87,16,28,134,100,3279,664,651,4694
68,2016,44,28,48,41,161,5,602,34,22,663,0,473,45,38,556,4,1373,251,355,1983,29,249,86,122,486,8,59,34,33,134,0,156,35,43,234,9,615,106,153,883,0,99,4,28,131,99,3654,643,835,5231
68,2017,34,20,55,51,160,5,632,25,36,698,0,475,41,45,561,4,1479,257,356,2096,40,241,66,154,501,4,65,43,44,156,0,205,36,37,278,11,615,74,170,870,1,110,7,27,145,99,3842,604,920,5465
68,2018,27,22,44,54,147,6,591,29,19,645,3,601,48,48,700,4,1616,176,309,2105,43,354,96,119,612,2,39,40,52,133,0,177,31,51,259,8,768,101,189,1066,0,117,6,27,150,93,4285,571,868,5817
68,2019,24,33,44,74,175,3,718,39,19,779,2,751,43,53,849,10,1856,216,337,2419,41,441,87,157,726,4,33,33,72,142,0,285,29,54,368,12,956,108,212,1288,0,150,12,23,185,96,5223,611,1001,6931
68,2020,37,23,45,67,172,8,657,29,24,718,0,689,33,48,770,3,2341,193,346,2883,28,534,78,176,816,5,81,42,83,211,0,295,26,115,436,14,945,101,227,1287,0,210,10,37,257,95,5775,557,1123,7550
68,2021,38,34,46,141,259,7,775,41,36,859,2,922,41,70,1035,11,2580,202,401,3194,56,582,108,198,944,8,202,51,100,361,0,407,34,84,525,15,1104,107,273,1499,1,272,12,44,329,138,6878,642,1347,9005
68,2022,33,34,32,151,250,3,877,45,33,958,2,1029,42,60,1133,4,1772,212,387,2375,42,644,123,171,980,7,132,48,90,277,0,503,45,61,609,7,1386,119,296,1808,0,299,16,44,359,98,6676,682,1293,8749
68,2023,28,28,29,128,213,0,761,36,33,830,0,993,40,63,1096,9,1864,145,374,2392,40,605,69,152,866,4,167,31,78,280,1,608,22,37,668,6,1499,105,274,1884,1,339,16,41,397,89,6864,493,1180,8626
68,2024,28,33,46,126,233,7,743,39,33,822,1,1095,35,85,1216,3,2090,168,458,2719,33,505,83,125,746,6,126,39,85,256,2,595,24,62,683,8,1566,122,280,1976,0,333,13,41,387,88,7086,569,1295,9038
69,2012,83,104,277,170,634,28,2273,157,46,2504,5,1516,167,37,1725,22,2605,1326,398,4351,166,1508,666,157,2497,92,138,231,57,518,1,523,177,77,778,52,3194,932,406,4584,3,780,194,107,1084,452,12641,4127,1455,18675
69,2013,73,114,255,193,635,18,2169,115,55,2357,10,1453,149,63,1675,19,2927,1117,624,4687,163,1403,592,263,2421,72,137,182,105,496,5,640,151,81,877,39,3202,817,618,4676,8,725,139,140,1012,407,12770,3517,2142,18836
69,2014,103,116,285,233,737,34,2322,135,78,2569,6,1448,120,91,1665,23,3101,927,823,4874,148,1317,463,383,2311,67,136,158,118,479,3,638,104,120,865,52,3322,747,720,4841,9,748,128,200,1085,445,13148,3067,2766,19426
69,2015,96,110,272,254,732,35,2333,128,88,2584,8,1410,118,125,1661,28,3485,832,1023,5368,210,1057,327,420,2014,74,176,168,172,590,0,536,108,135,779,43,3274,659,952,4928,4,692,111,252,1059,498,13073,2723,3421,19715
69,2016,93,116,180,237,626,33,2456,161,113,2763,13,1430,102,166,1711,25,4636,769,1343,6773,291,968,292,531,2082,108,217,177,201,703,1,477,134,171,783,71,3523,610,1150,5354,9,711,113,319,1152,644,14534,2538,4231,21947
69,2017,160,114,213,301,788,26,2667,142,145,2980,11,1689,96,196,1992,24,5821,585,1422,7852,284,982,305,597,2168,117,587,222,240,1166,1,454,80,166,701,59,4418,611,1295,6383,6,831,92,381,1310,688,17563,2346,4743,25340
69,2018,166,138,219,289,812,37,2926,168,121,3252,9,1876,83,181,2149,19,7480,549,1340,9388,339,1200,290,604,2433,144,742,197,268,1351,6,591,90,172,859,57,5820,631,1360,7868,3,1025,120,360,1508,780,21798,2347,4695,29620
69,2019,141,155,215,418,929,23,3260,183,121,3587,4,2580,99,208,2891,21,9435,558,1464,11478,345,1697,333,671,3046,111,659,239,373,1382,2,1050,81,178,1311,42,7409,683,1638,9772,4,1334,128,396,1862,693,27579,2519,5467,36258
69,2020,148,135,143,528,954,30,3033,149,163,3375,6,2274,86,189,2555,27,10669,514,1542,12752,306,1736,302,694,3038,98,697,215,458,1468,3,982,91,205,1281,46,6569,604,1682,8901,10,1374,101,364,1849,674,27469,2205,5825,36173
69,2021,182,164,187,648,1181,28,3534,204,254,4020,2,2877,94,222,3195,31,9305,615,1901,11852,341,1664,411,792,3208,132,634,255,635,1656,8,913,104,272,1297,41,7282,702,2112,10137,4,1944,101,524,2573,769,28317,2673,7360,39119
69,2022,207,160,246,765,1378,20,3991,210,306,4527,4,3401,140,264,3809,52,6491,604,1784,8931,371,1730,357,768,3226,107,571,250,582,1510,9,1121,96,257,1483,35,8688,729,2052,11504,2,2003,145,494,2644,807,28156,2777,7272,39012
69,2023,154,139,269,844,1406,18,3565,167,221,3971,5,3480,120,242,3847,88,7314,844,1655,9901,216,1469,288,561,2534,66,454,201,394,1115,6,991,62,234,1293,46,8131,676,1778,10631,4,2179,133,467,2783,603,27722,2760,6396,37481
69,2024,175,128,285,811,1399,27,3907,142,219,4295,2,3569,128,289,3988,74,8763,838,1977,11652,163,1507,309,711,2690,62,459,191,411,1123,7,1117,82,244,1450,66,7876,786,2104,10832,2,2300,141,521,2964,578,29626,2902,7287,40393
70,2012,2,8,19,2,31,5,137,0,2,144,0,174,11,0,185,0,374,99,7,480,1,180,48,3,232,4,15,7,0,26,1,86,22,3,112,7,155,23,5,190,0,31,2,1,34,20,1160,231,23,1434
70,2013,3,11,13,4,31,6,131,3,0,140,3,184,11,1,199,2,409,63,23,497,0,168,38,9,215,1,9,12,3,25,1,72,14,7,94,4,137,24,9,174,0,30,0,0,30,20,1151,178,56,1405
70,2014,5,6,9,7,27,2,136,0,2,140,0,145,6,4,155,4,425,71,24,524,2,162,38,13,215,1,12,5,0,18,1,120,15,7,143,3,164,18,14,199,2,28,1,5,36,20,1198,163,76,1457
70,2015,2,10,15,11,38,3,134,2,4,143,1,123,5,7,136,1,428,56,42,527,2,126,27,14,169,1,15,4,2,22,0,71,11,9,91,1,128,30,12,171,1,19,3,2,25,12,1054,153,103,1322
70,2016,3,7,6,2,18,36,125,3,2,166,0,101,12,3,116,3,448,48,47,546,0,122,22,17,161,1,15,9,4,29,0,64,9,7,80,2,113,28,21,164,0,25,0,3,28,45,1020,137,106,1308
70,2017,10,2,13,6,31,2,154,1,3,160,0,119,8,2,129,1,440,58,65,564,1,118,27,29,175,1,17,7,3,28,2,84,10,17,113,3,124,24,25,176,0,27,2,4,33,20,1085,150,154,1409
70,2018,4,5,11,7,27,3,146,4,1,154,1,137,4,9,151,3,506,37,48,594,5,135,18,17,175,2,26,7,15,50,2,88,13,17,120,0,153,22,26,201,0,23,3,4,30,20,1219,119,144,1502
70,2019,10,7,11,18,46,4,139,7,1,151,1,174,5,6,186,3,567,42,53,665,1,156,31,20,208,5,41,4,10,60,0,117,11,14,142,3,189,26,36,254,0,30,1,7,38,27,1420,138,165,1750
70,2020,3,6,5,19,33,3,121,2,5,131,0,174,6,9,189,3,712,40,71,826,1,142,25,32,200,1,53,4,17,75,1,155,16,17,189,0,192,27,39,258,0,27,1,8,36,12,1582,126,217,1937
70,2021,1,11,6,31,49,2,169,5,2,178,1,206,4,6,217,1,628,46,73,748,1,146,31,39,217,2,50,10,21,83,0,195,21,25,241,3,230,25,46,304,0,45,1,6,52,11,1680,149,249,2089
70,2022,9,6,8,30,53,0,175,4,2,181,2,267,14,14,297,2,447,62,89,600,2,168,45,34,249,2,52,8,23,85,0,244,9,25,278,1,301,21,47,370,0,68,2,2,72,18,1728,173,266,2185
70,2023,16,8,12,30,66,3,174,8,4,189,0,275,8,13,296,3,488,48,53,592,4,175,26,24,229,1,45,5,15,66,1,294,6,18,319,3,357,22,50,432,0,65,2,11,78,31,1881,137,218,2267
70,2024,9,7,7,27,50,1,161,5,6,173,1,247,12,6,266,2,528,47,73,650,4,151,23,21,199,0,48,13,21,82,0,347,11,18,376,3,365,25,52,445,0,59,1,14,74,20,1913,144,238,2315
71,2012,18,16,49,10,93,6,357,17,4,384,1,437,24,4,466,8,784,239,44,1075,7,358,117,11,493,14,68,12,10,104,1,163,24,11,199,13,432,103,28,576,0,90,15,5,110,68,2705,600,127,3500
71,2013,15,15,41,16,87,7,353,18,4,382,3,412,19,7,441,5,860,254,94,1213,4,303,82,23,412,5,53,20,1,79,0,180,22,21,223,13,420,87,47,567,1,85,7,9,102,53,2681,550,222,3506
71,2014,10,15,35,14,74,4,402,9,4,419,2,350,28,14,394,8,926,197,104,1235,2,294,75,29,400,3,62,14,9,88,1,218,37,17,273,12,462,74,52,600,1,73,10,13,97,43,2802,479,256,3580
71,2015,15,17,33,23,88,3,390,11,13,417,2,343,22,20,387,4,884,143,140,1171,5,278,71,34,388,8,57,17,8,90,0,153,27,31,211,11,410,71,73,565,1,80,5,13,99,49,2612,400,355,3416
71,2016,22,14,25,10,71,12,403,20,9,444,3,306,23,24,356,8,1008,148,160,1324,4,232,68,54,358,4,104,18,19,145,1,140,22,29,192,9,409,71,71,560,0,75,5,20,100,63,2691,400,396,3550
71,2017,28,17,31,25,101,5,405,21,11,442,1,317,14,20,352,10,996,159,175,1340,10,259,57,62,388,3,114,15,25,157,1,168,20,25,214,16,403,58,99,576,2,84,6,19,111,76,2763,381,461,3681
71,2018,20,22,26,29,97,6,414,14,14,448,2,387,17,23,429,5,1063,141,155,1364,2,290,67,60,419,5,97,25,16,143,1,208,13,27,249,11,500,70,76,657,0,84,5,19,108,52,3065,378,419,3914
71,2019,31,19,22,55,127,4,432,22,10,468,0,476,22,25,523,17,1315,146,174,1652,6,328,91,61,486,3,104,20,33,160,1,281,25,28,335,10,570,74,101,755,0,106,4,29,139,72,3631,426,516,4645
71,2020,24,30,27,52,133,3,383,17,14,417,0,466,20,21,507,7,1505,136,226,1874,6,314,83,87,490,5,100,30,33,168,5,287,21,28,341,8,684,66,143,901,0,124,9,19,152,58,3893,409,623,4983
71,2021,27,16,24,81,148,4,480,24,30,538,1,593,14,33,641,7,1716,177,257,2157,4,361,92,86,543,3,132,35,58,228,0,364,27,45,436,13,807,99,185,1104,1,156,9,24,190,60,4625,501,799,5985
71,2022,40,23,42,106,211,4,516,24,23,567,0,729,27,33,789,8,1265,146,213,1632,4,364,93,102,563,4,122,37,75,238,1,496,29,54,580,7,927,100,155,1189,1,164,12,19,196,69,4606,510,780,5965
71,2023,33,26,39,105,203,1,486,27,12,526,3,670,21,30,724,8,1251,124,216,1599,14,389,80,82,565,9,125,24,46,204,0,581,27,55,663,11,1074,107,163,1355,0,203,5,16,224,79,4805,454,725,6063
71,2024,35,17,50,110,212,6,475,19,14,514,0,736,24,41,801,5,1418,154,267,1844,5,371,80,86,542,8,123,20,42,193,1,599,20,51,671,3,1013,87,186,1289,0,221,4,21,246,63,4973,458,818,6312
72,2012,5,18,48,13,84,4,249,15,2,270,2,303,34,2,341,3,607,184,22,816,5,255,112,5,377,6,49,21,4,80,3,169,33,8,213,10,301,109,18,438,0,77,16,5,98,38,2028,572,79,2717
72,2013,36,23,41,20,120,7,319,20,2,348,2,315,16,1,334,3,732,166,41,942,7,259,106,18,390,9,60,20,3,92,7,126,24,16,173,20,329,70,22,441,0,73,17,12,102,91,2236,480,135,2942
72,2014,35,22,43,25,125,10,304,21,5,340,2,317,20,8,347,6,700,167,63,936,1,230,75,27,333,1,41,14,4,60,2,126,21,12,161,7,313,78,52,450,0,76,8,15,99,64,2129,447,211,2851
72,2015,30,32,45,26,133,4,307,12,6,329,2,278,20,17,317,6,694,169,69,938,3,183,73,26,285,3,83,11,13,110,1,126,38,16,181,9,329,75,52,465,1,61,11,8,81,59,2093,454,233,2839
72,2016,18,26,59,24,127,13,324,18,8,363,2,277,17,18,314,6,686,148,77,917,7,165,75,40,287,4,91,15,8,118,1,91,21,19,132,9,275,70,53,407,0,53,7,14,74,60,1988,430,261,2739
72,2017,23,18,53,25,119,7,344,14,15,380,4,299,22,20,345,6,868,124,117,1115,3,142,55,59,259,2,117,12,17,148,1,106,25,22,154,21,361,81,73,536,1,57,12,16,86,68,2312,398,364,3142
72,2018,34,28,41,21,124,5,355,17,4,381,6,324,28,16,374,5,1036,109,105,1255,8,200,57,29,294,7,123,20,20,170,2,112,25,23,162,13,428,76,88,605,0,81,5,27,113,80,2687,378,333,3478
72,2019,29,26,30,40,125,7,375,26,11,419,3,434,19,26,482,5,1073,119,111,1308,8,236,67,55,366,0,122,25,26,173,9,193,29,37,268,10,522,87,97,716,1,103,5,22,131,72,3084,407,425,3988
72,2020,22,27,41,53,143,6,352,19,12,389,1,397,17,17,432,12,1447,104,122,1685,5,243,78,49,375,2,148,23,46,219,1,213,17,30,261,15,493,66,91,665,0,116,9,30,155,64,3436,374,450,4324
72,2021,31,39,45,66,181,7,420,18,21,466,3,497,20,26,546,2,1520,132,171,1825,6,296,95,67,464,7,176,26,84,293,3,269,30,32,334,11,580,89,148,828,0,158,11,29,198,70,3955,466,644,5135
72,2022,21,30,42,74,167,3,469,18,28,518,2,686,36,37,761,6,1219,141,166,1532,1,284,91,75,451,4,112,37,98,251,0,351,37,34,422,7,790,117,166,1080,0,189,8,24,221,44,4130,527,702,5403
72,2023,43,33,56,114,246,2,428,24,13,467,3,625,23,28,679,2,1242,122,153,1519,14,235,70,54,373,5,133,28,60,226,0,500,19,27,546,4,920,86,166,1176,0,215,9,31,255,73,4331,437,646,5487
72,2024,26,39,43,100,208,4,443,18,24,489,2,665,41,32,740,6,1407,147,201,1761,3,277,80,62,422,7,130,37,81,255,4,500,30,44,578,8,967,78,169,1222,0,269,10,24,303,60,4697,484,737,5978
73,2012,13,15,45,22,95,8,670,18,10,706,1,469,41,8,519,14,628,298,50,990,26,502,164,18,710,9,85,69,13,176,1,178,40,10,229,6,646,175,53,880,0,112,29,8,149,78,3305,879,192,4454
73,2013,15,17,45,31,108,10,771,14,2,797,3,431,33,5,472,27,736,273,99,1135,32,466,115,37,650,11,83,63,16,173,2,174,25,16,217,13,590,133,72,808,0,102,13,14,129,113,3370,714,292,4489
73,2014,15,18,66,24,123,14,844,21,10,889,0,462,44,12,518,20,689,251,117,1077,29,452,98,44,623,6,93,62,19,180,2,226,28,22,278,16,603,122,73,814,0,92,15,20,127,102,3479,707,341,4629
73,2015,18,14,61,35,128,6,761,18,11,796,1,422,42,24,489,15,666,237,170,1088,24,348,124,60,556,11,78,61,23,173,0,147,19,30,196,4,531,110,105,750,0,81,10,17,108,79,3048,682,475,4284
73,2016,14,18,33,29,94,7,765,16,16,804,2,407,25,34,468,14,732,204,200,1150,37,338,70,88,533,5,94,79,27,205,0,165,29,27,221,12,566,122,130,830,0,96,9,25,130,91,3181,587,576,4435
73,2017,25,11,42,33,111,4,808,26,13,851,3,456,40,31,530,34,717,222,213,1186,41,340,77,102,560,5,134,83,41,263,4,143,34,34,215,12,627,105,190,934,2,87,5,32,126,130,3323,634,689,4776
73,2018,27,18,46,30,121,8,882,25,18,933,4,514,29,34,581,32,974,228,211,1445,32,417,102,86,637,5,170,88,42,305,2,169,30,31,232,14,772,140,156,1082,0,121,9,27,157,124,4037,697,635,5493
73,2019,39,20,39,55,153,4,855,25,19,903,1,674,30,34,739,36,1104,192,200,1532,43,532,106,90,771,7,196,100,77,380,0,238,27,25,290,9,882,137,164,1192,0,150,10,22,182,139,4651,666,686,6142
73,2020,39,25,35,69,168,3,684,25,19,731,2,618,29,32,681,23,1460,190,222,1895,40,475,112,117,744,19,221,89,81,410,0,299,27,39,365,7,998,116,194,1315,0,180,10,31,221,133,4960,633,804,6530
73,2021,31,23,44,90,188,3,826,34,44,907,7,798,30,47,882,34,1454,246,272,2006,53,491,135,112,791,13,202,148,130,493,2,291,41,54,388,7,1071,150,286,1514,0,213,13,36,262,150,5369,841,1071,7431
73,2022,38,25,59,112,234,6,848,30,35,919,1,899,44,42,986,37,1068,228,296,1629,56,513,107,116,792,16,202,172,125,515,0,366,35,48,449,8,1323,159,239,1729,0,212,20,30,262,162,5456,854,1043,7515
73,2023,26,22,57,124,229,4,825,20,24,873,8,863,28,43,942,10,1095,230,260,1595,37,475,121,102,735,15,139,147,117,418,0,345,28,33,406,11,1307,148,254,1720,0,255,18,41,314,111,5326,797,998,7232
73,2024,34,19,67,103,223,3,948,27,17,995,1,889,36,63,989,19,1301,234,275,1829,32,503,130,113,778,10,133,126,106,375,4,357,26,46,433,13,1368,176,265,1822,0,291,16,56,363,116,5809,838,1044,7807
74,2012,38,35,80,40,193,12,1065,45,8,1130,0,902,68,12,982,20,991,413,95,1519,94,754,294,37,1179,15,139,117,32,303,2,248,57,21,328,14,1042,264,78,1398,1,219,43,15,278,196,5395,1381,338,7310
74,2013,21,33,92,41,187,4,1117,35,11,1167,4,830,58,17,909,19,1166,419,177,1781,78,673,235,70,1056,25,110,107,41,283,1,289,47,31,368,16,1111,192,115,1434,1,202,36,25,264,169,5531,1221,528,7449
74,2014,31,41,104,50,226,10,1188,35,18,1251,5,768,58,26,857,18,1259,381,224,1882,52,657,203,86,998,18,109,94,53,274,1,393,49,26,469,13,1177,234,141,1565,1,186,22,42,251,149,5778,1180,666,7773
74,2015,34,37,79,66,216,10,1159,44,22,1235,3,739,55,40,837,27,1176,327,270,1800,79,518,168,117,882,13,109,97,43,262,1,279,50,42,372,9,1039,191,182,1421,0,180,31,37,248,176,5236,1042,819,7273
74,2016,36,57,64,47,204,8,1295,31,26,1360,4,742,52,52,850,16,1342,342,373,2073,104,485,139,145,873,9,118,104,73,304,2,227,44,46,319,19,1071,186,230,1506,1,196,30,55,282,199,5533,992,1047,7771
74,2017,49,40,81,54,224,17,1244,54,42,1357,10,834,54,66,964,32,1377,332,421,2162,147,488,159,165,959,23,235,115,92,465,2,241,48,52,343,28,1214,204,300,1746,2,202,25,67,296,310,5875,1072,1259,8516
74,2018,45,49,84,77,255,9,1285,53,34,1381,5,1064,65,64,1198,22,1579,349,359,2309,131,533,156,150,970,13,260,121,94,488,1,248,38,54,341,7,1422,228,259,1916,0,197,24,57,278,233,6637,1118,1148,9136
74,2019,78,63,57,101,299,7,1336,46,35,1424,7,1326,46,58,1437,20,2078,303,390,2791,142,710,188,174,1214,8,290,180,124,602,1,397,40,57,495,11,1920,210,291,2432,2,300,23,85,410,276,8420,1093,1315,11104
74,2020,52,65,45,136,298,10,1203,39,28,1280,0,1306,42,72,1420,24,2745,262,466,3497,116,738,176,185,1215,16,432,169,155,772,0,439,35,64,538,12,1941,193,393,2539,0,372,21,90,483,230,9241,982,1589,12042
74,2021,68,57,60,174,359,11,1281,48,44,1384,2,1750,65,94,1911,28,2577,364,654,3623,125,730,197,251,1303,40,445,218,261,964,1,499,49,86,635,10,2081,263,451,2805,2,447,31,88,568,287,9867,1295,2103,13552
74,2022,67,40,53,208,368,9,1388,47,49,1493,7,1977,92,113,2189,29,1980,324,509,2842,134,769,203,282,1388,25,410,275,314,1024,0,564,52,84,700,10,2371,279,520,3180,1,467,17,90,575,282,9966,1342,2169,13759
74,2023,47,50,78,233,408,6,1306,50,40,1402,7,1703,70,104,1884,40,2034,265,488,2827,85,689,177,228,1179,12,323,188,224,747,1,517,47,62,627,8,2661,254,483,3406,1,545,28,83,657,207,9828,1157,1945,13137
74,2024,56,54,75,219,404,4,1429,68,40,1541,9,1722,91,138,1960,29,2528,312,531,3400,97,846,186,234,1363,10,269,193,228,700,3,618,45,74,740,11,2774,262,494,3541,1,530,27,85,643,220,10770,1259,2043,14292
75,2012,581,417,1298,857,3153,119,8559,599,185,9462,43,9329,1075,196,10643,124,12895,6770,1638,21427,377,6353,3586,423,10739,317,1088,1107,495,3007,48,2963,980,404,4395,1029,16992,4877,2406,25304,61,3794,1487,1130,6472,2699,62390,21779,7734,94602
75,2013,604,508,1163,1173,3448,156,9388,542,264,10350,56,8931,983,331,10301,143,13765,6180,2584,22672,426,6369,2976,666,10437,315,1021,898,550,2784,35,3173,799,446,4453,731,16792,4066,3376,24965,47,3821,1171,1392,6431,2513,63768,18778,10782,95841
75,2014,584,465,1142,1457,3648,191,9797,513,349,10850,50,9015,986,473,10524,132,14167,5643,3588,23530,388,5954,2571,950,9863,323,959,895,758,2935,19,3578,712,525,4834,733,17993,3587,4177,26490,57,3564,1033,1886,6540,2477,65492,17082,14163,99214
75,2015,643,488,1154,1774,4059,182,10536,460,474,11652,67,8584,773,644,10068,159,14868,5085,4623,24735,690,4861,2055,1158,8764,361,1277,812,922,3372,35,2824,700,572,4131,643,18342,3167,4883,27035,54,3460,909,2244,6667,2834,65240,15115,17294,100483
75,2016,678,494,1216,1964,4352,177,10993,480,630,12280,57,8591,752,765,10165,146,19399,4579,6132,30256,668,4172,1844,1586,8270,304,1462,806,1119,3691,36,2701,625,806,4168,1089,19913,3031,5889,29922,41,3487,828,2572,6928,3196,71212,14161,21463,110032
75,2017,814,499,1203,2163,4679,140,11800,540,642,13122,64,9614,691,1001,11370,138,21561,4050,6472,32221,699,4441,1726,1952,8818,367,1560,945,1367,4239,23,2845,516,800,4184,753,23833,2987,6876,34449,32,3753,773,2788,7346,3030,79906,13431,24061,120428
75,2018,885,586,1199,2463,5133,139,12616,530,644,13929,54,10871,631,1002,12558,150,27289,3781,6197,37417,793,4951,1665,1925,9334,413,1712,1059,1571,4755,31,3189,489,834,4543,976,27860,2897,7303,39036,22,4579,753,2876,8230,3463,93653,13004,24815,134935
75,2019,1043,738,1136,3415,6332,136,13458,588,759,14941,52,12511,612,1052,14227,158,29393,3705,6691,39947,783,6002,1754,2178,10717,455,1970,1163,2030,5618,16,4229,497,1028,5770,718,32679,2958,8093,44448,25,5433,714,3094,9266,3386,106413,13127,28340,151266
75,2020,824,722,840,3917,6303,109,12465,555,762,13891,28,11038,493,950,12509,118,35256,3176,7134,45684,680,5801,1584,2323,10388,435,2064,896,2200,5595,10,4495,444,1027,5976,852,29971,2605,8335,41763,31,5433,628,3472,9564,3087,107245,11221,30120,151673
75,2021,1082,943,995,5284,8304,107,14355,744,1254,16460,46,14728,551,1122,16447,129,33286,3879,9144,46438,809,6327,1958,2652,11746,464,2098,1151,3117,6830,11,5524,476,1301,7312,1141,33900,3093,9810,47944,29,6738,727,4024,11518,3818,117899,13574,37708,172999
75,2022,1160,832,1023,5630,8645,67,15095,700,1458,17320,29,16926,657,1411,19023,177,24229,4738,8713,37857,755,6587,1921,2971,12234,489,2073,1219,3436,7217,11,6598,508,1485,8602,1447,38589,3339,11140,54515,17,7499,716,4320,12552,4152,118428,14821,40564,177965
75,2023,908,686,822,4659,7075,78,14291,631,991,15991,45,17149,589,1578,19361,144,27704,4781,8900,41529,759,6366,1570,2688,11383,335,2840,864,2434,6473,24,6937,388,1542,8891,1749,37132,3227,11368,53476,19,8832,677,4371,13899,4061,121937,13549,38531,178078
75,2024,1079,774,951,4880,7684,65,14647,643,1171,16526,44,17336,637,1950,19967,121,36397,3403,10122,50043,492,6402,1585,2978,11457,308,2652,847,2703,6510,30,7711,479,1706,9926,1820,37493,3571,12966,55850,21,9473,770,4890,15154,3980,132885,12886,43366,193117
76,2012,161,327,618,235,1341,114,7099,332,68,7613,38,7016,589,100,7743,93,12649,4525,871,18138,359,8059,2392,340,11150,117,1067,626,156,1966,33,2390,652,236,3311,162,8335,1853,606,10956,16,1804,347,172,2339,1093,48746,11934,2784,64557
76,2013,196,331,614,338,1479,146,7362,290,135,7933,39,6184,507,189,6919,76,13045,3739,1626,18486,400,7219,1838,696,10153,78,852,482,244,1656,12,2518,558,380,3468,169,8113,1512,965,10759,21,1746,258,213,2238,1137,47370,9798,4786,63091
76,2014,237,330,583,393,1543,155,8174,317,189,8835,33,6070,457,235,6795,85,13005,3332,2205,18627,343,6991,1552,951,9837,88,961,456,306,1811,41,3145,436,392,4014,167,8460,1428,1309,11364,15,1577,272,342,2206,1164,48713,8833,6322,65032
76,2015,329,336,614,504,1783,137,8074,244,225,8680,34,5743,412,328,6517,99,12084,2809,2875,17867,451,5556,1222,1258,8487,69,1057,401,373,1900,50,2439,477,520,3486,148,7785,1246,1539,10718,15,1449,214,427,2105,1332,44523,7639,8049,61543
76,2016,316,308,613,535,1772,134,8282,291,296,9003,34,5588,397,502,6521,107,13623,2608,3687,20025,506,5222,1194,1595,8517,72,991,450,482,1995,28,2211,458,573,3270,140,7989,1204,2005,11338,11,1488,199,515,2213,1348,45702,7414,10190,64654
76,2017,326,335,566,506,1733,126,8278,232,326,8962,29,6040,393,568,7030,107,15664,2376,4018,22165,515,4918,1043,1760,8236,81,1405,396,524,2406,15,2178,440,673,3306,183,8939,1235,2238,12595,22,1680,184,545,2431,1404,49437,6865,11158,68864
76,2018,367,406,534,524,1831,92,8591,280,313,9276,35,7496,350,560,8441,66,20012,2075,3612,25765,500,5535,1077,1671,8783,86,1689,442,587,2804,31,2531,412,672,3646,183,10524,1292,2239,14238,13,2083,174,579,2849,1373,58867,6636,10757,77633
76,2019,422,532,550,751,2255,107,9352,312,300,10071,28,9088,347,592,10055,122,22563,2193,3916,28794,508,6838,1102,1868,10316,88,2127,513,781,3509,20,3487,421,915,4843,155,13407,1286,2585,17433,11,2637,180,647,3475,1461,70031,6904,12355,90751
76,2020,380,552,344,1132,2408,134,8946,371,320,9771,20,8331,337,552,9240,96,26258,1986,3937,32277,513,7052,1045,1936,10546,81,2160,478,934,3653,40,3926,314,875,5155,128,14043,1124,2857,18152,10,2819,164,670,3663,1402,74087,6163,13213,94865
76,2021,468,501,446,1812,3227,113,10694,483,462,11752,29,10988,385,680,12082,130,27324,2334,4939,34727,483,7386,1440,2459,11768,130,2668,639,1352,4789,32,5164,410,1256,6862,139,16859,1441,3744,22183,15,3497,223,773,4508,1539,85081,7801,17477,111898
76,2022,465,517,464,1820,3266,76,10899,499,538,12012,22,12642,425,871,13960,110,20254,2332,4579,27275,550,7382,1370,2237,11539,115,2347,714,1573,4749,18,6062,438,1306,7824,130,18765,1499,3933,24327,7,4000,188,753,4948,1493,82868,7929,17610,109900
76,2023,372,519,426,1944,3261,85,10577,494,432,11588,23,12753,372,805,13953,109,20322,2194,4394,27019,531,7473,1259,1968,11231,79,2579,528,1080,4266,21,6571,298,1016,7906,122,20257,1402,3418,25199,6,4688,195,722,5611,1348,85739,7168,15779,110034
76,2024,380,552,491,1962,3385,81,11128,451,387,12047,31,12823,456,860,14170,101,24227,2202,4794,31324,440,7198,1139,1872,10649,62,2335,503,1187,4087,27,7306,332,1179,8844,136,20634,1529,3844,26143,6,4986,222,806,6020,1264,91189,7325,16891,116669
77,2012,18,84,98,43,243,16,851,62,12,941,6,1180,166,33,1385,11,2082,840,193,3126,38,1058,594,123,1813,23,112,96,33,264,1,333,87,32,453,23,1520,398,143,2084,0,447,114,40,601,136,7667,2455,652,10910
77,2013,36,93,95,69,293,20,1064,58,21,1163,7,1106,126,49,1288,5,2286,770,310,3371,35,933,474,161,1603,26,95,63,30,214,0,302,71,56,429,24,1577,294,226,2121,1,436,87,62,586,154,7892,2038,984,11068
77,2014,32,90,86,93,301,20,1026,43,30,1119,4,1135,117,74,1330,10,2183,639,516,3348,32,951,420,286,1689,7,127,45,42,221,2,386,63,50,501,20,1547,303,319,2189,1,399,99,95,594,128,7844,1815,1505,11292
77,2015,42,63,79,93,277,13,1109,64,46,1232,2,997,93,103,1195,11,2341,588,729,3669,47,690,285,313,1335,8,121,40,57,226,2,271,58,80,411,15,1530,257,399,2201,1,336,74,127,538,141,7458,1538,1947,11084
77,2016,25,75,69,123,292,19,1168,59,71,1317,5,1010,76,127,1218,11,2778,466,956,4211,48,657,264,417,1386,7,137,42,80,266,1,257,47,96,401,25,1667,243,521,2456,2,371,79,157,609,143,8120,1345,2548,12156
77,2017,33,86,85,128,332,14,1171,65,87,1337,7,1021,67,148,1243,21,3301,404,1093,4819,53,686,251,476,1466,13,143,43,89,288,3,292,38,104,437,18,1991,188,550,2747,1,399,71,175,646,163,9090,1212,2850,13315
77,2018,28,99,73,128,328,11,1271,52,81,1415,2,1270,68,137,1477,14,4119,368,1039,5540,51,777,208,453,1489,8,163,47,85,303,3,354,37,89,483,26,2559,207,577,3369,1,537,71,211,820,144,11149,1131,2800,15224
77,2019,41,129,80,169,419,10,1461,49,73,1593,3,1643,62,188,1896,12,5264,370,1106,6752,47,954,256,513,1770,10,266,57,114,447,3,502,48,119,672,19,3258,219,663,4159,0,709,67,210,986,145,14186,1208,3155,18694
77,2020,30,115,59,195,399,15,1287,57,88,1447,4,1442,61,151,1658,6,6945,341,1149,8441,39,972,223,571,1805,12,295,61,130,498,1,558,37,94,690,7,3070,175,676,3928,0,693,42,264,999,114,15377,1056,3318,19865
77,2021,49,123,71,333,576,13,1775,64,126,1978,2,1945,53,189,2189,18,7805,396,1450,9669,73,942,209,656,1880,11,284,56,220,571,0,715,44,143,902,14,3649,222,796,4681,1,953,45,272,1271,181,18191,1160,4185,23717
77,2022,44,114,96,398,652,19,1917,66,187,2189,4,2204,69,212,2489,23,5292,318,1331,6964,53,1075,232,697,2057,17,291,69,205,582,1,856,41,129,1027,16,4985,218,955,6174,1,1158,68,321,1548,178,17892,1177,4435,23682
77,2023,43,89,55,350,537,6,1809,61,146,2022,4,2308,60,199,2571,15,5509,272,1418,7214,60,1120,235,662,2077,9,507,123,145,784,2,1048,27,106,1183,18,4933,237,1028,6216,2,1587,61,276,1926,159,18910,1131,4330,24530
77,2024,56,76,73,345,550,5,1901,59,121,2086,7,2433,66,235,2741,14,5892,280,1412,7598,51,1050,165,689,1955,15,466,51,172,704,2,1139,40,116,1297,19,4614,224,1072,5929,0,1473,63,308,1844,169,19044,1021,4470,24704
78,2012,49,79,93,78,299,21,1161,98,26,1306,3,1095,132,32,1262,13,1826,801,227,2867,53,772,486,73,1384,21,116,86,22,245,1,276,64,19,360,25,2253,668,302,3248,1,672,217,87,977,187,8250,2645,866,11948
78,2013,46,86,89,104,325,25,1244,84,37,1390,3,1005,131,53,1192,12,1790,721,341,2864,37,797,417,144,1395,15,151,83,52,301,4,267,52,48,371,17,2136,507,438,3098,2,637,163,130,932,161,8113,2247,1347,11868
78,2014,49,115,110,116,390,16,1248,84,57,1405,2,981,109,58,1150,12,2003,684,525,3224,37,809,363,199,1408,11,215,105,74,405,2,334,42,34,412,17,2286,461,638,3402,5,524,155,178,862,151,8515,2113,1879,12658
78,2015,46,85,97,154,382,20,1367,67,69,1523,8,910,70,88,1076,19,2112,583,741,3455,35,614,297,280,1226,14,244,76,83,417,1,239,60,72,372,28,2134,403,759,3324,3,536,135,265,939,174,8241,1788,2511,12714
78,2016,57,116,96,156,425,16,1425,50,96,1587,5,917,80,127,1129,22,2400,442,1031,3895,42,510,204,340,1096,11,285,76,78,450,1,224,32,83,340,20,2388,373,971,3752,0,594,118,352,1064,174,8859,1471,3234,13738
78,2017,49,101,122,224,496,20,1530,65,98,1713,6,1006,69,140,1221,11,2800,398,1050,4259,52,516,191,395,1154,16,371,90,95,572,1,234,37,79,351,16,2962,308,1055,4341,2,636,116,384,1138,173,10156,1396,3520,15245
78,2018,63,111,109,219,502,11,1705,49,92,1857,9,1316,66,130,1521,7,3807,368,1018,5200,48,568,194,380,1190,17,445,80,134,676,2,321,34,85,442,13,3724,301,1058,5096,0,800,128,444,1372,170,12797,1329,3560,17856
78,2019,81,159,85,264,589,17,1869,101,121,2108,2,1555,63,157,1777,9,4763,341,1018,6131,53,706,179,456,1394,30,536,92,166,824,1,430,22,94,547,13,4676,330,1111,6130,3,981,108,515,1607,209,15675,1321,3902,21107
78,2020,91,128,83,276,578,13,1824,81,109,2027,8,1417,50,173,1648,15,6762,329,1109,8215,28,669,165,429,1291,23,565,80,198,866,1,496,31,101,629,17,4266,248,1190,5721,0,964,91,469,1524,196,17091,1158,4054,22499
78,2021,90,181,94,409,774,13,2279,75,144,2511,4,1903,50,185,2142,21,7180,309,1329,8839,74,601,199,488,1362,30,622,126,254,1032,0,596,38,124,758,29,4809,294,1408,6540,1,1200,84,531,1816,262,19371,1269,4872,25774
78,2022,85,161,80,375,701,3,2484,103,158,2748,2,2217,59,235,2513,10,4794,302,1268,6374,31,784,191,534,1540,24,519,111,272,926,1,671,27,114,813,13,5962,291,1443,7709,0,1492,104,607,2203,169,19084,1268,5006,25527
78,2023,88,117,90,410,705,6,2317,78,151,2552,4,2269,52,232,2557,19,5096,274,1162,6551,37,808,147,496,1488,19,448,72,192,731,0,735,26,121,882,21,5670,340,1414,7445,0,1663,103,597,2363,194,19123,1182,4775,25274
78,2024,72,142,98,398,710,8,2510,81,156,2755,4,2232,68,254,2558,12,5590,276,1239,7117,38,789,144,525,1496,16,379,86,259,740,1,735,39,118,893,47,5479,344,1496,7366,23,2033,95,610,2761,221,19889,1231,5055,26396
79,2012,17,20,34,13,84,3,201,2,1,207,0,231,11,0,242,3,452,123,7,585,3,192,50,3,248,10,36,14,4,64,8,133,15,5,161,7,242,56,16,321,0,54,11,2,67,51,1561,316,51,1979
79,2013,30,13,33,6,82,6,206,10,3,225,0,212,9,2,223,5,594,107,15,721,1,218,43,4,266,2,42,16,6,66,1,140,31,9,181,10,249,58,19,336,0,53,10,5,68,55,1727,317,69,2168
79,2014,11,12,37,8,68,3,224,2,3,232,1,222,9,4,236,5,515,104,26,650,2,175,31,6,214,5,48,11,6,70,0,133,26,15,174,8,224,35,26,293,0,59,7,7,73,35,1612,262,101,2010
79,2015,13,16,40,15,84,5,241,8,5,259,1,205,12,3,221,4,503,90,41,638,3,153,53,8,217,2,53,15,5,75,3,102,22,9,136,4,219,42,25,290,0,51,4,8,63,35,1543,286,119,1983
79,2016,20,17,50,10,97,9,236,6,4,255,2,171,15,10,198,4,542,89,51,686,2,125,36,9,172,4,67,22,7,100,1,106,30,6,143,7,234,33,38,312,0,33,9,10,52,49,1531,290,145,2015
79,2017,13,12,51,17,93,2,242,9,7,260,3,182,8,7,200,3,607,80,58,748,3,144,45,27,219,3,77,12,15,107,0,117,13,11,141,8,248,51,47,354,0,47,8,10,65,35,1676,277,199,2187
79,2018,26,10,47,23,106,2,274,7,5,288,0,243,11,16,270,4,664,66,61,795,5,161,46,16,228,7,93,25,7,132,5,112,13,13,143,8,306,48,49,411,0,71,12,20,103,57,1934,275,210,2476
79,2019,19,15,43,28,105,2,268,14,8,292,0,298,8,8,314,8,693,62,65,828,3,160,40,19,222,5,100,20,27,152,0,150,14,14,178,5,380,35,52,472,0,82,1,13,96,42,2146,237,234,2659
79,2020,27,12,37,48,124,3,226,13,3,245,0,242,14,13,269,3,831,58,70,962,1,157,43,27,228,6,141,17,36,200,1,195,18,19,233,2,416,39,54,511,0,70,7,18,95,43,2290,246,288,2867
79,2021,31,20,38,74,163,5,285,11,8,309,1,357,11,8,377,5,834,92,83,1014,5,174,48,40,267,3,118,13,67,201,0,253,27,34,314,3,452,46,64,565,0,105,4,14,123,53,2598,290,392,3333
79,2022,30,23,44,66,163,7,304,10,5,326,0,422,5,13,440,8,670,71,87,836,1,198,51,29,279,3,131,18,58,210,0,300,21,36,357,4,514,59,91,668,1,124,4,12,141,54,2686,283,397,3420
79,2023,22,19,22,51,114,3,291,6,6,306,3,467,12,14,496,4,673,74,92,843,4,188,46,31,269,3,91,25,61,180,0,381,18,57,456,9,557,47,66,679,0,144,2,14,160,48,2811,252,392,3503
79,2024,19,12,35,68,134,3,314,10,8,335,1,428,12,22,463,2,739,85,95,921,5,166,42,35,248,4,74,24,76,178,1,380,23,77,481,7,557,53,70,687,0,150,3,14,167,42,2820,287,465,3614
80,2012,5,18,23,12,58,0,310,18,2,330,2,474,32,5,513,4,674,185,32,895,30,286,98,4,418,7,68,26,1,102,1,115,18,10,144,8,344,83,20,455,2,76,9,7,94,59,2365,492,93,3009
80,2013,13,25,29,10,77,5,314,16,5,340,2,384,24,5,415,8,688,173,54,923,26,288,75,22,411,5,67,18,9,99,2,126,29,15,172,14,281,64,32,391,0,64,15,13,92,75,2237,443,165,2920
80,2014,19,19,19,7,64,13,343,13,10,379,1,379,21,10,411,8,688,180,79,955,25,304,71,31,431,2,60,13,5,80,8,151,14,17,190,7,305,76,54,442,1,57,12,12,82,84,2306,419,225,3034
80,2015,34,27,21,12,94,5,407,16,7,435,2,336,20,12,370,6,639,184,123,952,46,239,55,49,389,6,65,11,14,96,1,140,10,25,176,9,302,48,51,410,0,63,10,14,87,109,2218,375,307,3009
80,2016,31,23,18,16,88,5,380,15,10,410,1,297,16,25,339,8,711,119,133,971,100,224,54,57,435,12,78,12,18,120,0,100,14,24,138,13,357,51,87,508,4,53,7,17,81,174,2223,306,387,3090
80,2017,39,27,29,23,118,6,371,17,17,411,0,301,22,25,348,3,817,103,149,1072,123,197,66,55,441,5,112,16,15,148,2,89,14,21,126,11,374,63,89,537,1,57,4,25,87,190,2345,334,419,3288
80,2018,32,44,25,18,119,1,417,15,7,440,2,370,13,20,405,7,1519,105,175,1806,147,241,53,67,508,5,126,17,31,179,2,130,16,27,175,15,436,45,106,602,0,75,3,25,103,211,3358,292,476,4337
80,2019,47,45,20,46,158,4,443,23,13,483,1,480,18,26,525,9,1452,108,169,1738,136,285,49,51,521,10,196,19,38,263,0,177,14,49,240,21,576,54,85,736,0,117,7,29,153,228,3771,312,506,4817
80,2020,60,25,15,61,161,10,421,23,20,474,2,418,15,24,459,11,1647,97,181,1936,57,261,55,80,453,15,203,22,31,271,12,205,17,26,260,8,619,39,124,790,1,104,3,32,140,176,3903,286,579,4944
80,2021,55,29,23,85,192,10,493,30,22,555,0,577,10,26,613,8,1764,99,222,2093,66,297,62,80,505,14,181,22,62,279,4,259,16,32,311,13,720,68,135,936,0,156,8,25,189,170,4476,338,689,5673
80,2022,74,30,23,112,239,7,542,14,16,579,3,619,16,37,675,12,1241,109,238,1600,61,335,52,103,551,10,160,28,56,254,0,392,22,41,455,21,1004,53,153,1231,1,175,9,33,218,189,4498,326,789,5802
80,2023,58,28,14,79,179,4,492,18,15,529,1,685,17,33,736,4,1247,83,204,1538,61,303,36,71,471,4,124,16,44,188,2,486,9,51,548,19,999,49,126,1193,0,236,7,27,270,153,4600,249,650,5652
80,2024,34,28,15,87,164,4,535,17,27,583,2,678,19,40,739,9,1317,94,253,1673,55,301,36,69,461,3,108,18,47,176,1,542,18,42,603,14,963,59,163,1199,0,209,4,27,240,122,4681,280,755,5838
81,2012,15,15,37,15,82,6,407,15,2,430,1,371,16,2,390,5,589,189,47,830,6,361,116,12,495,3,65,20,11,99,2,147,44,19,212,6,368,83,25,482,1,76,6,3,86,45,2399,526,136,3106
81,2013,11,22,24,19,76,10,383,9,6,408,1,352,20,9,382,2,666,161,91,920,1,323,64,25,413,3,23,10,6,42,1,188,33,30,252,10,301,59,42,412,2,61,7,7,77,41,2319,387,235,2982
81,2014,15,22,36,10,83,6,442,15,17,480,5,325,18,12,360,1,558,147,80,786,4,279,59,33,375,8,39,19,12,78,12,291,27,24,354,8,367,44,59,478,0,68,10,13,91,59,2391,375,260,3085
81,2015,26,7,29,24,86,5,401,5,9,420,3,307,18,16,344,2,537,135,115,789,2,224,50,45,321,2,37,13,9,61,8,203,36,22,269,4,364,52,66,486,1,53,7,22,83,53,2133,345,328,2859
81,2016,24,13,35,29,101,8,423,15,11,457,5,290,17,21,333,6,586,114,147,853,3,218,38,57,316,2,93,12,15,122,0,139,36,31,206,7,354,51,77,489,1,68,2,14,85,56,2184,320,402,2962
81,2017,22,18,25,18,83,7,478,6,16,507,0,313,17,24,354,4,662,118,140,924,2,207,40,57,306,3,93,20,20,136,5,145,35,29,214,6,387,40,102,535,1,66,4,23,94,50,2369,305,429,3153
81,2018,17,22,31,13,83,5,463,12,14,494,1,400,14,21,436,2,794,87,151,1034,3,246,41,64,354,3,97,15,34,149,8,180,46,35,269,6,429,66,87,588,0,71,9,15,95,45,2702,321,434,3502
81,2019,24,19,36,31,110,5,434,16,10,465,0,482,23,22,527,3,993,118,171,1285,4,282,57,69,412,3,146,25,32,206,3,239,32,84,358,6,564,58,119,747,0,103,9,27,139,48,3262,374,565,4249
81,2020,21,22,22,64,129,4,424,12,15,455,0,418,23,25,466,7,1176,104,161,1448,4,296,47,66,413,1,103,32,48,184,6,283,18,82,389,7,571,55,120,753,0,126,5,23,154,50,3419,318,604,4391
81,2021,21,17,27,82,147,4,548,18,20,590,0,598,17,20,635,2,1228,128,196,1554,7,301,92,99,499,6,92,31,61,190,0,318,30,124,472,3,723,69,158,953,0,150,12,23,185,43,3975,424,783,5225
81,2022,17,27,30,80,154,7,519,17,20,563,1,692,31,32,756,3,896,120,183,1202,8,326,69,62,465,7,86,27,95,215,1,416,37,174,628,6,796,72,170,1044,0,165,8,40,213,50,3923,411,856,5240
81,2023,19,32,30,89,170,2,503,24,14,543,0,662,18,29,709,10,890,103,167,1170,8,350,79,76,513,5,139,22,71,237,1,452,28,62,543,4,962,81,152,1199,0,197,7,29,233,49,4187,392,689,5317
81,2024,13,22,29,107,171,7,509,20,20,556,1,599,34,35,669,3,1014,112,183,1312,7,350,53,68,478,4,119,24,55,202,3,530,29,86,648,5,978,81,160,1224,0,221,5,30,256,43,4342,387,744,5516
82,2012,0,11,16,8,35,3,211,13,2,229,2,264,26,4,296,3,575,159,21,758,1,319,104,15,439,3,26,12,5,46,1,90,27,5,123,1,288,48,9,346,1,48,5,1,55,15,1832,410,70,2327
82,2013,4,7,24,6,41,4,212,4,3,223,1,237,10,2,250,3,511,134,54,702,3,322,68,30,423,2,35,12,1,50,1,109,16,18,144,6,274,44,28,352,0,37,7,6,50,24,1744,319,148,2235
82,2014,3,12,18,14,47,8,214,10,8,240,1,208,11,8,228,3,529,117,67,716,7,267,63,33,370,3,34,9,9,55,0,111,13,14,138,4,263,41,23,331,1,29,5,1,36,30,1667,287,177,2161
82,2015,2,17,19,10,48,4,245,12,4,265,0,200,23,8,231,3,505,92,68,668,2,247,34,42,325,1,36,9,4,50,1,88,13,9,111,2,221,35,41,299,0,44,7,10,61,15,1603,244,196,2058
82,2016,7,13,17,16,53,4,269,11,8,292,1,181,18,15,215,5,509,73,125,712,2,223,35,47,307,3,67,10,11,91,2,88,16,13,119,5,237,37,64,343,0,31,4,11,46,29,1618,221,310,2178
82,2017,4,14,21,26,65,1,235,11,11,258,1,195,15,15,226,5,553,62,113,733,0,198,35,69,302,2,27,7,9,45,0,99,8,24,131,4,236,26,58,324,2,40,2,10,54,19,1597,187,335,2138
82,2018,7,13,14,15,49,5,241,4,9,259,2,272,17,19,310,1,660,59,84,804,2,231,32,49,314,0,30,5,10,45,1,95,13,15,124,7,299,33,48,387,2,49,2,16,69,27,1890,179,265,2361
82,2019,5,16,22,15,58,3,289,10,6,308,0,323,13,21,357,2,744,62,101,909,3,239,50,55,347,0,24,12,15,51,2,154,13,17,186,5,351,33,74,463,0,65,4,13,82,20,2205,219,317,2761
82,2020,11,13,12,30,66,5,245,9,7,266,0,284,13,13,310,2,821,52,103,978,7,272,37,69,385,0,87,8,13,108,2,146,15,18,181,5,450,32,80,567,0,61,2,12,75,32,2379,180,345,2936
82,2021,19,14,13,43,89,4,329,7,9,349,1,352,16,27,396,4,838,85,148,1075,6,281,42,88,417,3,155,11,37,206,0,222,8,29,259,4,469,28,92,593,0,92,9,17,118,41,2752,219,490,3502
82,2022,10,14,19,71,114,2,292,8,16,318,0,420,15,25,460,4,698,83,131,916,5,300,56,65,426,3,136,8,38,185,0,297,19,33,349,2,542,48,85,677,0,101,6,12,119,26,2800,262,476,3564
82,2023,4,18,11,53,86,3,300,11,8,322,1,439,9,26,475,6,677,62,150,895,13,305,36,67,421,4,94,14,31,143,1,315,6,19,341,4,618,37,93,752,0,115,5,14,134,36,2881,191,461,3569
82,2024,5,13,12,60,90,0,332,16,10,358,2,419,13,31,465,3,696,73,143,915,5,271,38,55,369,1,90,13,28,132,1,327,14,22,364,3,576,34,93,706,1,102,3,8,114,21,2826,216,450,3513
83,2012,19,73,115,55,262,17,1224,60,8,1309,7,1534,130,22,1693,19,2671,984,180,3854,63,1859,542,89,2553,15,196,176,47,434,2,473,101,33,609,17,1785,352,131,2285,0,306,54,21,381,159,10121,2514,586,13380
83,2013,44,72,104,63,283,20,1294,61,33,1408,4,1279,106,49,1438,24,2764,751,368,3907,34,1690,424,210,2358,21,129,130,77,357,2,455,81,54,592,28,1739,299,205,2271,4,256,43,34,337,181,9678,1999,1093,12951
83,2014,27,53,85,81,246,22,1342,58,42,1464,2,1278,107,78,1465,12,2584,666,541,3803,37,1586,321,255,2199,30,155,116,112,413,3,475,71,71,620,17,1841,244,302,2404,3,212,27,51,293,153,9526,1695,1533,12907
83,2015,36,56,98,90,280,21,1290,49,47,1407,3,1166,77,93,1339,22,2534,513,732,3801,38,1458,263,362,2121,18,163,102,106,389,1,369,63,71,504,26,1609,249,358,2242,3,231,13,56,303,168,8876,1427,1915,12386
83,2016,32,58,122,109,321,22,1439,61,57,1579,5,1102,61,131,1299,25,2565,426,866,3882,65,1251,247,458,2021,23,227,99,134,483,1,393,55,96,545,24,1642,194,494,2354,3,241,19,78,341,200,8918,1284,2423,12825
83,2017,58,74,80,137,349,14,1324,52,72,1462,8,1161,61,139,1369,23,2778,424,971,4196,52,1258,211,461,1982,20,281,92,135,528,5,403,52,123,583,20,1847,174,515,2556,2,253,26,76,357,202,9379,1172,2629,13382
83,2018,57,80,91,126,354,9,1519,52,59,1639,4,1507,63,122,1696,12,3500,347,787,4646,63,1436,191,445,2135,20,355,115,158,648,5,440,46,58,549,23,2213,201,522,2959,1,297,14,87,399,194,11347,1120,2364,15025
83,2019,52,80,83,167,382,20,1573,62,67,1722,1,1784,65,159,2009,20,3683,392,854,4949,53,1672,214,493,2432,22,421,111,208,762,1,558,43,112,714,16,2696,216,534,3462,2,382,24,91,499,187,12849,1210,2685,16931
83,2020,59,73,63,227,422,10,1398,71,59,1538,3,1575,48,156,1782,18,4355,343,866,5582,52,1687,225,479,2443,35,526,87,224,872,3,633,59,89,784,19,2813,204,545,3581,3,413,24,98,538,202,13473,1124,2743,17542
83,2021,78,81,61,335,555,8,1713,79,94,1894,7,2193,57,173,2430,16,4546,395,1145,6102,88,1842,263,601,2794,42,657,109,304,1112,0,829,62,145,1036,26,3663,214,704,4607,0,544,34,112,690,265,16068,1274,3613,21220
83,2022,62,73,92,320,547,6,1698,106,117,1927,4,2633,76,199,2912,31,3473,390,983,4877,45,1929,276,602,2852,39,672,130,362,1203,0,1045,55,132,1232,24,4223,305,850,5402,1,588,24,95,708,212,16334,1454,3660,21660
83,2023,64,49,78,325,516,9,1670,95,99,1873,4,2498,77,197,2776,23,3463,394,999,4879,90,1742,195,514,2541,26,637,133,243,1039,1,1050,45,102,1198,23,4429,290,843,5585,2,626,23,104,755,242,16164,1330,3426,21162
83,2024,69,69,106,334,578,8,1662,81,99,1850,3,2622,71,222,2918,21,3703,402,1079,5205,36,1876,225,558,2695,22,563,121,285,991,4,1006,43,103,1156,24,4427,259,844,5554,3,704,26,101,834,190,16632,1334,3625,21781
84,2012,268,367,904,404,1943,131,8897,464,128,9620,26,7807,677,131,8641,135,12597,4805,1158,18695,451,8180,2776,458,11865,224,1013,851,248,2336,16,2776,786,289,3867,183,10272,2646,957,14058,20,2252,470,237,2979,1454,54161,14379,4010,74004
84,2013,333,353,940,546,2172,112,9187,369,153,9821,46,7154,566,211,7977,131,13716,4316,1995,20158,468,7737,2351,871,11427,201,859,664,328,2052,24,3168,622,409,4223,167,10229,2226,1433,14055,21,2135,361,318,2835,1503,54538,12415,6264,74720
84,2014,312,355,989,665,2321,163,9683,405,213,10464,42,7146,528,316,8032,122,14198,3748,2628,20696,394,7556,1859,1220,11029,148,985,576,382,2091,17,3618,547,466,4648,186,11002,2021,1803,15012,24,2055,298,468,2845,1408,56598,10971,8161,77138
84,2015,355,371,874,711,2311,147,9745,369,257,10518,35,6456,494,412,7397,156,13811,3231,3355,20553,492,5788,1438,1437,9155,166,1130,608,503,2407,8,2777,483,567,3835,164,9993,1781,2330,14268,12,1878,256,527,2673,1535,51949,9534,10099,73117
84,2016,301,348,677,657,1983,127,9795,393,339,10654,35,6258,436,565,7294,126,16099,3006,4180,23411,664,5212,1308,1819,9003,172,1356,633,613,2774,16,2541,502,659,3718,222,10372,1813,2902,15309,20,1981,272,682,2955,1683,53962,9040,12416,77101
84,2017,413,339,742,800,2294,122,10275,430,411,11238,40,7070,443,614,8167,160,18256,2631,4667,25714,700,5322,1308,2090,9420,219,2030,756,768,3773,37,2557,444,677,3715,207,12196,1844,3265,17512,17,2152,226,783,3178,1915,60197,8824,14075,85011
84,2018,478,458,828,794,2558,113,10849,470,367,11799,37,8342,426,648,9453,132,22894,2574,4207,29807,736,6295,1362,2011,10404,245,2347,740,839,4171,22,2902,422,665,4011,168,15173,1890,3265,20496,14,2613,246,719,3592,1945,71873,8958,13515,96291
84,2019,499,492,690,1171,2852,97,11707,468,372,12644,28,10816,446,657,11947,123,27177,2583,4517,34400,775,8100,1541,2103,12519,204,2651,882,1158,4895,30,4599,434,772,5835,134,18958,1984,3882,24958,13,3357,241,835,4446,1903,87857,9269,15467,114496
84,2020,444,452,520,1498,2914,122,10685,455,428,11690,25,9978,378,638,11019,133,31382,2327,4856,38698,651,8178,1464,2249,12542,204,3139,808,1445,5596,31,4849,376,840,6096,128,18821,1738,4154,24841,18,3615,231,838,4702,1756,91099,8297,16946,118098
84,2021,532,513,653,1985,3683,100,12227,615,610,13552,33,13002,477,791,14303,171,30465,2882,6102,39620,759,8311,1896,2739,13705,281,3185,1077,2079,6622,16,5945,545,1087,7593,123,21321,2195,5309,28948,15,4837,284,1066,6202,2030,99806,10624,21768,134228
84,2022,577,519,764,2380,4240,84,13272,630,700,14686,25,14860,629,926,16440,217,22928,2799,5631,31575,822,8580,1815,2703,13920,224,2969,1251,2192,6636,18,7051,539,1155,8763,126,25045,2295,5317,32783,5,5257,296,1005,6563,2098,100481,11018,22009,135606
84,2023,426,484,801,2507,4218,80,12441,518,546,13585,42,14366,498,856,15762,219,24133,2687,5231,32270,569,7655,1433,2093,11750,171,2466,979,1669,5285,17,6770,387,973,8147,132,25493,2119,4766,32510,10,5806,316,971,7103,1666,99614,9738,19612,130630
84,2024,469,442,930,2533,4374,89,13291,520,551,14451,34,14816,585,1082,16517,176,28017,2961,6134,37288,456,8078,1619,2409,12562,125,2327,938,1651,5041,24,7493,459,1111,9087,181,26060,2370,5412,34023,10,6049,301,1076,7436,1564,106573,10683,21959,140779
85,2012,22,23,64,17,126,1,417,26,3,447,3,488,51,2,544,7,998,282,26,1313,10,365,201,14,590,14,74,54,7,149,27,265,69,11,372,21,482,167,25,695,0,97,18,11,126,105,3209,932,116,4362
85,2013,37,35,83,35,190,17,424,25,13,479,4,429,59,6,498,12,947,300,74,1333,11,320,164,13,508,2,80,63,21,166,6,221,47,32,306,22,489,122,37,670,1,101,15,12,129,112,3046,878,243,4279
85,2014,32,22,80,41,175,11,476,20,4,511,4,507,38,13,562,5,1069,298,86,1458,17,299,137,22,475,4,67,41,15,127,3,245,42,19,309,16,497,138,57,708,0,82,13,14,109,92,3264,807,271,4434
85,2015,44,31,91,33,199,12,519,22,8,561,3,432,37,12,484,12,1040,262,106,1420,9,272,121,23,425,4,80,36,17,137,1,277,48,34,360,24,436,126,83,669,0,69,12,9,90,109,3156,755,325,4345
85,2016,50,24,101,48,223,12,515,22,13,562,2,408,42,27,479,10,1059,265,148,1482,14,238,114,49,415,3,137,41,33,214,3,255,42,44,344,27,488,116,98,729,2,86,15,28,131,123,3210,758,488,4579
85,2017,44,23,81,35,183,12,538,25,20,595,4,422,41,20,487,14,1235,216,186,1651,19,235,141,62,457,7,177,44,49,277,2,248,60,51,361,23,497,152,118,790,0,90,11,20,121,125,3465,771,561,4922
85,2018,44,31,74,40,189,8,487,33,24,552,1,511,33,27,572,8,1315,208,138,1669,13,259,136,43,451,9,158,71,43,281,1,266,51,42,360,13,579,179,117,888,0,87,11,14,112,97,3693,796,488,5074
85,2019,57,42,62,41,202,7,596,32,18,653,3,736,47,19,805,16,1413,232,173,1834,13,311,136,42,502,3,281,82,79,445,2,360,53,63,478,14,712,211,163,1100,0,141,7,26,174,115,4592,862,624,6193
85,2020,45,41,53,63,202,3,517,27,9,556,1,646,27,26,700,10,1435,215,164,1824,10,355,138,68,571,6,289,66,94,455,0,418,53,55,526,14,794,183,181,1172,0,164,18,26,208,89,4659,780,686,6214
85,2021,49,33,72,108,262,9,602,31,20,662,3,859,48,33,943,17,1603,275,219,2114,36,358,211,73,678,3,314,72,154,543,1,547,54,73,675,14,929,231,229,1403,0,233,12,44,289,132,5478,1006,953,7569
85,2022,61,37,81,114,293,6,597,58,24,685,0,1038,62,28,1128,19,1123,288,184,1614,18,361,236,71,686,5,292,100,195,592,0,663,69,89,821,10,1195,237,245,1687,0,250,23,35,308,119,5556,1154,985,7814
85,2023,49,35,118,147,349,34,681,43,26,784,2,997,49,36,1084,8,1176,213,201,1598,24,321,169,71,585,6,223,73,128,430,1,758,55,133,947,12,1190,218,159,1579,0,248,19,34,301,136,5629,957,935,7657
85,2024,45,33,123,140,341,7,610,46,13,676,4,1017,54,39,1114,16,1299,231,253,1799,6,374,161,71,612,7,182,52,135,376,1,748,51,119,919,3,1328,212,223,1766,0,261,10,39,310,89,5852,940,1032,7913
86,2012,25,18,40,7,90,5,271,13,2,291,2,347,25,1,375,4,548,154,26,732,10,254,78,1,343,4,44,31,1,80,4,153,45,3,205,9,337,73,18,437,2,85,11,3,101,65,2057,470,62,2654
86,2013,31,19,35,8,93,6,291,14,3,314,6,323,26,7,362,5,668,170,36,879,6,263,64,13,346,7,45,22,3,77,0,113,26,18,157,10,362,77,22,471,0,81,11,4,96,71,2165,445,114,2795
86,2014,29,19,34,13,95,10,297,10,7,324,2,344,26,1,373,5,637,144,51,837,9,251,64,15,339,4,29,18,7,58,2,147,20,18,187,5,345,58,41,449,1,60,6,7,74,67,2129,380,160,2736
86,2015,21,15,46,16,98,8,346,14,7,375,2,279,15,7,303,4,675,117,65,861,6,214,35,19,274,4,71,22,16,113,0,120,30,11,161,8,322,58,43,431,1,52,3,16,72,54,2094,340,200,2688
86,2016,44,20,41,23,128,7,335,16,7,365,2,272,28,15,317,7,709,124,83,923,8,194,46,30,278,4,87,18,8,117,1,118,29,19,167,4,329,50,50,433,1,48,7,8,64,78,2112,359,243,2792
86,2017,39,18,49,20,126,7,332,7,11,357,2,269,17,18,306,4,725,130,71,930,6,173,33,31,243,3,85,28,15,131,1,151,24,38,214,9,369,52,70,500,1,69,9,15,94,72,2191,349,289,2901
86,2018,43,17,57,24,141,8,356,18,9,391,3,302,14,16,335,2,1089,84,100,1275,5,189,48,37,279,5,138,16,17,176,0,133,22,29,184,7,431,54,50,542,0,72,7,17,96,73,2727,320,299,3419
86,2019,42,19,55,47,163,8,414,18,5,445,0,408,25,15,448,2,1147,108,82,1339,3,221,56,29,309,6,127,34,25,192,0,165,17,33,215,4,571,49,63,687,0,104,4,21,129,65,3176,366,320,3927
86,2020,38,15,39,47,139,7,400,24,12,443,0,387,14,26,427,4,1314,72,117,1507,12,250,39,44,345,10,150,22,40,222,0,226,38,40,304,4,584,62,86,736,1,128,11,25,165,76,3454,321,437,4288
86,2021,34,27,41,62,164,6,445,22,13,486,2,511,13,18,544,4,1353,111,144,1612,4,261,52,54,371,8,141,34,46,229,0,291,25,51,367,11,673,61,85,830,0,172,5,24,201,69,3874,364,497,4804
86,2022,42,13,39,82,176,1,555,26,19,601,1,636,18,25,680,4,1029,112,154,1299,4,222,59,58,343,13,123,36,79,251,1,384,23,53,461,6,989,77,107,1179,0,214,5,23,242,72,4165,395,600,5232
86,2023,38,24,46,80,188,3,455,22,14,494,1,599,14,21,635,4,989,87,108,1188,19,249,52,40,360,11,110,42,64,227,0,428,22,62,512,9,901,65,91,1066,0,229,9,24,262,85,3984,359,504,4932
86,2024,20,16,33,60,129,5,460,22,23,510,1,588,10,25,624,6,1064,89,125,1284,9,251,48,30,338,13,103,28,74,218,1,443,20,78,542,6,871,61,107,1045,2,229,11,17,259,63,4025,322,539,4949
87,2012,4,13,43,17,77,4,272,17,0,293,1,267,19,4,291,9,447,181,20,657,3,263,75,11,352,2,46,23,9,80,0,160,23,15,198,6,249,69,11,335,0,57,8,6,71,29,1774,458,93,2354
87,2013,5,15,29,18,67,8,297,9,4,318,3,278,20,6,307,3,501,152,46,702,4,272,72,13,361,4,38,22,7,71,2,130,27,18,177,6,265,57,30,358,0,59,8,10,77,35,1855,396,152,2438
87,2014,7,11,33,18,69,4,293,13,8,318,4,300,29,12,345,9,519,134,79,741,1,217,55,13,286,5,21,14,10,50,0,155,22,15,192,7,296,38,27,368,0,43,9,11,63,37,1855,347,193,2432
87,2015,3,10,29,19,61,6,292,10,5,313,5,217,22,6,250,3,498,128,74,703,4,186,55,18,263,4,34,12,8,58,1,107,12,12,132,2,284,47,39,372,0,49,2,14,65,28,1677,317,195,2217
87,2016,12,11,34,22,79,2,361,9,7,379,2,233,16,8,259,4,481,105,90,680,3,139,51,37,230,3,71,21,12,107,0,119,18,23,160,8,255,42,55,360,1,58,10,14,83,35,1728,306,268,2337
87,2017,10,19,38,22,89,4,320,18,11,353,1,315,16,16,348,5,592,94,117,808,5,151,42,38,236,5,62,17,15,99,1,115,15,17,148,4,303,45,60,412,0,47,5,16,68,35,1924,290,312,2561
87,2018,3,14,28,29,74,5,322,19,9,355,0,316,15,16,347,0,890,81,93,1064,2,195,51,38,286,3,31,15,19,68,1,133,15,19,168,4,348,42,77,471,0,84,7,13,104,18,2333,273,313,2937
87,2019,8,18,18,33,77,3,400,16,13,432,2,379,22,12,415,5,904,94,102,1105,4,204,51,44,303,6,16,19,23,64,2,176,21,21,220,6,474,42,60,582,0,84,4,20,108,36,2655,287,328,3306
87,2020,10,23,32,53,118,3,331,14,7,355,1,369,11,16,397,4,1036,86,106,1232,9,206,47,40,302,2,8,30,46,86,1,220,27,26,274,2,481,40,84,607,0,94,6,18,118,32,2768,293,396,3489
87,2021,4,26,28,77,135,5,455,32,12,504,1,468,20,24,513,4,1253,103,166,1526,8,248,69,44,369,8,14,34,49,105,0,279,29,37,345,6,627,55,95,783,2,121,5,20,148,38,3491,375,524,4428
87,2022,9,28,17,67,121,2,425,26,12,465,2,454,29,15,500,6,943,110,127,1186,2,235,64,50,351,10,9,28,65,112,0,334,24,32,390,7,680,60,95,842,0,95,4,15,114,38,3203,362,478,4081
87,2023,8,23,12,58,101,3,400,28,11,442,1,530,20,19,570,0,868,105,123,1096,5,268,51,33,357,5,88,24,56,173,1,322,21,49,393,2,729,47,90,868,0,167,7,10,184,25,3395,315,449,4184
87,2024,1,30,25,68,124,4,427,11,9,451,0,480,24,32,536,5,961,112,124,1202,8,233,50,48,339,7,97,19,52,175,0,362,22,48,432,2,760,49,128,939,1,176,9,14,200,28,3526,321,523,4398
88,2012,9,13,26,6,54,6,230,4,5,245,1,292,29,3,325,0,563,179,33,775,9,326,107,13,455,1,32,19,3,55,1,153,35,14,203,11,255,59,16,341,2,56,7,3,68,40,1920,465,96,2521
88,2013,8,20,33,17,78,4,196,12,4,216,0,283,20,4,307,1,684,150,51,886,5,253,79,38,375,4,29,23,4,60,1,210,33,22,266,4,266,53,18,341,0,52,9,5,66,27,1993,412,163,2595
88,2014,9,26,24,11,70,6,230,8,4,248,1,273,12,9,295,7,658,154,61,880,3,286,57,22,368,6,35,14,2,57,1,189,28,13,231,3,278,48,40,369,0,39,4,7,50,36,2014,349,169,2568
88,2015,6,24,30,19,79,6,248,6,7,267,0,220,14,8,242,2,591,123,75,791,1,221,49,35,306,3,23,17,10,53,1,126,29,27,183,6,233,32,43,314,0,56,4,12,72,25,1742,304,236,2307
88,2016,4,18,24,13,59,5,209,3,7,224,1,230,19,12,262,3,666,124,124,917,5,186,42,44,277,1,40,15,13,69,1,124,29,22,176,3,232,31,46,312,0,48,8,9,65,23,1753,295,290,2361
88,2017,14,15,36,19,84,10,220,10,5,245,2,196,16,19,233,5,664,126,106,901,6,188,40,46,280,4,57,12,17,90,1,154,18,33,206,6,252,48,41,347,0,42,4,11,57,48,1788,310,297,2443
88,2018,15,11,19,14,59,3,217,4,6,230,1,250,17,22,290,1,760,93,123,977,3,207,52,49,311,2,72,15,22,111,1,136,17,29,183,5,287,43,57,392,0,54,4,13,71,31,1994,264,335,2624
88,2019,10,19,25,28,82,6,240,7,8,261,0,301,18,20,339,1,799,89,108,997,3,284,57,63,407,4,75,22,23,124,0,193,14,31,238,2,399,40,65,506,0,58,4,15,77,26,2368,276,361,3031
88,2020,9,15,7,32,63,6,228,8,9,251,2,260,11,17,290,4,995,88,120,1207,2,254,61,67,384,3,105,18,22,148,1,187,18,24,230,7,381,34,91,513,0,68,2,13,83,34,2493,247,395,3169
88,2021,13,18,19,30,80,5,343,7,8,363,0,340,18,18,376,5,872,122,168,1167,3,291,71,71,436,6,84,33,53,176,1,246,20,41,308,7,569,51,86,713,0,101,6,11,118,40,2864,347,486,3737
88,2022,6,13,17,63,99,3,307,14,18,342,0,405,19,25,449,12,645,95,166,918,6,302,67,80,455,10,97,32,49,188,0,311,24,43,378,4,537,56,105,702,0,117,6,11,134,41,2734,330,560,3665
88,2023,13,15,18,51,97,4,297,11,10,322,1,443,18,26,488,1,666,90,136,893,12,292,63,75,442,4,78,30,48,160,1,367,15,50,433,4,623,39,86,752,0,92,1,14,107,40,2873,285,496,3694
88,2024,14,21,14,48,97,5,326,18,16,365,2,435,19,18,474,2,749,72,160,983,3,277,40,67,387,4,83,23,41,151,2,454,14,53,523,2,716,46,97,861,0,138,6,8,152,34,3199,252,508,3993
89,2012,27,13,16,7,63,7,201,13,1,222,1,230,23,3,257,5,521,153,27,706,1,245,90,12,348,5,45,13,2,65,3,123,13,7,146,9,242,60,14,325,1,52,9,4,66,59,1672,390,77,2198
89,2013,42,11,23,11,87,5,203,7,2,217,3,236,19,11,269,1,645,124,51,821,2,214,69,19,304,8,33,14,2,57,0,87,15,12,114,14,255,55,37,361,0,48,7,0,55,75,1732,333,145,2285
89,2014,30,15,19,20,84,8,226,5,5,244,3,199,16,6,224,6,645,131,76,858,1,212,48,27,288,5,24,8,4,41,1,119,15,16,151,8,234,31,29,302,1,43,9,5,58,63,1717,282,188,2250
89,2015,21,16,19,14,70,6,200,6,6,218,2,213,14,15,244,5,575,114,75,769,2,179,50,32,263,0,56,8,5,69,1,100,18,14,133,12,212,37,39,300,0,31,6,7,44,49,1582,272,207,2110
89,2016,18,10,11,9,48,6,215,10,8,239,1,173,10,17,201,7,619,79,118,823,4,172,32,49,257,2,42,7,11,62,2,77,17,15,111,12,224,38,66,340,2,41,3,11,57,54,1573,207,304,2138
89,2017,23,9,19,11,62,4,235,7,7,253,2,195,12,23,232,11,856,70,123,1060,3,138,27,52,220,1,60,7,12,80,1,107,10,16,134,8,229,32,74,343,0,49,3,8,60,53,1878,187,326,2444
89,2018,33,19,12,8,72,1,233,6,15,255,1,247,6,19,273,7,796,84,137,1024,1,180,27,37,245,5,125,9,17,156,0,126,12,14,152,14,310,37,66,427,0,44,5,17,66,62,2080,198,330,2670
89,2019,30,17,6,19,72,5,241,4,10,260,2,293,15,23,333,6,818,74,150,1048,8,217,59,46,330,4,108,13,16,141,1,138,18,23,180,7,375,37,68,487,0,96,7,20,123,63,2303,233,375,2974
89,2020,25,18,5,23,71,1,200,5,10,216,0,253,10,17,280,3,1053,66,125,1247,0,254,47,51,352,2,145,14,26,187,0,177,12,26,215,6,349,32,103,490,0,70,3,24,97,37,2519,194,405,3155
89,2021,44,18,10,31,103,1,255,12,10,278,0,366,13,21,400,7,1071,87,172,1337,1,239,48,66,354,5,153,19,17,194,1,257,22,22,302,9,486,38,111,644,1,90,6,15,112,69,2935,255,465,3724
89,2022,36,15,5,40,96,3,271,11,11,296,2,411,19,37,469,3,819,73,167,1062,5,223,38,48,314,4,81,7,29,121,0,342,13,32,387,9,545,39,121,714,1,113,7,20,141,63,2820,212,505,3600
89,2023,31,21,11,64,127,4,291,13,14,322,1,417,16,36,470,2,779,59,164,1004,3,266,46,51,366,3,76,11,16,106,0,370,13,25,408,9,591,38,97,735,0,119,5,17,141,53,2930,212,484,3679
89,2024,30,11,14,65,120,1,330,13,14,358,0,462,13,37,512,5,909,66,186,1166,4,242,31,69,346,7,93,12,18,130,0,437,17,26,480,11,644,45,118,818,0,124,5,37,166,58,3252,216,570,4096
90,2012,3,7,5,1,16,1,97,4,0,102,1,92,10,0,103,0,170,59,5,234,0,94,43,4,141,2,10,7,2,21,1,32,8,3,44,1,100,34,6,141,1,23,5,3,32,10,625,175,24,834
90,2013,3,6,11,6,26,4,95,6,1,106,0,109,14,0,123,0,274,73,9,356,2,91,43,6,142,2,6,11,2,21,0,33,8,3,44,0,114,14,5,133,0,29,2,3,34,11,757,182,35,985
90,2014,3,8,5,4,20,1,85,2,2,90,1,85,7,1,94,2,230,78,24,334,1,78,34,10,123,1,5,2,3,11,0,43,13,2,58,1,97,23,11,132,0,18,4,1,23,10,649,168,58,885
90,2015,1,3,9,1,14,0,73,6,2,81,0,69,11,2,82,3,175,51,37,266,0,63,21,19,103,0,4,9,12,25,0,29,4,3,36,0,89,24,17,130,0,18,0,4,22,4,523,135,97,759
90,2016,1,6,11,2,20,2,107,8,7,124,1,73,9,6,89,4,185,44,32,265,6,60,24,21,111,0,2,1,6,9,0,20,8,8,36,1,93,26,17,137,0,22,2,4,28,15,568,133,103,819
90,2017,4,5,4,1,14,1,99,4,2,106,1,77,6,8,92,0,261,40,57,358,2,53,32,28,115,0,9,3,11,23,0,42,7,8,57,2,81,19,35,137,0,19,3,3,25,10,646,118,153,927
90,2018,6,6,6,1,19,1,102,4,3,110,0,98,8,7,113,1,283,33,34,351,3,69,23,46,141,1,23,4,10,38,0,34,3,5,42,3,88,12,24,127,0,35,3,8,46,15,738,96,138,987
90,2019,2,3,7,10,22,22,110,7,2,141,0,125,5,9,139,1,370,27,47,445,2,75,18,33,128,0,30,5,7,42,0,46,3,8,57,2,133,20,29,184,0,39,2,6,47,29,931,94,151,1205
90,2020,3,6,5,10,24,2,117,4,3,126,0,147,4,10,161,1,549,33,57,640,2,96,12,21,131,0,37,7,12,56,0,77,2,8,87,0,173,18,40,231,0,40,0,5,45,8,1242,85,166,1501
90,2021,11,7,7,17,42,2,136,5,4,147,1,176,3,11,191,2,554,38,65,659,1,106,22,40,169,0,37,8,16,61,1,60,7,9,77,1,162,19,55,237,0,53,3,7,63,19,1291,112,224,1646
90,2022,2,2,5,20,29,1,113,11,5,130,1,189,7,4,201,0,349,26,52,427,2,97,17,27,143,1,29,11,21,62,0,110,2,9,121,2,213,15,36,266,0,63,1,1,65,9,1165,95,175,1444
90,2023,4,6,7,19,36,1,117,10,5,133,0,170,3,6,179,0,383,24,55,462,2,91,13,33,139,0,36,8,10,54,0,123,1,3,127,4,249,24,38,315,0,60,1,3,64,11,1235,91,172,1509
90,2024,2,6,7,21,36,1,134,5,2,142,1,175,6,9,191,1,389,28,63,481,0,106,17,27,150,0,34,2,8,44,0,128,3,11,142,0,248,17,52,317,0,73,1,6,80,5,1293,86,199,1583
91,2012,13,44,74,52,183,13,796,64,7,880,0,978,126,34,1138,5,1731,686,188,2610,34,818,595,98,1545,14,142,60,26,242,2,238,59,18,317,12,1561,423,192,2188,0,527,137,53,717,93,6835,2224,668,9820
91,2013,20,83,74,83,260,24,929,59,24,1036,1,880,116,39,1036,9,1746,628,307,2690,44,791,502,176,1513,11,108,49,27,195,5,245,51,33,334,9,1474,333,264,2080,1,415,102,92,610,124,6671,1914,1045,9754
91,2014,35,73,69,105,282,20,989,55,45,1109,3,889,98,67,1057,9,2035,632,447,3123,28,800,440,250,1518,7,150,52,36,245,2,286,45,55,388,16,1546,307,315,2184,2,421,90,106,619,122,7189,1788,1426,10525
91,2015,32,82,71,85,270,14,949,42,50,1055,5,775,65,91,936,7,1971,556,688,3222,22,560,368,331,1281,7,203,31,69,310,3,186,52,61,302,7,1465,261,430,2163,1,377,75,139,592,98,6568,1521,1944,10131
91,2016,22,78,63,103,266,17,996,32,68,1113,3,837,66,111,1017,18,2373,481,1007,3879,37,547,350,386,1320,5,165,54,61,285,5,186,34,69,294,21,1685,266,520,2492,1,399,86,200,686,129,7266,1432,2525,11352
91,2017,19,91,64,140,314,12,1047,28,66,1153,4,922,60,134,1120,11,2894,399,1050,4354,45,515,276,417,1253,6,262,39,69,376,1,201,33,87,322,19,2040,223,617,2899,3,439,87,235,764,120,8411,1209,2815,12555
91,2018,29,74,64,92,259,12,1107,49,61,1229,3,1117,61,137,1318,9,3931,365,1029,5334,24,674,275,459,1432,7,331,45,82,465,1,245,24,73,343,13,2743,202,608,3566,1,575,85,290,951,99,10797,1170,2831,14897
91,2019,34,111,54,138,337,11,1408,54,66,1539,4,1346,55,171,1576,13,5278,361,1059,6711,40,953,259,566,1818,10,325,56,95,486,0,369,31,91,491,11,3289,199,696,4195,1,730,70,304,1105,124,13809,1139,3186,18258
91,2020,34,98,63,189,384,14,1299,48,68,1429,2,1289,58,159,1508,4,7171,314,1186,8675,27,1021,228,602,1878,9,360,62,135,566,1,439,25,85,550,8,3180,202,741,4131,0,764,69,326,1159,99,15621,1069,3491,20280
91,2021,39,128,76,224,467,12,1752,65,138,1967,1,1777,66,145,1989,14,7100,351,1357,8822,34,870,245,700,1849,13,432,67,144,656,1,493,30,104,628,8,3769,201,829,4807,0,1019,61,341,1421,122,17340,1162,3982,22606
91,2022,32,119,72,298,521,4,1936,78,152,2170,1,1920,50,212,2183,14,5121,318,1390,6843,83,1060,279,737,2159,16,356,61,179,612,2,635,27,102,766,18,5056,212,1036,6322,0,1113,57,347,1517,170,17316,1154,4453,23093
91,2023,24,99,57,289,469,8,1796,71,131,2006,3,2024,45,186,2258,24,5284,303,1403,7014,48,1159,195,605,2007,10,383,63,120,576,1,720,27,89,837,10,4987,199,947,6143,1,1433,65,377,1876,129,17885,1025,4147,23186
91,2024,33,86,59,308,486,4,1850,77,119,2050,0,2115,59,228,2402,13,5802,266,1501,7582,45,1094,176,626,1941,7,364,61,147,579,1,815,20,108,944,13,4665,212,1032,5922,1,1347,51,357,1756,117,18138,981,4426,23662
92,2012,70,135,198,189,592,15,1474,137,49,1675,6,1331,165,38,1540,17,1992,1024,364,3397,183,771,581,95,1630,53,196,143,89,481,1,315,71,39,426,50,3535,1101,691,5377,6,1145,406,335,1892,401,10894,3826,1889,17010
92,2013,99,148,161,237,645,21,1452,130,89,1692,7,1220,195,82,1504,11,2285,1030,497,3823,185,710,520,187,1602,50,178,140,90,458,3,332,66,74,475,57,3338,899,920,5214,3,1122,362,393,1880,436,10785,3503,2569,17293
92,2014,103,166,166,287,722,23,1607,107,84,1821,8,1224,149,119,1500,19,2551,897,730,4197,211,762,439,242,1654,60,224,131,138,553,0,339,54,58,451,38,3528,854,1234,5654,8,1080,324,522,1934,470,11481,3121,3414,18486
92,2015,100,160,133,341,734,24,1690,87,114,1915,5,1239,134,167,1545,12,2759,779,1151,4701,172,571,320,261,1324,66,261,112,152,591,1,267,38,114,420,41,3747,658,1486,5932,5,946,286,639,1876,426,11640,2547,4425,19038
92,2016,84,136,185,410,815,23,1863,110,135,2131,5,1400,102,196,1703,20,4001,657,1669,6347,179,494,271,356,1300,58,340,150,219,767,2,239,36,123,400,52,4309,615,1791,6767,6,1044,284,776,2110,429,13826,2410,5675,22340
92,2017,135,156,161,440,892,29,2039,95,157,2320,2,1489,95,195,1781,17,5095,471,1715,7298,224,460,250,416,1350,42,419,126,225,812,2,274,41,178,495,33,5497,570,1949,8049,3,1187,245,975,2410,487,16616,2054,6250,25407
92,2018,139,220,166,494,1019,25,2367,96,164,2652,6,1781,84,239,2110,10,6668,474,1632,8784,244,562,218,449,1473,78,617,174,269,1138,1,372,33,138,544,45,6797,501,2076,9419,5,1419,230,1002,2656,553,20803,1976,6463,29795
92,2019,132,258,152,567,1109,16,2744,112,150,3022,6,1922,82,236,2246,17,6359,509,1614,8499,262,633,206,531,1632,82,612,165,368,1227,0,531,40,177,748,58,8128,507,2409,11102,3,1654,214,1070,2941,576,22841,1987,7122,32526
92,2020,107,261,110,671,1149,21,2382,87,177,2667,2,1733,62,250,2047,12,7991,362,1599,9964,221,646,209,516,1592,67,586,219,426,1298,0,511,33,247,791,52,7422,460,2285,10219,5,1738,148,1092,2983,487,23270,1690,7263,32710
92,2021,158,335,147,860,1500,10,3028,103,280,3421,6,2324,70,277,2677,16,6975,413,1914,9318,261,559,199,626,1645,82,662,234,495,1473,2,501,35,293,831,33,7878,498,2640,11049,7,2029,150,1208,3394,575,24291,1849,8593,35308
92,2022,195,249,146,807,1397,10,3200,122,420,3752,3,2626,70,322,3021,33,5049,481,1883,7446,235,589,199,613,1636,104,645,232,572,1553,1,589,29,294,913,35,9164,536,2987,12722,3,2325,202,1303,3833,619,24436,2017,9201,36273
92,2023,123,173,125,851,1272,8,3148,135,316,3607,4,2881,75,357,3317,28,6263,912,1799,9002,185,636,145,537,1503,63,506,186,392,1147,2,511,35,270,818,43,8744,503,2947,12237,3,2637,150,1210,4000,459,25499,2266,8679,36903
92,2024,132,252,129,896,1409,11,3248,120,343,3722,1,3026,86,381,3494,19,6271,310,1923,8523,165,649,132,626,1572,59,431,180,390,1060,4,539,37,264,844,60,8422,545,3253,12280,5,3016,154,1157,4332,456,25854,1693,9233,37236
93,2012,138,426,683,343,1590,106,6767,434,111,7418,28,7510,878,143,8559,137,13770,6599,1271,21777,312,9042,4989,572,14915,128,1012,880,243,2263,6,2460,740,215,3421,121,10752,2700,964,14537,21,2393,634,292,3340,997,54132,18537,4154,77820
93,2013,232,395,617,476,1720,104,7184,384,194,7866,36,6617,717,286,7656,128,13993,6063,2304,22488,325,7908,4540,1095,13868,135,826,704,368,2033,38,2287,631,337,3293,130,10583,2349,1487,14549,31,2127,502,370,3030,1159,51920,16507,6917,76503
93,2014,223,394,580,599,1796,112,7367,384,235,8098,28,6396,629,425,7478,145,14355,5526,3331,23357,236,7645,3800,1644,13325,110,954,631,482,2177,23,2516,580,408,3527,111,10644,2032,2039,14826,19,2009,416,538,2982,1007,52280,14578,9701,77566
93,2015,254,353,567,661,1835,115,7572,342,304,8333,26,5995,595,586,7202,134,14237,4558,4874,23803,293,6392,2940,2275,11900,99,1021,571,596,2287,6,1835,539,464,2844,124,10228,1876,2462,14690,17,1881,322,656,2876,1068,49514,12310,12878,75770
93,2016,228,362,615,768,1973,117,7836,362,398,8713,29,5906,489,725,7149,113,16198,3967,6610,26888,360,5449,2529,2898,11236,106,993,568,720,2387,30,1810,470,601,2911,130,10741,1635,3308,15814,19,1885,291,896,3091,1132,51180,10926,16924,80162
93,2017,301,393,563,835,2092,89,7966,350,457,8862,24,6564,427,907,7922,121,19435,3501,7257,30314,348,5383,2221,3362,11314,94,1260,566,793,2713,46,1879,418,712,3055,113,12265,1532,3581,17491,19,2189,273,1049,3530,1155,57334,9851,18953,87293
93,2018,335,503,557,752,2147,88,9049,330,431,9898,24,7824,438,918,9204,100,26780,3263,7060,37203,358,6411,2044,3439,12252,133,1641,647,944,3365,10,2136,374,553,3073,118,15877,1491,3772,21258,7,2767,319,1135,4228,1173,72988,9463,19004,102628
93,2019,359,493,504,1126,2482,87,9774,445,482,10788,18,9509,449,966,10942,98,29562,3035,7431,40126,369,7615,2074,3812,13870,125,1835,656,1170,3786,12,3097,401,772,4282,104,19740,1538,4266,25648,13,3445,252,1219,4929,1185,85070,9354,21244,116853
93,2020,287,494,349,1436,2566,107,8874,389,533,9903,19,9082,368,957,10426,110,35243,2615,7173,45141,339,8258,1885,3757,14239,173,2285,572,1295,4325,10,3377,346,793,4526,105,19653,1361,4511,25630,11,3631,251,1241,5134,1161,90897,8136,21696,121890
93,2021,391,538,464,2095,3488,62,11123,509,892,12586,28,11989,445,1093,13555,106,39101,3063,8799,51069,460,8328,2082,4563,15433,183,2776,704,1828,5491,7,4059,375,1038,5479,122,24133,1602,5562,31419,8,4655,327,1401,6391,1367,106702,9571,27271,144911
93,2022,387,582,469,2213,3651,40,11426,639,1197,13302,18,14104,483,1287,15892,133,29782,2988,8382,41285,377,9423,2077,4748,16625,201,2748,801,1937,5687,1,4609,337,992,5939,139,30286,1826,6151,38402,22,6608,285,1503,8418,1318,109568,9905,28410,149201
93,2023,351,422,426,2117,3316,52,11080,543,761,12436,22,13965,425,1209,15621,107,29836,3268,8500,41711,390,9183,1508,4084,15165,134,2787,717,1540,5178,12,4771,294,972,6049,138,29310,1696,6032,37176,22,6029,248,1393,7692,1228,107383,9125,26608,144344
93,2024,330,452,479,2353,3614,46,11374,525,777,12722,27,14474,465,1473,16439,97,32829,2660,9454,45040,287,9463,1494,4378,15622,106,2410,621,1606,4743,9,4777,293,1106,6185,151,28864,1682,6335,37032,27,6390,263,1558,8238,1080,111033,8482,29040,149635
94,2012,43,98,137,61,339,22,1301,99,31,1453,6,1398,180,39,1623,18,2744,1223,241,4226,86,1625,908,133,2752,12,141,123,45,321,2,408,106,28,544,16,2933,685,261,3895,0,881,221,109,1211,205,11529,3682,948,16364
94,2013,39,103,107,104,353,20,1485,90,52,1647,5,1316,162,73,1556,27,2874,1206,471,4578,78,1486,766,237,2567,17,125,117,62,321,1,464,113,54,632,25,2620,587,405,3637,3,784,187,124,1098,215,11257,3335,1582,16389
94,2014,65,111,118,119,413,17,1455,70,63,1605,5,1406,164,113,1688,13,3142,1023,695,4873,79,1517,714,381,2691,13,149,97,83,342,3,520,79,82,684,23,2765,536,551,3875,4,727,163,167,1061,222,11792,2964,2254,17232
94,2015,68,120,123,156,467,24,1504,73,85,1686,5,1427,124,159,1715,40,3148,899,1148,5235,71,1169,515,457,2212,8,159,99,107,373,2,401,87,117,607,33,2680,434,651,3798,3,663,170,273,1109,254,11271,2524,3153,17202
94,2016,86,118,109,176,489,26,1740,76,112,1954,6,1510,93,187,1796,19,3714,792,1739,6264,94,1021,410,621,2146,13,183,107,118,421,1,358,68,159,586,26,3153,389,872,4440,3,691,145,370,1209,274,12488,2189,4354,19305
94,2017,75,151,98,199,523,26,1947,73,128,2174,10,1513,115,235,1873,13,4784,669,1807,7273,82,1077,377,808,2344,15,224,114,161,514,2,392,65,143,602,22,3818,335,1059,5234,6,777,143,460,1386,251,14683,1989,5000,21923
94,2018,102,160,101,210,573,20,2022,90,127,2259,4,1741,99,227,2071,15,7225,665,1809,9714,96,1232,363,746,2437,21,266,123,167,577,4,516,49,150,719,35,5061,342,1137,6575,2,973,138,462,1575,299,19196,1970,5035,26500
94,2019,96,176,112,290,674,22,2269,91,126,2508,5,2132,78,259,2474,15,7994,665,1900,10574,107,1459,366,858,2790,15,348,128,238,729,0,647,57,168,872,25,6111,304,1301,7741,4,1259,119,590,1972,289,22395,1920,5730,30334
94,2020,92,172,78,404,746,25,2284,75,141,2525,3,1835,59,226,2123,30,10127,498,1840,12495,75,1435,334,850,2694,19,398,133,264,814,2,580,39,164,785,24,5665,308,1334,7331,2,1237,105,521,1865,272,23733,1629,5744,31378
94,2021,94,178,88,526,886,23,2772,98,239,3132,1,2294,88,264,2647,25,9177,571,2200,11973,92,1207,322,983,2604,36,461,164,385,1046,0,707,47,202,956,18,6598,338,1649,8603,0,1567,98,614,2279,289,24961,1814,7062,34126
94,2022,98,179,106,573,956,8,2980,103,271,3362,0,2721,81,322,3124,23,6660,669,2147,9499,89,1505,340,980,2914,33,457,194,366,1050,1,796,26,228,1051,29,8242,316,1771,10358,0,1779,130,664,2573,281,25319,1965,7322,34887
94,2023,84,115,86,571,856,9,3017,105,175,3306,4,2984,83,308,3379,27,7232,629,2181,10069,107,1622,235,835,2799,24,509,161,293,987,3,914,30,200,1147,35,8092,305,1993,10425,1,2254,97,688,3040,294,26739,1731,7244,36008
94,2024,94,131,88,600,913,9,2968,91,220,3288,4,3271,85,381,3741,28,8473,537,2398,11436,82,1725,233,943,2983,8,422,131,334,895,2,1048,37,219,1306,38,7492,381,2151,10062,2,2302,98,639,3041,267,27832,1681,7885,37665
95,2012,17,100,49,33,199,7,721,68,9,805,4,858,138,28,1028,17,1939,812,141,2909,15,887,724,67,1693,12,93,50,21,176,2,242,79,26,349,9,1483,422,148,2062,0,500,137,59,696,83,6823,2479,532,9917
95,2013,8,57,46,51,162,11,812,73,21,917,1,749,106,34,890,14,2018,794,281,3107,18,836,664,166,1684,9,115,55,23,202,1,264,64,36,365,13,1418,366,219,2016,3,421,129,83,636,78,6690,2297,914,9979
95,2014,15,72,40,61,188,15,812,60,43,930,2,693,114,65,874,7,2217,762,444,3430,16,821,581,246,1664,10,106,48,37,201,2,302,58,44,406,11,1466,352,297,2126,0,410,128,104,642,78,6899,2143,1341,10461
95,2015,23,91,42,65,221,9,867,43,54,973,2,755,90,68,915,15,2375,706,789,3885,14,557,442,297,1310,5,141,40,44,230,7,201,46,59,313,8,1355,279,401,2043,1,372,97,155,625,84,6714,1785,1932,10515
95,2016,15,95,49,81,240,12,930,42,66,1050,2,770,69,100,941,22,2781,571,1307,4681,15,534,378,433,1360,5,229,37,61,332,3,186,44,56,289,10,1587,260,559,2416,0,400,89,202,691,84,7512,1539,2865,12000
95,2017,17,100,60,111,288,15,1046,33,78,1172,3,843,53,134,1033,17,3197,463,1286,4963,15,501,367,533,1416,12,250,33,66,361,13,252,30,92,387,15,1873,209,652,2749,0,433,79,244,756,107,8495,1327,3196,13125
95,2018,27,117,64,110,318,7,1141,52,68,1268,3,981,63,141,1188,15,4862,501,1371,6749,17,684,341,565,1607,10,341,45,84,480,3,251,32,103,389,12,2759,227,718,3716,0,542,88,300,930,94,11678,1413,3460,16645
95,2019,34,124,64,170,392,8,1387,52,68,1515,1,1237,55,142,1435,12,5848,445,1433,7738,20,879,347,655,1901,16,440,47,120,623,2,367,35,87,491,12,3522,206,804,4544,0,706,82,368,1156,105,14510,1333,3847,19795
95,2020,25,112,64,218,419,9,1350,46,70,1475,2,1169,52,147,1370,13,7587,380,1377,9357,16,801,301,784,1902,17,441,56,148,662,13,388,21,105,527,13,3264,196,923,4396,0,776,89,351,1216,108,15888,1205,4123,21324
95,2021,40,146,66,296,548,8,1703,50,160,1921,1,1537,46,211,1795,16,7704,393,1690,9803,20,780,315,912,2027,21,501,60,184,766,2,462,18,107,589,16,3644,223,1071,4954,0,985,53,433,1471,124,17462,1224,5064,23874
95,2022,45,114,66,317,542,9,1975,78,218,2280,1,1753,66,212,2032,28,5289,386,1683,7386,24,891,272,925,2112,10,461,49,162,682,2,513,34,131,680,12,4986,222,1181,6401,0,1225,66,440,1731,131,17207,1239,5269,23846
95,2023,36,99,62,321,518,6,1872,69,158,2105,1,1933,47,186,2167,15,5809,289,1638,7751,37,862,198,818,1915,8,356,55,124,543,2,584,20,103,709,12,4831,194,1097,6134,4,1451,61,489,2005,121,17797,995,4934,23847
95,2024,38,94,68,359,559,2,1872,63,163,2100,3,1932,46,218,2199,15,6498,304,1793,8610,40,970,187,960,2157,11,262,45,133,451,1,618,19,104,742,17,4590,183,1287,6077,1,1525,52,507,2085,128,18361,967,5524,24980
